{
  "summary": {
    "successRate": 1.0,
    "total": 15.000630726,
    "slowest": 0.043012369,
    "fastest": 0.00003693,
    "average": 0.00030349331150721564,
    "requestsPerSec": 328238.6647559955,
    "totalData": 68931618,
    "sizePerRequest": 14,
    "sizePerSec": 4595247.977174956
  },
  "responseTimeHistogram": {
    "0.00003693": 1,
    "0.004334473900000001": 4923571,
    "0.0086320178": 36,
    "0.012929561700000002": 0,
    "0.017227105600000004": 0,
    "0.021524649500000003": 0,
    "0.025822193400000006": 0,
    "0.030119737300000008": 0,
    "0.034417281200000004": 0,
    "0.0387148251": 15,
    "0.043012369": 64
  },
  "latencyPercentiles": {
    "p10": 0.000177748,
    "p25": 0.000218276,
    "p50": 0.00027103,
    "p75": 0.000342027,
    "p90": 0.000460055,
    "p95": 0.000573583,
    "p99": 0.000842366,
    "p99.9": 0.001277538,
    "p99.99": 0.001814828
  },
  "rps": {
    "mean": 328638.6334423586,
    "stddev": 20725.079046599378,
    "max": 351893.0405199306,
    "percentiles": {
      "p10": 318517.48660999746,
      "p25": 325012.5193342152,
      "p50": 330737.77025335195,
      "p75": 335988.2917844495,
      "p90": 340094.648340618,
      "p95": 342895.0162089726,
      "p99": 346628.94351678446,
      "p99.9": 350372.94764770626,
      "p99.99": 351893.0405199306
    }
  },
  "details": {
    "DNSDialup": {
      "average": 0.00010881349273460983,
      "fastest": 9.928e-6,
      "slowest": 0.039197635
    },
    "DNSLookup": {
      "average": 2.5591311230794272e-6,
      "fastest": 1.187e-6,
      "slowest": 0.001512687
    }
  },
  "statusCodeDistribution": {
    "200": 4923687
  },
  "errorDistribution": {
    "aborted due to deadline": 100
  }
}