{
  "summary": {
    "successRate": 0.6967973976686389,
    "total": 15.000158995,
    "slowest": 0.035670673,
    "fastest": 0.000112129,
    "average": 0.000521946813806612,
    "requestsPerSec": 272702.8427741009,
    "totalData": 39903360,
    "sizePerRequest": 14,
    "sizePerSec": 2660195.802811222
  },
  "responseTimeHistogram": {
    "0.000112129": 1,
    "0.0036679834": 2850160,
    "0.0072238378": 0,
    "0.010779692200000001": 0,
    "0.0143355466": 0,
    "0.017891400999999998": 0,
    "0.0214472554": 0,
    "0.0250031098": 2,
    "0.0285589642": 4,
    "0.032114818600000004": 5,
    "0.035670673": 68
  },
  "latencyPercentiles": {
    "p10": 0.000482429,
    "p25": 0.000488893,
    "p50": 0.000495535,
    "p75": 0.000502814,
    "p90": 0.00051574,
    "p95": 0.000667607,
    "p99": 0.001204742,
    "p99.9": 0.001869226,
    "p99.99": 0.002552797
  },
  "rps": {
    "mean": 190213.09547988695,
    "stddev": 15467.128228618178,
    "max": 204390.23829019658,
    "percentiles": {
      "p10": 176104.92567880126,
      "p25": 185912.2910237769,
      "p50": 194283.13375294773,
      "p75": 199258.8809993622,
      "p90": 201067.27711092032,
      "p95": 201719.24401587943,
      "p99": 203211.70499420585,
      "p99.9": 203858.42582486366,
      "p99.99": 204390.23829019658
    }
  },
  "details": {
    "DNSDialup": {
      "average": 0.00001594774601542335,
      "fastest": 7.886e-6,
      "slowest": 0.034564467
    },
    "DNSLookup": {
      "average": 1.320469943583654e-6,
      "fastest": 9.37e-7,
      "slowest": 0.001688313
    }
  },
  "statusCodeDistribution": {
    "200": 2850240
  },
  "errorDistribution": {
    "aborted due to deadline": 100,
    "connection closed before message completed": 773906,
    "connection error": 400,
    "operation was canceled": 465940
  }
}