{
  "summary": {
    "successRate": 1.0,
    "total": 15.000598108,
    "slowest": 0.030426236,
    "fastest": 0.000172051,
    "average": 0.0005256770447949163,
    "requestsPerSec": 189970.0918245546,
    "totalData": 39893910,
    "sizePerRequest": 14,
    "sizePerSec": 2659487.9559318437
  },
  "responseTimeHistogram": {
    "0.000172051": 1,
    "0.0031974695": 2849485,
    "0.006222888": 0,
    "0.0092483065": 0,
    "0.012273725": 0,
    "0.0152991435": 0,
    "0.018324562": 0,
    "0.021349980499999997": 0,
    "0.024375399": 0,
    "0.0274008175": 38,
    "0.030426236": 41
  },
  "latencyPercentiles": {
    "p10": 0.000483701,
    "p25": 0.000490168,
    "p50": 0.000497189,
    "p75": 0.000505142,
    "p90": 0.000525339,
    "p95": 0.000665471,
    "p99": 0.001190753,
    "p99.9": 0.0017567,
    "p99.99": 0.002353211
  },
  "rps": {
    "mean": 190200.44300331676,
    "stddev": 15543.557531103203,
    "max": 206800.27745453696,
    "percentiles": {
      "p10": 173041.1838017441,
      "p25": 185922.4727710251,
      "p50": 194441.67020090812,
      "p75": 200271.31661584642,
      "p90": 201823.47206979422,
      "p95": 202613.0986316561,
      "p99": 203592.75686002502,
      "p99.9": 205837.2977183656,
      "p99.99": 206800.27745453696
    }
  },
  "details": {
    "DNSDialup": {
      "average": 0.000017545341759531576,
      "fastest": 7.98e-6,
      "slowest": 0.02818777
    },
    "DNSLookup": {
      "average": 1.3722029976504941e-6,
      "fastest": 9.35e-7,
      "slowest": 0.002426506
    }
  },
  "statusCodeDistribution": {
    "200": 2849565
  },
  "errorDistribution": {
    "aborted due to deadline": 100
  }
}