{
  "summary": {
    "successRate": 1.0,
    "total": 15.00102377,
    "slowest": 0.043227825,
    "fastest": 0.000029588,
    "average": 0.0002513520273810289,
    "requestsPerSec": 396673.12653021683,
    "totalData": 83305642,
    "sizePerRequest": 14,
    "sizePerSec": 5553330.444459392
  },
  "responseTimeHistogram": {
    "0.000029588": 1,
    "0.0043494117": 5950229,
    "0.008669235400000001": 0,
    "0.012989059100000002": 0,
    "0.0173088828": 94,
    "0.0216287065": 2,
    "0.025948530200000004": 5,
    "0.030268353900000003": 66,
    "0.0345881776": 0,
    "0.0389080013": 0,
    "0.043227825": 6
  },
  "latencyPercentiles": {
    "p10": 0.000177172,
    "p25": 0.00020538,
    "p50": 0.000238926,
    "p75": 0.000277585,
    "p90": 0.000322274,
    "p95": 0.000361892,
    "p99": 0.000591002,
    "p99.9": 0.001025692,
    "p99.99": 0.001710127
  },
  "rps": {
    "mean": 396802.7331735949,
    "stddev": 32676.538625891324,
    "max": 426804.0973193365,
    "percentiles": {
      "p10": 384112.36841827113,
      "p25": 393150.087321122,
      "p50": 400971.8541562355,
      "p75": 407807.13662483817,
      "p90": 412818.3704174907,
      "p95": 415212.6639862526,
      "p99": 420415.7235480637,
      "p99.9": 423773.31278316426,
      "p99.99": 426804.0973193365
    }
  },
  "details": {
    "DNSDialup": {
      "average": 0.00011026894690862974,
      "fastest": 9.252e-6,
      "slowest": 0.027854168
    },
    "DNSLookup": {
      "average": 1.9222427859086174e-6,
      "fastest": 9.47e-7,
      "slowest": 0.001505752
    }
  },
  "statusCodeDistribution": {
    "200": 5950403
  },
  "errorDistribution": {
    "aborted due to deadline": 100
  }
}