{
  "summary": {
    "successRate": 0.6415135851107404,
    "total": 15.000293256,
    "slowest": 0.032323203,
    "fastest": 0.000156381,
    "average": 0.0007394852982303969,
    "requestsPerSec": 208174.13011248663,
    "totalData": 28044422,
    "sizePerRequest": 14,
    "sizePerSec": 1869591.582070067
  },
  "responseTimeHistogram": {
    "0.000156381": 1,
    "0.0033730632000000004": 2002432,
    "0.0065897454": 661,
    "0.0098064276": 0,
    "0.013023109800000002": 0,
    "0.016239792000000003": 0,
    "0.0194564742": 0,
    "0.022673156400000002": 0,
    "0.025889838600000003": 0,
    "0.029106520800000004": 49,
    "0.032323203": 30
  },
  "latencyPercentiles": {
    "p10": 0.000507606,
    "p25": 0.000519417,
    "p50": 0.000664809,
    "p75": 0.000926764,
    "p90": 0.001133678,
    "p95": 0.001208835,
    "p99": 0.001379953,
    "p99.9": 0.001874319,
    "p99.99": 0.00431946
  },
  "rps": {
    "mean": 133639.54092749234,
    "stddev": 26631.47338217031,
    "max": 194207.92368329057,
    "percentiles": {
      "p10": 101417.3220786097,
      "p25": 115202.96071609226,
      "p50": 131717.75555344645,
      "p75": 150845.03267107074,
      "p90": 172832.89121002879,
      "p95": 182262.02376667573,
      "p99": 191313.2962740738,
      "p99.9": 193794.78502935567,
      "p99.99": 194207.92368329057
    }
  },
  "details": {
    "DNSDialup": {
      "average": 0.000016358544564049116,
      "fastest": 7.693e-6,
      "slowest": 0.030657635
    },
    "DNSLookup": {
      "average": 1.385761356607749e-6,
      "fastest": 9.17e-7,
      "slowest": 0.002478999
    }
  },
  "statusCodeDistribution": {
    "200": 2003173
  },
  "errorDistribution": {
    "aborted due to deadline": 100,
    "connection closed before message completed": 760517,
    "connection error": 1012,
    "operation was canceled": 357871
  }
}