{
  "summary": {
    "successRate": 1.0,
    "total": 15.000266394,
    "slowest": 0.019689091,
    "fastest": 0.000179854,
    "average": 0.0007909060597645791,
    "requestsPerSec": 126298.82365007816,
    "totalData": 26521824,
    "sizePerRequest": 14,
    "sizePerSec": 1768090.1994252943
  },
  "responseTimeHistogram": {
    "0.000179854": 1,
    "0.0021307776999999997": 1891392,
    "0.004081701399999999": 2576,
    "0.006032625099999999": 368,
    "0.007983548799999999": 0,
    "0.0099344725": 0,
    "0.011885396199999999": 0,
    "0.0138363199": 0,
    "0.015787243599999997": 0,
    "0.0177381673": 12,
    "0.019689091": 67
  },
  "latencyPercentiles": {
    "p10": 0.000512499,
    "p25": 0.000536045,
    "p50": 0.000702326,
    "p75": 0.0009653,
    "p90": 0.001180163,
    "p95": 0.001215835,
    "p99": 0.00155446,
    "p99.9": 0.002506122,
    "p99.99": 0.005018368
  },
  "rps": {
    "mean": 126270.44065961118,
    "stddev": 24875.924428249582,
    "max": 194850.81709311856,
    "percentiles": {
      "p10": 98228.51573811595,
      "p25": 109374.26601805158,
      "p50": 124971.18552993679,
      "p75": 141560.2763656753,
      "p90": 158149.65702046358,
      "p95": 170712.44493723824,
      "p99": 189237.213658412,
      "p99.9": 194300.0194300077,
      "p99.99": 194850.81709311856
    }
  },
  "details": {
    "DNSDialup": {
      "average": 0.000018017465874972504,
      "fastest": 7.928e-6,
      "slowest": 0.017639136
    },
    "DNSLookup": {
      "average": 1.5331403503771088e-6,
      "fastest": 9.23e-7,
      "slowest": 0.001200189
    }
  },
  "statusCodeDistribution": {
    "200": 1894416
  },
  "errorDistribution": {
    "aborted due to deadline": 100
  }
}