{
  "summary": {
    "successRate": 0.9953455419617829,
    "total": 15.001603781,
    "slowest": 0.061212149,
    "fastest": 0.000039088,
    "average": 0.0002487299818168969,
    "requestsPerSec": 401857.9671885016,
    "totalData": 84004970,
    "sizePerRequest": 14,
    "sizePerSec": 5599732.617014917
  },
  "responseTimeHistogram": {
    "0.000039088": 1,
    "0.0061563940999999995": 6000275,
    "0.0122737002": 0,
    "0.0183910063": 0,
    "0.0245083124": 0,
    "0.0306256185": 0,
    "0.0367429246": 0,
    "0.0428602307": 0,
    "0.0489775368": 0,
    "0.055094842899999996": 3,
    "0.061212149": 76
  },
  "latencyPercentiles": {
    "p10": 0.00017583,
    "p25": 0.000203658,
    "p50": 0.000236527,
    "p75": 0.000274188,
    "p90": 0.000317714,
    "p95": 0.000356573,
    "p99": 0.000595473,
    "p99.9": 0.000902704,
    "p99.99": 0.001463149
  },
  "rps": {
    "mean": 401307.40143840684,
    "stddev": 23674.594837326575,
    "max": 431305.7363663178,
    "percentiles": {
      "p10": 386916.40234384016,
      "p25": 395827.58918297203,
      "p50": 404089.3037361299,
      "p75": 411566.7561278198,
      "p90": 416838.9731226058,
      "p95": 419356.2101882672,
      "p99": 423258.0286757299,
      "p99.9": 427866.9183860332,
      "p99.99": 431305.7363663178
    }
  },
  "details": {
    "DNSDialup": {
      "average": 0.0001104326075052198,
      "fastest": 9.166e-6,
      "slowest": 0.059461145
    },
    "DNSLookup": {
      "average": 1.8522005473009305e-6,
      "fastest": 9.25e-7,
      "slowest": 0.001588626
    }
  },
  "statusCodeDistribution": {
    "200": 6000355
  },
  "errorDistribution": {
    "aborted due to deadline": 100,
    "connection closed before message completed": 23921,
    "connection error": 855,
    "operation was canceled": 3283
  }
}