{
  "summary": {
    "successRate": 1.0,
    "total": 15.000681375,
    "slowest": 0.035882263,
    "fastest": 0.000035838,
    "average": 0.0002501773096945297,
    "requestsPerSec": 398524.09704289184,
    "totalData": 83692462,
    "sizePerRequest": 14,
    "sizePerSec": 5579244.029506627
  },
  "responseTimeHistogram": {
    "0.000035838": 1,
    "0.0036204804999999994": 5977871,
    "0.007205122999999999": 1,
    "0.0107897655": 0,
    "0.014374407999999998": 0,
    "0.017959050499999997": 84,
    "0.021543693": 57,
    "0.025128335499999998": 0,
    "0.028712977999999997": 0,
    "0.0322976205": 1,
    "0.035882263": 18
  },
  "latencyPercentiles": {
    "p10": 0.000176645,
    "p25": 0.000204658,
    "p50": 0.000237663,
    "p75": 0.000275463,
    "p90": 0.000319418,
    "p95": 0.000359172,
    "p99": 0.000604337,
    "p99.9": 0.001048311,
    "p99.99": 0.001770402
  },
  "rps": {
    "mean": 398675.35091160506,
    "stddev": 32389.01806843972,
    "max": 426620.09355635423,
    "percentiles": {
      "p10": 385115.64077917434,
      "p25": 395018.8423988061,
      "p50": 402391.0208489147,
      "p75": 410201.640806562,
      "p90": 415512.04984945507,
      "p95": 418272.9649369247,
      "p99": 422326.4022921708,
      "p99.9": 426455.69511377823,
      "p99.99": 426620.09355635423
    }
  },
  "details": {
    "DNSDialup": {
      "average": 0.00011063923208067438,
      "fastest": 8.802e-6,
      "slowest": 0.019387983
    },
    "DNSLookup": {
      "average": 1.8924962724360758e-6,
      "fastest": 9.55e-7,
      "slowest": 0.001522321
    }
  },
  "statusCodeDistribution": {
    "200": 5978033
  },
  "errorDistribution": {
    "aborted due to deadline": 100
  }
}