{
  "summary": {
    "successRate": 0.8757728415256238,
    "total": 15.002542825,
    "slowest": 0.035459338,
    "fastest": 0.000033068,
    "average": 0.0001693053836074919,
    "requestsPerSec": 661768.9491581238,
    "totalData": 121727074,
    "sizePerRequest": 14,
    "sizePerSec": 8113762.808072504
  },
  "responseTimeHistogram": {
    "0.000033068": 1,
    "0.0035756950000000003": 8694478,
    "0.007118322000000001": 220,
    "0.010660949000000003": 16,
    "0.014203576000000002": 54,
    "0.017746203000000002": 0,
    "0.021288830000000005": 0,
    "0.024831457000000005": 20,
    "0.028374084000000004": 0,
    "0.031916711": 0,
    "0.035459338": 2
  },
  "latencyPercentiles": {
    "p10": 0.000085982,
    "p25": 0.000101287,
    "p50": 0.00013285,
    "p75": 0.000193069,
    "p90": 0.000264576,
    "p95": 0.000337801,
    "p99": 0.000751284,
    "p99.9": 0.001582251,
    "p99.99": 0.0028059
  },
  "firstByteHistogram": {
    "0.00003302": 1,
    "0.0035756455999999995": 8694478,
    "0.007118271199999999": 220,
    "0.010660896799999998": 16,
    "0.014203522399999998": 54,
    "0.017746148": 0,
    "0.021288773599999998": 0,
    "0.0248313992": 20,
    "0.028374024799999998": 0,
    "0.031916650399999996": 0,
    "0.035459276": 2
  },
  "firstBytePercentiles": {
    "p10": 0.000085934,
    "p25": 0.000101232,
    "p50": 0.000132794,
    "p75": 0.000193012,
    "p90": 0.000264518,
    "p95": 0.000337741,
    "p99": 0.00075122,
    "p99.9": 0.001582185,
    "p99.99": 0.002805841
  },
  "rps": {
    "mean": 579995.4358523346,
    "stddev": 32102.19972811934,
    "max": 642045.5824352853,
    "min": 39.93506239374278,
    "percentiles": {
      "p10": 552256.1092206914,
      "p25": 567929.5891315824,
      "p50": 582483.2368545652,
      "p75": 596369.2981123606,
      "p90": 608490.7259671951,
      "p95": 616230.2994405036,
      "p99": 625501.4386533302,
      "p99.9": 636473.492659798,
      "p99.99": 642045.5824352853
    }
  },
  "details": {
    "DNSDialup": {
      "average": 0.00003043811598749176,
      "fastest": 5.879e-6,
      "slowest": 0.024541639
    },
    "DNSLookup": {
      "average": 1.676203837792132e-6,
      "fastest": 7.11e-7,
      "slowest": 0.002781148
    },
    "firstByte": {
      "average": 0.00016925047861266192,
      "fastest": 0.00003302,
      "slowest": 0.035459276
    }
  },
  "statusCodeDistribution": {
    "200": 8694791
  },
  "errorDistribution": {
    "aborted due to deadline": 82,
    "connection closed before message completed": 54705,
    "connection error": 44255,
    "operation was canceled": 1134384
  }
}