{
  "summary": {
    "successRate": 1.0,
    "total": 15.000885149,
    "slowest": 0.05619905,
    "fastest": 0.000035602,
    "average": 0.0002523862512787961,
    "requestsPerSec": 395001.1576746857,
    "totalData": 82953738,
    "sizePerRequest": 14,
    "sizePerSec": 5529922.879619535
  },
  "responseTimeHistogram": {
    "0.000035602": 1,
    "0.0056519468": 5925094,
    "0.011268291599999999": 0,
    "0.0168846364": 0,
    "0.0225009812": 93,
    "0.028117325999999998": 0,
    "0.033733670800000004": 8,
    "0.0393500156": 64,
    "0.0449663604": 0,
    "0.0505827052": 0,
    "0.05619905": 7
  },
  "latencyPercentiles": {
    "p10": 0.000178181,
    "p25": 0.000206494,
    "p50": 0.000240011,
    "p75": 0.000278515,
    "p90": 0.000322789,
    "p95": 0.000361647,
    "p99": 0.000591824,
    "p99.9": 0.001014983,
    "p99.99": 0.001705738
  },
  "rps": {
    "mean": 395551.27940178313,
    "stddev": 31898.354125293892,
    "max": 422209.3736283901,
    "percentiles": {
      "p10": 384104.6860771567,
      "p25": 391733.6107438077,
      "p50": 399439.56418371625,
      "p75": 405960.45228563435,
      "p90": 411072.69163781527,
      "p95": 414141.7040696016,
      "p99": 418291.40874694585,
      "p99.9": 421070.7441867675,
      "p99.99": 422209.3736283901
    }
  },
  "details": {
    "DNSDialup": {
      "average": 0.0001109604425441132,
      "fastest": 9.324e-6,
      "slowest": 0.037134246
    },
    "DNSLookup": {
      "average": 1.9247311738015035e-6,
      "fastest": 9.53e-7,
      "slowest": 0.002366322
    }
  },
  "statusCodeDistribution": {
    "200": 5925267
  },
  "errorDistribution": {
    "aborted due to deadline": 100
  }
}