{
  "summary": {
    "successRate": 0.9950671112593532,
    "total": 15.001131816,
    "slowest": 0.034974954,
    "fastest": 0.000038159,
    "average": 0.00025062895231715935,
    "requestsPerSec": 399323.33596394554,
    "totalData": 83449142,
    "sizePerRequest": 14,
    "sizePerSec": 5562856.391342039
  },
  "responseTimeHistogram": {
    "0.000038159": 1,
    "0.0035318385": 5960570,
    "0.0070255180000000006": 3,
    "0.0105191975": 0,
    "0.014012877": 0,
    "0.0175065565": 0,
    "0.021000236000000002": 0,
    "0.0244939155": 0,
    "0.027987595": 0,
    "0.0314812745": 2,
    "0.034974954": 77
  },
  "latencyPercentiles": {
    "p10": 0.000177352,
    "p25": 0.000205505,
    "p50": 0.000238931,
    "p75": 0.000277439,
    "p90": 0.000321705,
    "p95": 0.000360668,
    "p99": 0.000591218,
    "p99.9": 0.00088273,
    "p99.99": 0.001158897
  },
  "rps": {
    "mean": 397973.6477984646,
    "stddev": 20018.204378099126,
    "max": 424755.67295416264,
    "percentiles": {
      "p10": 383626.240034817,
      "p25": 392065.20044280443,
      "p50": 400175.0328186503,
      "p75": 407339.59527930187,
      "p90": 412727.4050997022,
      "p95": 415470.63000712363,
      "p99": 419763.5818678641,
      "p99.9": 424046.041456671,
      "p99.99": 424755.67295416264
    }
  },
  "details": {
    "DNSDialup": {
      "average": 0.00011058433109543756,
      "fastest": 8.895e-6,
      "slowest": 0.034110185
    },
    "DNSLookup": {
      "average": 1.9005234262084695e-6,
      "fastest": 9.5e-7,
      "slowest": 0.000804099
    }
  },
  "statusCodeDistribution": {
    "200": 5960653
  },
  "errorDistribution": {
    "aborted due to deadline": 100,
    "connection closed before message completed": 25475,
    "connection error": 963,
    "operation was canceled": 3111
  }
}