{
  "summary": {
    "successRate": 1.0,
    "total": 15.002636106,
    "slowest": 0.03870065,
    "fastest": 0.000036357,
    "average": 0.0001717180289196762,
    "requestsPerSec": 579164.0174839017,
    "totalData": 121644446,
    "sizePerRequest": 14,
    "sizePerSec": 8108204.7941795215
  },
  "responseTimeHistogram": {
    "0.000036357": 1,
    "0.0039027863": 8688548,
    "0.0077692156000000005": 154,
    "0.011635644900000002": 0,
    "0.015502074200000002": 100,
    "0.019368503500000002": 19,
    "0.023234932800000004": 64,
    "0.0271013621": 0,
    "0.030967791400000003": 0,
    "0.0348342207": 0,
    "0.03870065": 3
  },
  "latencyPercentiles": {
    "p10": 0.000087702,
    "p25": 0.00010304,
    "p50": 0.000134657,
    "p75": 0.000194986,
    "p90": 0.000267251,
    "p95": 0.000340852,
    "p99": 0.000762755,
    "p99.9": 0.001617219,
    "p99.99": 0.002896921
  },
  "firstByteHistogram": {
    "0.000036299": 1,
    "0.0039027258000000004": 8688548,
    "0.007769152600000001": 154,
    "0.011635579400000002": 0,
    "0.015502006200000001": 100,
    "0.019368433": 19,
    "0.023234859800000004": 64,
    "0.027101286600000003": 0,
    "0.030967713400000003": 0,
    "0.0348341402": 0,
    "0.038700567": 3
  },
  "firstBytePercentiles": {
    "p10": 0.000087654,
    "p25": 0.000102982,
    "p50": 0.000134599,
    "p75": 0.000194929,
    "p90": 0.000267189,
    "p95": 0.000340789,
    "p99": 0.000762686,
    "p99.9": 0.001617174,
    "p99.99": 0.002896861
  },
  "rps": {
    "mean": 579130.5453020994,
    "stddev": 40326.14250693603,
    "max": 634508.3120589129,
    "min": 46.339308184712756,
    "percentiles": {
      "p10": 552700.5362275247,
      "p25": 567769.5517701099,
      "p50": 583225.101784336,
      "p75": 596752.8126239534,
      "p90": 607578.1492767775,
      "p95": 613373.7687887063,
      "p99": 625860.3329360975,
      "p99.9": 634496.567036459,
      "p99.99": 634508.3120589129
    }
  },
  "details": {
    "DNSDialup": {
      "average": 0.00003119866392078727,
      "fastest": 6.294e-6,
      "slowest": 0.021938354
    },
    "DNSLookup": {
      "average": 1.6963265211466876e-6,
      "fastest": 7.17e-7,
      "slowest": 0.00300726
    },
    "firstByte": {
      "average": 0.00017166079321728715,
      "fastest": 0.000036299,
      "slowest": 0.038700567
    }
  },
  "statusCodeDistribution": {
    "200": 8688889
  },
  "errorDistribution": {
    "aborted due to deadline": 98
  }
}