{
  "summary": {
    "successRate": 0.9950789207270857,
    "total": 15.000514773,
    "slowest": 0.031906455,
    "fastest": 0.000026715,
    "average": 0.0002513347304709186,
    "requestsPerSec": 398266.06555884227,
    "totalData": 83225758,
    "sizePerRequest": 14,
    "sizePerSec": 5548193.462653777
  },
  "responseTimeHistogram": {
    "0.000026715": 1,
    "0.0032146890000000006": 5944618,
    "0.006402663000000001": 0,
    "0.009590637000000003": 0,
    "0.012778611000000002": 0,
    "0.015966585000000002": 0,
    "0.019154559000000005": 0,
    "0.022342533000000005": 1,
    "0.025530507000000004": 4,
    "0.028718481000000004": 5,
    "0.031906455": 68
  },
  "latencyPercentiles": {
    "p10": 0.000178921,
    "p25": 0.000207252,
    "p50": 0.000240735,
    "p75": 0.000279091,
    "p90": 0.000322473,
    "p95": 0.000358885,
    "p99": 0.000564458,
    "p99.9": 0.000850141,
    "p99.99": 0.001194097
  },
  "rps": {
    "mean": 396595.1369949135,
    "stddev": 19954.35840355014,
    "max": 425522.51014078635,
    "percentiles": {
      "p10": 382675.0808508294,
      "p25": 390703.36004890513,
      "p50": 398915.6619633078,
      "p75": 405536.7821861347,
      "p90": 410906.8210532187,
      "p95": 413988.26002546103,
      "p99": 418920.89340435056,
      "p99.9": 424644.1629929465,
      "p99.99": 425522.51014078635
    }
  },
  "details": {
    "DNSDialup": {
      "average": 0.0001114370238474723,
      "fastest": 8.658e-6,
      "slowest": 0.031142095
    },
    "DNSLookup": {
      "average": 1.8970722041845543e-6,
      "fastest": 9.41e-7,
      "slowest": 0.001346073
    }
  },
  "statusCodeDistribution": {
    "200": 5944697
  },
  "errorDistribution": {
    "aborted due to deadline": 100,
    "connection closed before message completed": 25197,
    "connection error": 869,
    "operation was canceled": 3333
  }
}