{
  "summary": {
    "successRate": 1.0,
    "total": 15.002564413,
    "slowest": 0.041109869,
    "fastest": 0.000144366,
    "average": 0.002049214467102024,
    "requestsPerSec": 48729.46916771888,
    "totalData": 9502597,
    "sizePerRequest": 13,
    "sizePerSec": 633398.1803648064
  },
  "responseTimeHistogram": {
    "0.000144366": 1,
    "0.0042409163": 730765,
    "0.0083374666": 53,
    "0.012434016899999999": 0,
    "0.0165305672": 18,
    "0.0206271175": 89,
    "0.024723667799999998": 29,
    "0.028820218099999996": 5,
    "0.0329167684": 0,
    "0.0370133187": 0,
    "0.041109869": 9
  },
  "latencyPercentiles": {
    "p10": 0.001837074,
    "p25": 0.001862435,
    "p50": 0.001908851,
    "p75": 0.002136767,
    "p90": 0.002572355,
    "p95": 0.002802971,
    "p99": 0.002954991,
    "p99.9": 0.003167629,
    "p99.99": 0.019186294
  },
  "firstByteHistogram": {
    "0.000144309": 1,
    "0.0042408600999999995": 730765,
    "0.0083374112": 53,
    "0.0124339623": 0,
    "0.0165305134": 18,
    "0.020627064499999997": 89,
    "0.0247236156": 29,
    "0.0288201667": 5,
    "0.0329167178": 0,
    "0.0370132689": 0,
    "0.04110982": 9
  },
  "firstBytePercentiles": {
    "p10": 0.001837018,
    "p25": 0.001862378,
    "p50": 0.001908793,
    "p75": 0.002136709,
    "p90": 0.002572298,
    "p95": 0.002802913,
    "p99": 0.002954943,
    "p99.9": 0.00316757,
    "p99.99": 0.01918621
  },
  "rps": {
    "mean": 48767.2726437396,
    "stddev": 2622.259427501932,
    "max": 52557.30285776381,
    "min": 63.139141747120654,
    "percentiles": {
      "p10": 46840.43734956374,
      "p25": 47849.72543467312,
      "p50": 49130.42647311988,
      "p75": 50054.96680554478,
      "p90": 50545.94760193553,
      "p95": 50856.075587294596,
      "p99": 51553.259672570704,
      "p99.9": 52122.73593741864,
      "p99.99": 52557.30285776381
    }
  },
  "details": {
    "DNSDialup": {
      "average": 0.000011269531683285852,
      "fastest": 6.098e-6,
      "slowest": 0.019918432
    },
    "DNSLookup": {
      "average": 1.1857948599735562e-6,
      "fastest": 7.21e-7,
      "slowest": 0.000060984
    },
    "firstByte": {
      "average": 0.0020491564211655507,
      "fastest": 0.000144309,
      "slowest": 0.04110982
    }
  },
  "statusCodeDistribution": {
    "200": 730969
  },
  "errorDistribution": {
    "aborted due to deadline": 98
  }
}