{
  "summary": {
    "successRate": 1.0,
    "total": 15.002200972,
    "slowest": 0.091205345,
    "fastest": 0.000228792,
    "average": 0.004132098554036598,
    "requestsPerSec": 24175.05275905192,
    "totalData": 5076106,
    "sizePerRequest": 14,
    "sizePerSec": 338357.41898632125
  },
  "responseTimeHistogram": {
    "0.000228792": 1,
    "0.009326447299999999": 358364,
    "0.018424102599999995": 4101,
    "0.027521757899999992": 12,
    "0.03661941319999999": 0,
    "0.04571706849999999": 13,
    "0.054814723799999986": 10,
    "0.0639123791": 0,
    "0.07301003439999999": 0,
    "0.08210768969999999": 0,
    "0.091205345": 78
  },
  "latencyPercentiles": {
    "p10": 0.003080552,
    "p25": 0.003274324,
    "p50": 0.003493335,
    "p75": 0.00444509,
    "p90": 0.006153972,
    "p95": 0.007502715,
    "p99": 0.009448905,
    "p99.9": 0.011682983,
    "p99.99": 0.089356664
  },
  "rps": {
    "mean": 24244.205000325088,
    "stddev": 6748.060664587829,
    "max": 33832.87183757012,
    "percentiles": {
      "p10": 14275.896375490478,
      "p25": 18202.67591538792,
      "p50": 28064.93383742369,
      "p75": 29917.905866663288,
      "p90": 30808.928427458854,
      "p95": 31402.144766487178,
      "p99": 32340.06288006874,
      "p99.9": 33795.51965675858,
      "p99.99": 33832.87183757012
    }
  },
  "details": {
    "DNSDialup": {
      "average": 0.0005113858012791516,
      "fastest": 9.016e-6,
      "slowest": 0.046732535
    },
    "DNSLookup": {
      "average": 2.359266231635049e-6,
      "fastest": 1.169e-6,
      "slowest": 0.002847729
    }
  },
  "statusCodeDistribution": {
    "200": 362579
  },
  "errorDistribution": {
    "aborted due to deadline": 100
  }
}