{
  "summary": {
    "successRate": 1.0,
    "total": 15.003142933,
    "slowest": 0.01526736,
    "fastest": 0.000022042,
    "average": 0.001173788206924968,
    "requestsPerSec": 85062.84354546314,
    "totalData": 16589430,
    "sizePerRequest": 13,
    "sizePerSec": 1105730.3175797185
  },
  "responseTimeHistogram": {
    "0.000022042": 1,
    "0.0015465738": 1274994,
    "0.0030711056": 1039,
    "0.0045956374": 51,
    "0.0061201692": 0,
    "0.007644701": 0,
    "0.0091692328": 0,
    "0.0106937646": 0,
    "0.0122182964": 8,
    "0.0137428282": 0,
    "0.01526736": 17
  },
  "latencyPercentiles": {
    "p10": 0.001094026,
    "p25": 0.00111797,
    "p50": 0.001173935,
    "p75": 0.001297007,
    "p90": 0.001311467,
    "p95": 0.001318066,
    "p99": 0.00134144,
    "p99.9": 0.001508818,
    "p99.99": 0.002988068
  },
  "firstByteHistogram": {
    "0.000021997": 1,
    "0.0015465239999999999": 1274994,
    "0.003071051": 1039,
    "0.004595578": 51,
    "0.006120105": 0,
    "0.007644631999999999": 0,
    "0.009169159": 0,
    "0.010693685999999999": 0,
    "0.012218212999999999": 8,
    "0.013742739999999998": 0,
    "0.015267266999999998": 17
  },
  "firstBytePercentiles": {
    "p10": 0.001093977,
    "p25": 0.001117923,
    "p50": 0.001173886,
    "p75": 0.00129696,
    "p90": 0.001311418,
    "p95": 0.001318018,
    "p99": 0.001341392,
    "p99.9": 0.001508771,
    "p99.99": 0.002988024
  },
  "rps": {
    "mean": 85067.23228864498,
    "stddev": 952.3130612382774,
    "max": 87291.34060808033,
    "min": 68497.74614335097,
    "percentiles": {
      "p10": 84183.5791310164,
      "p25": 84609.4424137749,
      "p50": 85107.46519630744,
      "p75": 85594.5393694232,
      "p90": 86049.85728729692,
      "p95": 86271.41614579987,
      "p99": 86760.13098959248,
      "p99.9": 87211.58461223227,
      "p99.99": 87291.34060808033
    }
  },
  "details": {
    "DNSDialup": {
      "average": 0.00320352611,
      "fastest": 0.000026157,
      "slowest": 0.014067601
    },
    "DNSLookup": {
      "average": 4.92952e-6,
      "fastest": 7.98e-7,
      "slowest": 0.000022139
    },
    "firstByte": {
      "average": 0.001173740087065302,
      "fastest": 0.000021997,
      "slowest": 0.015267267
    }
  },
  "statusCodeDistribution": {
    "200": 1276110
  },
  "errorDistribution": {
    "aborted due to deadline": 100
  }
}