{
  "summary": {
    "successRate": 1.0,
    "total": 15.000689761,
    "slowest": 0.026383352,
    "fastest": 0.000648229,
    "average": 0.0016269095999700731,
    "requestsPerSec": 61415.24254405917,
    "totalData": 12896394,
    "sizePerRequest": 14,
    "sizePerSec": 859720.066575144
  },
  "responseTimeHistogram": {
    "0.000648229": 1,
    "0.0032217413": 921070,
    "0.0057952535999999995": 21,
    "0.008368765899999998": 0,
    "0.010942278199999999": 0,
    "0.0135157905": 0,
    "0.016089302799999997": 0,
    "0.018662815099999997": 0,
    "0.021236327399999998": 0,
    "0.023809839699999998": 3,
    "0.026383352": 76
  },
  "latencyPercentiles": {
    "p10": 0.001508286,
    "p25": 0.001537113,
    "p50": 0.001627564,
    "p75": 0.001796598,
    "p90": 0.001814281,
    "p95": 0.001821501,
    "p99": 0.001839484,
    "p99.9": 0.002133082,
    "p99.99": 0.004433826
  },
  "rps": {
    "mean": 61457.499100391855,
    "stddev": 1690.5506803834232,
    "max": 62436.74402385788,
    "percentiles": {
      "p10": 61116.96480285824,
      "p25": 61362.15520816297,
      "p50": 61581.277999288424,
      "p75": 61734.28611939351,
      "p90": 61845.35174391718,
      "p95": 61907.420395937355,
      "p99": 62013.72597578084,
      "p99.9": 62100.84457148016,
      "p99.99": 62436.74402385788
    }
  },
  "details": {
    "DNSDialup": {
      "average": 0.016961270229999995,
      "fastest": 0.000063052,
      "slowest": 0.022234303
    },
    "DNSLookup": {
      "average": 0.000010594679999999997,
      "fastest": 1.262e-6,
      "slowest": 0.000074505
    }
  },
  "statusCodeDistribution": {
    "200": 921171
  },
  "errorDistribution": {
    "aborted due to deadline": 100
  }
}