{
  "summary": {
    "successRate": 1.0,
    "total": 15.001720268,
    "slowest": 0.072452004,
    "fastest": 0.001150623,
    "average": 0.004139821795474313,
    "requestsPerSec": 24142.364577518198,
    "totalData": 5069078,
    "sizePerRequest": 14,
    "sizePerSec": 337899.7814545838
  },
  "responseTimeHistogram": {
    "0.001150623": 1,
    "0.008280761099999999": 353415,
    "0.0154108992": 8540,
    "0.0225410373": 19,
    "0.0296711754": 2,
    "0.0368013135": 0,
    "0.043931451600000004": 7,
    "0.05106158969999999": 15,
    "0.058191727799999995": 8,
    "0.0653218659": 35,
    "0.072452004": 35
  },
  "latencyPercentiles": {
    "p10": 0.003109163,
    "p25": 0.003315225,
    "p50": 0.003545607,
    "p75": 0.004589737,
    "p90": 0.006028894,
    "p95": 0.007162887,
    "p99": 0.009176322,
    "p99.9": 0.011604175,
    "p99.99": 0.06428977
  },
  "rps": {
    "mean": 24165.179404327497,
    "stddev": 6408.505503422827,
    "max": 32723.08036819319,
    "percentiles": {
      "p10": 15012.454332114019,
      "p25": 18364.78545364409,
      "p50": 27776.754600223598,
      "p75": 29571.24357209221,
      "p90": 30505.31550072048,
      "p95": 31040.95854480387,
      "p99": 31815.885671716947,
      "p99.9": 32607.81450817559,
      "p99.99": 32723.08036819319
    }
  },
  "details": {
    "DNSDialup": {
      "average": 0.0005274610660163385,
      "fastest": 7.648e-6,
      "slowest": 0.025421247
    },
    "DNSLookup": {
      "average": 1.6006990336309442e-6,
      "fastest": 9.27e-7,
      "slowest": 0.003060644
    }
  },
  "statusCodeDistribution": {
    "200": 362077
  },
  "errorDistribution": {
    "aborted due to deadline": 100
  }
}