{
  "summary": {
    "successRate": 1.0,
    "total": 15.002169332,
    "slowest": 0.02590591,
    "fastest": 0.000592842,
    "average": 0.0017765273716321387,
    "requestsPerSec": 56206.27132913367,
    "totalData": 11803624,
    "sizePerRequest": 14,
    "sizePerSec": 786794.478770652
  },
  "responseTimeHistogram": {
    "0.000592842": 1,
    "0.0031241488": 842981,
    "0.0056554555999999995": 101,
    "0.0081867624": 0,
    "0.0107180692": 4,
    "0.013249376": 2,
    "0.0157806828": 0,
    "0.0183119896": 0,
    "0.0208432964": 0,
    "0.0233746032": 0,
    "0.02590591": 27
  },
  "latencyPercentiles": {
    "p10": 0.00164627,
    "p25": 0.001675045,
    "p50": 0.001781101,
    "p75": 0.00196074,
    "p90": 0.001979068,
    "p95": 0.001992105,
    "p99": 0.002016437,
    "p99.9": 0.002576672,
    "p99.99": 0.003370222
  },
  "rps": {
    "mean": 56263.472861037044,
    "stddev": 1907.1809494581266,
    "max": 59530.22410534448,
    "min": 39.89725976842514,
    "percentiles": {
      "p10": 54725.726564058605,
      "p25": 55516.19407381123,
      "p50": 56378.0362005179,
      "p75": 57111.30228650359,
      "p90": 57811.79309688607,
      "p95": 58200.84973240527,
      "p99": 58799.15044383239,
      "p99.9": 59461.71871857936,
      "p99.99": 59530.22410534448
    }
  },
  "details": {
    "DNSDialup": {
      "average": 0.006491349379999998,
      "fastest": 0.000052601,
      "slowest": 0.022235932
    },
    "DNSLookup": {
      "average": 6.867429999999998e-6,
      "fastest": 9.01e-7,
      "slowest": 0.000042957
    }
  },
  "statusCodeDistribution": {
    "200": 843116
  },
  "errorDistribution": {
    "aborted due to deadline": 100
  }
}