{
  "summary": {
    "successRate": 1.0,
    "total": 15.00167459,
    "slowest": 0.056399081,
    "fastest": 0.000591355,
    "average": 0.005812464937714624,
    "requestsPerSec": 17181.48187081826,
    "totalData": 3607142,
    "sizePerRequest": 14,
    "sizePerSec": 240449.28973492686
  },
  "responseTimeHistogram": {
    "0.000591355": 1,
    "0.0061721276": 217183,
    "0.0117529002": 36895,
    "0.017333672799999998": 3469,
    "0.022914445399999997": 6,
    "0.028495217999999996": 32,
    "0.0340759906": 24,
    "0.0396567632": 23,
    "0.0452375358": 0,
    "0.0508183084": 1,
    "0.056399081": 19
  },
  "latencyPercentiles": {
    "p10": 0.004834719,
    "p25": 0.005160746,
    "p50": 0.005447462,
    "p75": 0.005843968,
    "p90": 0.007266356,
    "p95": 0.009240883,
    "p99": 0.012401862,
    "p99.9": 0.015429649,
    "p99.99": 0.036761158
  },
  "rps": {
    "mean": 17228.125169370654,
    "stddev": 3127.482303311523,
    "max": 21904.72484914995,
    "min": 20.05059647717436,
    "percentiles": {
      "p10": 11415.261032167835,
      "p25": 16910.726473801034,
      "p50": 18283.67935451871,
      "p75": 19108.24329615817,
      "p90": 19857.858261089987,
      "p95": 20403.52649451095,
      "p99": 21333.942302203515,
      "p99.9": 21860.804271600602,
      "p99.99": 21904.72484914995
    }
  },
  "details": {
    "DNSDialup": {
      "average": 0.00032661888382825037,
      "fastest": 0.000012227,
      "slowest": 0.027273965
    },
    "DNSLookup": {
      "average": 1.3020683710261572e-6,
      "fastest": 8.01e-7,
      "slowest": 0.00004583
    }
  },
  "statusCodeDistribution": {
    "200": 257653
  },
  "errorDistribution": {
    "aborted due to deadline": 98
  }
}