{
  "summary": {
    "successRate": 1.0,
    "total": 15.000934178,
    "slowest": 0.058087012,
    "fastest": 0.000178992,
    "average": 0.001153191265463177,
    "requestsPerSec": 86602.6065166833,
    "totalData": 18186280,
    "sizePerRequest": 14,
    "sizePerSec": 1212343.163712534
  },
  "responseTimeHistogram": {
    "0.000178992": 1,
    "0.005969794": 1298852,
    "0.011760595999999998": 85,
    "0.017551398": 3,
    "0.023342199999999997": 0,
    "0.029133001999999995": 0,
    "0.034923804": 0,
    "0.040714606": 0,
    "0.046505408": 55,
    "0.052296209999999996": 9,
    "0.05808701199999999": 15
  },
  "latencyPercentiles": {
    "p10": 0.001065864,
    "p25": 0.001093019,
    "p50": 0.001143781,
    "p75": 0.001263867,
    "p90": 0.001280266,
    "p95": 0.001291099,
    "p99": 0.001335678,
    "p99.9": 0.002047656,
    "p99.99": 0.007064766
  },
  "rps": {
    "mean": 86808.04662298421,
    "stddev": 3899.4644776030887,
    "max": 89835.28383110068,
    "percentiles": {
      "p10": 85528.48953986989,
      "p25": 86234.03657423533,
      "p50": 87227.06655876331,
      "p75": 88014.04704190725,
      "p90": 88535.6798789886,
      "p95": 88840.6258266117,
      "p99": 89354.13073240235,
      "p99.9": 89694.89663371707,
      "p99.99": 89835.28383110068
    }
  },
  "details": {
    "DNSDialup": {
      "average": 0.011271301890000002,
      "fastest": 0.000094098,
      "slowest": 0.045983767
    },
    "DNSLookup": {
      "average": 0.000019869479999999995,
      "fastest": 5.445e-6,
      "slowest": 0.000117552
    }
  },
  "statusCodeDistribution": {
    "200": 1299020
  },
  "errorDistribution": {
    "aborted due to deadline": 100
  }
}