{
  "summary": {
    "successRate": 1.0,
    "total": 15.000635769,
    "slowest": 0.053230994,
    "fastest": 0.001118294,
    "average": 0.0039996287386123205,
    "requestsPerSec": 24993.00734804742,
    "totalData": 5247354,
    "sizePerRequest": 14,
    "sizePerSec": 349808.77349505894
  },
  "responseTimeHistogram": {
    "0.001118294": 1,
    "0.006329563999999999": 350517,
    "0.011540834": 24001,
    "0.016752103999999997": 163,
    "0.021963373999999997": 28,
    "0.027174643999999998": 6,
    "0.032385913999999995": 16,
    "0.037597184": 0,
    "0.042808453999999996": 1,
    "0.04801972399999999": 34,
    "0.053230994": 44
  },
  "latencyPercentiles": {
    "p10": 0.003063466,
    "p25": 0.003258415,
    "p50": 0.003465415,
    "p75": 0.004288942,
    "p90": 0.005788222,
    "p95": 0.006754274,
    "p99": 0.008864057,
    "p99.9": 0.011077925,
    "p99.99": 0.048748986
  },
  "rps": {
    "mean": 25024.6660149651,
    "stddev": 6254.635062679747,
    "max": 33627.530859514445,
    "percentiles": {
      "p10": 15903.70440369411,
      "p25": 19061.41976793523,
      "p50": 28420.856036183704,
      "p75": 30111.942396353596,
      "p90": 31006.41483708175,
      "p95": 31542.083447733574,
      "p99": 32206.181135867897,
      "p99.9": 33149.93066813261,
      "p99.99": 33627.530859514445
    }
  },
  "details": {
    "DNSDialup": {
      "average": 0.0004729819639711741,
      "fastest": 8.918e-6,
      "slowest": 0.019925906
    },
    "DNSLookup": {
      "average": 2.3063955140057853e-6,
      "fastest": 1.175e-6,
      "slowest": 0.007033509
    }
  },
  "statusCodeDistribution": {
    "200": 374811
  },
  "errorDistribution": {
    "aborted due to deadline": 100
  }
}