{
  "summary": {
    "successRate": 1.0,
    "total": 15.000372857,
    "slowest": 0.080515723,
    "fastest": 0.000906857,
    "average": 0.004039420778862133,
    "requestsPerSec": 24742.051650189856,
    "totalData": 5194560,
    "sizePerRequest": 14,
    "sizePerSec": 346295.3920892661
  },
  "responseTimeHistogram": {
    "0.000906857": 1,
    "0.0088677436": 366535,
    "0.0168286302": 4382,
    "0.024789516799999998": 22,
    "0.032750403399999996": 0,
    "0.04071129": 12,
    "0.04867217659999999": 9,
    "0.05663306319999999": 0,
    "0.0645939498": 0,
    "0.07255483639999999": 29,
    "0.080515723": 50
  },
  "latencyPercentiles": {
    "p10": 0.003057065,
    "p25": 0.003253806,
    "p50": 0.003463784,
    "p75": 0.004369619,
    "p90": 0.005891437,
    "p95": 0.006968627,
    "p99": 0.009054453,
    "p99.9": 0.011351351,
    "p99.99": 0.074656381
  },
  "rps": {
    "mean": 24818.478368632525,
    "stddev": 6453.887693677529,
    "max": 34663.00330467417,
    "percentiles": {
      "p10": 15325.562713199857,
      "p25": 19048.743830588166,
      "p50": 28418.86307638886,
      "p75": 30198.999325960867,
      "p90": 31078.510888795503,
      "p95": 31611.44615341272,
      "p99": 32549.11872183062,
      "p99.9": 33426.624306260645,
      "p99.99": 34663.00330467417
    }
  },
  "details": {
    "DNSDialup": {
      "average": 0.000497643878277274,
      "fastest": 8.963e-6,
      "slowest": 0.03446134
    },
    "DNSLookup": {
      "average": 2.3400238761319646e-6,
      "fastest": 1.175e-6,
      "slowest": 0.001317756
    }
  },
  "statusCodeDistribution": {
    "200": 371040
  },
  "errorDistribution": {
    "aborted due to deadline": 100
  }
}