{
  "summary": {
    "successRate": 1.0,
    "total": 15.000400664,
    "slowest": 0.068664283,
    "fastest": 0.000995541,
    "average": 0.00415649646072768,
    "requestsPerSec": 24047.55766729032,
    "totalData": 5048722,
    "sizePerRequest": 14,
    "sizePerSec": 336572.476501685
  },
  "responseTimeHistogram": {
    "0.000995541": 1,
    "0.0077624152": 349593,
    "0.0145292894": 10903,
    "0.021296163599999998": 25,
    "0.0280630378": 2,
    "0.034829912000000005": 14,
    "0.0415967862": 6,
    "0.0483636604": 0,
    "0.0551305346": 2,
    "0.061897408800000005": 31,
    "0.068664283": 46
  },
  "latencyPercentiles": {
    "p10": 0.003135857,
    "p25": 0.003346118,
    "p50": 0.003597272,
    "p75": 0.004666318,
    "p90": 0.005937515,
    "p95": 0.006908862,
    "p99": 0.009043248,
    "p99.9": 0.011298607,
    "p99.99": 0.062543222
  },
  "rps": {
    "mean": 24097.837254127226,
    "stddev": 6141.404877480383,
    "max": 33171.79371313317,
    "percentiles": {
      "p10": 15539.090934556896,
      "p25": 18547.388577817,
      "p50": 27349.35277450583,
      "p75": 29333.287414561666,
      "p90": 30365.816997367034,
      "p95": 30922.784887634585,
      "p99": 31837.418517981692,
      "p99.9": 33123.04170840388,
      "p99.99": 33171.79371313317
    }
  },
  "details": {
    "DNSDialup": {
      "average": 0.0004972417850636128,
      "fastest": 7.301e-6,
      "slowest": 0.031564895
    },
    "DNSLookup": {
      "average": 1.591847644215712e-6,
      "fastest": 9.24e-7,
      "slowest": 0.003499362
    }
  },
  "statusCodeDistribution": {
    "200": 360623
  },
  "errorDistribution": {
    "aborted due to deadline": 100
  }
}