{
  "summary": {
    "successRate": 1.0,
    "total": 15.001038269,
    "slowest": 0.031231926,
    "fastest": 0.000362563,
    "average": 0.0011396932333056788,
    "requestsPerSec": 87651.26629382643,
    "totalData": 18406640,
    "sizePerRequest": 14,
    "sizePerSec": 1227024.40124013
  },
  "responseTimeHistogram": {
    "0.000362563": 1,
    "0.0034494992999999996": 1314498,
    "0.0065364355999999995": 160,
    "0.0096233719": 14,
    "0.0127103082": 8,
    "0.015797244499999998": 0,
    "0.0188841808": 0,
    "0.0219711171": 3,
    "0.0250580534": 1,
    "0.028144989699999998": 23,
    "0.031231925999999997": 52
  },
  "latencyPercentiles": {
    "p10": 0.001058539,
    "p25": 0.001082187,
    "p50": 0.001127408,
    "p75": 0.001252215,
    "p90": 0.001267824,
    "p95": 0.001276772,
    "p99": 0.001308631,
    "p99.9": 0.002409411,
    "p99.99": 0.005561143
  },
  "rps": {
    "mean": 87701.9190166111,
    "stddev": 4094.510355750775,
    "max": 90541.80315051739,
    "percentiles": {
      "p10": 86507.78570071369,
      "p25": 87440.21375430304,
      "p50": 88126.57016090339,
      "p75": 88752.25732911342,
      "p90": 89270.48877947389,
      "p95": 89500.30167514979,
      "p99": 89899.24532002359,
      "p99.9": 90261.1001948721,
      "p99.99": 90541.80315051739
    }
  },
  "details": {
    "DNSDialup": {
      "average": 0.014569185840000004,
      "fastest": 0.000368391,
      "slowest": 0.019304241
    },
    "DNSLookup": {
      "average": 0.00002723515999999999,
      "fastest": 6.406e-6,
      "slowest": 0.00024686
    }
  },
  "statusCodeDistribution": {
    "200": 1314760
  },
  "errorDistribution": {
    "aborted due to deadline": 100
  }
}