{
  "summary": {
    "successRate": 1.0,
    "total": 15.000867991,
    "slowest": 0.024104135,
    "fastest": 0.000357254,
    "average": 0.0011341623265048093,
    "requestsPerSec": 88076.63668480316,
    "totalData": 18495764,
    "sizePerRequest": 14,
    "sizePerSec": 1232979.5856544313
  },
  "responseTimeHistogram": {
    "0.000357254": 1,
    "0.0027319421": 1320537,
    "0.0051066302": 455,
    "0.0074813182999999995": 19,
    "0.009856006399999999": 35,
    "0.012230694499999998": 0,
    "0.0146053826": 0,
    "0.0169800707": 31,
    "0.0193547588": 14,
    "0.0217294469": 12,
    "0.024104135": 22
  },
  "latencyPercentiles": {
    "p10": 0.001053694,
    "p25": 0.001076903,
    "p50": 0.001124145,
    "p75": 0.001247618,
    "p90": 0.00126168,
    "p95": 0.001269347,
    "p99": 0.001297433,
    "p99.9": 0.002559164,
    "p99.99": 0.005249399
  },
  "rps": {
    "mean": 88113.04255749368,
    "stddev": 3824.2628901103317,
    "max": 90634.23633423375,
    "percentiles": {
      "p10": 87204.53463580634,
      "p25": 87916.29088869278,
      "p50": 88482.71364071193,
      "p75": 89080.14953815492,
      "p90": 89518.69150277587,
      "p95": 89746.98878273054,
      "p99": 90143.42451956013,
      "p99.9": 90523.46608694008,
      "p99.99": 90634.23633423375
    }
  },
  "details": {
    "DNSDialup": {
      "average": 0.00725705645,
      "fastest": 0.000231898,
      "slowest": 0.016549375
    },
    "DNSLookup": {
      "average": 0.00007697067000000001,
      "fastest": 6.471e-6,
      "slowest": 0.001448994
    }
  },
  "statusCodeDistribution": {
    "200": 1321126
  },
  "errorDistribution": {
    "aborted due to deadline": 100
  }
}