{
  "summary": {
    "successRate": 1.0,
    "total": 15.00074281,
    "slowest": 0.0403899,
    "fastest": 0.000368866,
    "average": 0.0011483102413661415,
    "requestsPerSec": 86987.7589748504,
    "totalData": 18266934,
    "sizePerRequest": 14,
    "sizePerSec": 1217735.2969362722
  },
  "responseTimeHistogram": {
    "0.000368866": 1,
    "0.0043709694": 1304515,
    "0.0083730728": 142,
    "0.0123751762": 33,
    "0.0163772796": 11,
    "0.020379382999999997": 0,
    "0.0243814864": 2,
    "0.0283835898": 34,
    "0.0323856932": 18,
    "0.0363877966": 5,
    "0.0403899": 20
  },
  "latencyPercentiles": {
    "p10": 0.001059809,
    "p25": 0.001085638,
    "p50": 0.001144869,
    "p75": 0.001257694,
    "p90": 0.001275979,
    "p95": 0.001288536,
    "p99": 0.001318143,
    "p99.9": 0.002146069,
    "p99.99": 0.007337158
  },
  "rps": {
    "mean": 87084.23359292989,
    "stddev": 4029.8228695355674,
    "max": 89917.1245292501,
    "percentiles": {
      "p10": 85606.82609183728,
      "p25": 86523.25745160028,
      "p50": 87527.09838965876,
      "p75": 88240.28644990548,
      "p90": 88804.46957801271,
      "p95": 89104.19680767057,
      "p99": 89655.08408366138,
      "p99.9": 89866.95550647631,
      "p99.99": 89917.1245292501
    }
  },
  "details": {
    "DNSDialup": {
      "average": 0.012586782590000001,
      "fastest": 0.000131024,
      "slowest": 0.027969594
    },
    "DNSLookup": {
      "average": 0.00010165500999999999,
      "fastest": 5.161e-6,
      "slowest": 0.001612374
    }
  },
  "statusCodeDistribution": {
    "200": 1304781
  },
  "errorDistribution": {
    "aborted due to deadline": 100
  }
}