{
  "summary": {
    "successRate": 1.0,
    "total": 15.00020991,
    "slowest": 0.028333835,
    "fastest": 0.000364704,
    "average": 0.0011467989915924486,
    "requestsPerSec": 87102.51442074652,
    "totalData": 18290384,
    "sizePerRequest": 14,
    "sizePerSec": 1219341.8698632065
  },
  "responseTimeHistogram": {
    "0.000364704": 1,
    "0.0031616171000000003": 1306181,
    "0.005958530200000001": 167,
    "0.008755443300000002": 2,
    "0.011552356400000002": 8,
    "0.014349269500000001": 18,
    "0.017146182600000004": 1,
    "0.019943095700000003": 9,
    "0.022740008800000003": 6,
    "0.025536921900000002": 9,
    "0.028333835": 54
  },
  "latencyPercentiles": {
    "p10": 0.001062644,
    "p25": 0.001089567,
    "p50": 0.001136724,
    "p75": 0.001259666,
    "p90": 0.001278097,
    "p95": 0.001290961,
    "p99": 0.001314105,
    "p99.9": 0.002082515,
    "p99.99": 0.005558091
  },
  "rps": {
    "mean": 87147.36926989113,
    "stddev": 3964.6718128866546,
    "max": 89826.47406712007,
    "percentiles": {
      "p10": 85752.15446033381,
      "p25": 86533.77413204245,
      "p50": 87612.87166256589,
      "p75": 88255.78100610251,
      "p90": 88813.43747309016,
      "p95": 89049.97797289559,
      "p99": 89512.1020361968,
      "p99.9": 89749.36755533355,
      "p99.99": 89826.47406712007
    }
  },
  "details": {
    "DNSDialup": {
      "average": 0.01177206945,
      "fastest": 0.000166879,
      "slowest": 0.018338779
    },
    "DNSLookup": {
      "average": 0.00010444239,
      "fastest": 6.098e-6,
      "slowest": 0.002117625
    }
  },
  "statusCodeDistribution": {
    "200": 1306456
  },
  "errorDistribution": {
    "aborted due to deadline": 100
  }
}