{
  "summary": {
    "successRate": 1.0,
    "total": 15.000525343,
    "slowest": 0.056619994,
    "fastest": 0.00034861,
    "average": 0.0015547401504336985,
    "requestsPerSec": 64236.016937210276,
    "totalData": 13488636,
    "sizePerRequest": 14,
    "sizePerSec": 899210.907056297
  },
  "responseTimeHistogram": {
    "0.00034861": 1,
    "0.0059757484000000005": 963394,
    "0.0116028868": 0,
    "0.0172300252": 0,
    "0.0228571636": 0,
    "0.028484302000000003": 0,
    "0.0341114404": 0,
    "0.0397385788": 0,
    "0.0453657172": 0,
    "0.050992855600000005": 0,
    "0.05661999400000001": 79
  },
  "latencyPercentiles": {
    "p10": 0.001437629,
    "p25": 0.00146638,
    "p50": 0.001555049,
    "p75": 0.001716069,
    "p90": 0.001731438,
    "p95": 0.001738196,
    "p99": 0.001754386,
    "p99.9": 0.0021757,
    "p99.99": 0.004690627
  },
  "rps": {
    "mean": 64413.50838378574,
    "stddev": 1882.2085988990375,
    "max": 66082.06604467708,
    "percentiles": {
      "p10": 63530.84714609146,
      "p25": 63849.83811238065,
      "p50": 64458.799781183894,
      "p75": 65137.830845909375,
      "p90": 65459.49950270638,
      "p95": 65605.03588292426,
      "p99": 65793.4758986805,
      "p99.9": 66023.42511123394,
      "p99.99": 66082.06604467708
    }
  },
  "details": {
    "DNSDialup": {
      "average": 0.020958384519999994,
      "fastest": 0.000058696,
      "slowest": 0.052125069
    },
    "DNSLookup": {
      "average": 0.000022549850000000006,
      "fastest": 1.364e-6,
      "slowest": 0.000279837
    }
  },
  "statusCodeDistribution": {
    "200": 963474
  },
  "errorDistribution": {
    "aborted due to deadline": 100
  }
}