{
  "summary": {
    "successRate": 1.0,
    "total": 15.003009896,
    "slowest": 0.041571565,
    "fastest": 0.000290192,
    "average": 0.0017451033916492987,
    "requestsPerSec": 57216.78556173366,
    "totalData": 12016536,
    "sizePerRequest": 14,
    "sizePerSec": 800941.6832554224
  },
  "responseTimeHistogram": {
    "0.000290192": 1,
    "0.004418329299999999": 858228,
    "0.008546466599999998": 46,
    "0.012674603899999998": 0,
    "0.0168027412": 0,
    "0.0209308785": 13,
    "0.025059015799999997": 13,
    "0.029187153099999995": 16,
    "0.033315290399999996": 0,
    "0.0374434277": 0,
    "0.041571565": 7
  },
  "latencyPercentiles": {
    "p10": 0.001616569,
    "p25": 0.001644561,
    "p50": 0.001748365,
    "p75": 0.001930027,
    "p90": 0.001943409,
    "p95": 0.001954551,
    "p99": 0.001986404,
    "p99.9": 0.003036917,
    "p99.99": 0.004964053
  },
  "rps": {
    "mean": 57247.71807609124,
    "stddev": 2144.632736680473,
    "max": 59799.09335218432,
    "min": 56.70057966136599,
    "percentiles": {
      "p10": 56023.70923375012,
      "p25": 56569.97328226751,
      "p50": 57366.92052866143,
      "p75": 58101.16783347327,
      "p90": 58744.140800057736,
      "p95": 59077.076229896455,
      "p99": 59476.13060027949,
      "p99.9": 59765.36545146357,
      "p99.99": 59799.09335218432
    }
  },
  "details": {
    "DNSDialup": {
      "average": 0.010452112209999998,
      "fastest": 0.000041232,
      "slowest": 0.036088545
    },
    "DNSLookup": {
      "average": 6.15408e-6,
      "fastest": 9.32e-7,
      "slowest": 0.000028889
    }
  },
  "statusCodeDistribution": {
    "200": 858324
  },
  "errorDistribution": {
    "aborted due to deadline": 100
  }
}