{
  "summary": {
    "successRate": 1.0,
    "total": 15.000800981,
    "slowest": 0.084600726,
    "fastest": 0.000834057,
    "average": 0.005373449664178398,
    "requestsPerSec": 18600.27343562555,
    "totalData": 3904866,
    "sizePerRequest": 14,
    "sizePerSec": 260310.49974904006
  },
  "responseTimeHistogram": {
    "0.000834057": 1,
    "0.009210723899999999": 277290,
    "0.017587390799999998": 1527,
    "0.025964057699999998": 0,
    "0.0343407246": 0,
    "0.04271739149999999": 3,
    "0.051094058399999996": 20,
    "0.0594707253": 0,
    "0.0678473922": 0,
    "0.07622405909999999": 0,
    "0.08460072599999999": 78
  },
  "latencyPercentiles": {
    "p10": 0.004684951,
    "p25": 0.005014319,
    "p50": 0.005220405,
    "p75": 0.005629742,
    "p90": 0.00608475,
    "p95": 0.006552156,
    "p99": 0.00831548,
    "p99.9": 0.01109724,
    "p99.99": 0.082375303
  },
  "rps": {
    "mean": 18671.24435124954,
    "stddev": 1904.1169106463458,
    "max": 23341.276713743973,
    "percentiles": {
      "p10": 16511.061452465627,
      "p25": 17919.721083125023,
      "p50": 19002.231659879995,
      "p75": 19900.019900020205,
      "p90": 20549.915745345388,
      "p95": 20883.090406832343,
      "p99": 21533.760865978657,
      "p99.9": 22618.291092152685,
      "p99.99": 23341.276713743973
    }
  },
  "details": {
    "DNSDialup": {
      "average": 0.0002963720608169454,
      "fastest": 0.000011988,
      "slowest": 0.038651598
    },
    "DNSLookup": {
      "average": 1.5626716466070708e-6,
      "fastest": 1.05e-6,
      "slowest": 0.001646813
    }
  },
  "statusCodeDistribution": {
    "200": 278919
  },
  "errorDistribution": {
    "aborted due to deadline": 100
  }
}