{
  "summary": {
    "successRate": 1.0,
    "total": 15.000283058,
    "slowest": 0.099652523,
    "fastest": 0.001145882,
    "average": 0.00483067891034768,
    "requestsPerSec": 20685.409655287585,
    "totalData": 4342618,
    "sizePerRequest": 14,
    "sizePerSec": 289502.4036019094
  },
  "responseTimeHistogram": {
    "0.001145882": 1,
    "0.0109965461": 309805,
    "0.0208472102": 276,
    "0.0306978743": 3,
    "0.0405485384": 2,
    "0.050399202500000004": 21,
    "0.0602498666": 0,
    "0.0701005307": 0,
    "0.0799511948": 0,
    "0.0898018589": 0,
    "0.099652523": 79
  },
  "latencyPercentiles": {
    "p10": 0.004083585,
    "p25": 0.004388952,
    "p50": 0.004602399,
    "p75": 0.005034317,
    "p90": 0.005712643,
    "p95": 0.006297344,
    "p99": 0.008670507,
    "p99.9": 0.011236161,
    "p99.99": 0.097647574
  },
  "rps": {
    "mean": 20796.90902217986,
    "stddev": 2673.1549607226116,
    "max": 26116.51197815202,
    "percentiles": {
      "p10": 17744.839434768084,
      "p25": 19470.184016145224,
      "p50": 21318.831164912906,
      "p75": 22614.77618496805,
      "p90": 23510.64361143651,
      "p95": 24004.527253839937,
      "p99": 25010.390863192002,
      "p99.9": 25873.001604641006,
      "p99.99": 26116.51197815202
    }
  },
  "details": {
    "DNSDialup": {
      "average": 0.0004489739916340872,
      "fastest": 9.983e-6,
      "slowest": 0.054614847
    },
    "DNSLookup": {
      "average": 1.5563694738980075e-6,
      "fastest": 1.055e-6,
      "slowest": 0.000590955
    }
  },
  "statusCodeDistribution": {
    "200": 310187
  },
  "errorDistribution": {
    "aborted due to deadline": 100
  }
}