{
  "summary": {
    "successRate": 1.0,
    "total": 15.000780516,
    "slowest": 0.102564247,
    "fastest": 0.000968638,
    "average": 0.004022650183864459,
    "requestsPerSec": 24836.70763682014,
    "totalData": 5214580,
    "sizePerRequest": 14,
    "sizePerSec": 347620.57843843993
  },
  "responseTimeHistogram": {
    "0.000968638": 1,
    "0.0111281989": 372156,
    "0.0212877598": 210,
    "0.031447320699999996": 1,
    "0.0416068816": 0,
    "0.0517664425": 23,
    "0.0619260034": 2,
    "0.07208556429999999": 0,
    "0.08224512519999999": 0,
    "0.0924046861": 1,
    "0.102564247": 76
  },
  "latencyPercentiles": {
    "p10": 0.003063099,
    "p25": 0.003253366,
    "p50": 0.003459056,
    "p75": 0.004384274,
    "p90": 0.005829578,
    "p95": 0.006730685,
    "p99": 0.008777614,
    "p99.9": 0.010907498,
    "p99.99": 0.099724323
  },
  "rps": {
    "mean": 24937.833088890642,
    "stddev": 6338.515750131073,
    "max": 33510.59501672988,
    "percentiles": {
      "p10": 16012.34872333639,
      "p25": 19056.311299060944,
      "p50": 28431.735503168795,
      "p75": 30164.179912390093,
      "p90": 31036.98484662981,
      "p95": 31544.746222515736,
      "p99": 32517.159304967634,
      "p99.9": 33116.834321103815,
      "p99.99": 33510.59501672988
    }
  },
  "details": {
    "DNSDialup": {
      "average": 0.0004699701912100271,
      "fastest": 8.839e-6,
      "slowest": 0.054001551
    },
    "DNSLookup": {
      "average": 2.314395132493823e-6,
      "fastest": 1.162e-6,
      "slowest": 0.004807804
    }
  },
  "statusCodeDistribution": {
    "200": 372470
  },
  "errorDistribution": {
    "aborted due to deadline": 100
  }
}