{
  "summary": {
    "successRate": 1.0,
    "total": 15.001864897,
    "slowest": 0.041891015,
    "fastest": 0.000985994,
    "average": 0.0057937683441547086,
    "requestsPerSec": 17248.12226856838,
    "totalData": 3621156,
    "sizePerRequest": 14,
    "sizePerSec": 241380.39002898507
  },
  "responseTimeHistogram": {
    "0.000985994": 1,
    "0.005076496099999999": 56543,
    "0.0091669982": 188477,
    "0.013257500299999999": 11856,
    "0.0173480024": 1670,
    "0.0214385045": 10,
    "0.025529006599999998": 31,
    "0.029619508699999998": 23,
    "0.033710010799999995": 25,
    "0.03780051289999999": 1,
    "0.041891015": 17
  },
  "latencyPercentiles": {
    "p10": 0.004800927,
    "p25": 0.005146655,
    "p50": 0.005398695,
    "p75": 0.005782203,
    "p90": 0.007356863,
    "p95": 0.00929503,
    "p99": 0.012653179,
    "p99.9": 0.015492404,
    "p99.99": 0.031684082
  },
  "rps": {
    "mean": 17280.776763667352,
    "stddev": 3242.639738782138,
    "max": 22435.292689705882,
    "min": 28.236009784229168,
    "percentiles": {
      "p10": 11037.385464131226,
      "p25": 17003.914301072393,
      "p50": 18434.22012633751,
      "p75": 19241.567558395924,
      "p90": 20051.900333633424,
      "p95": 20453.183527840512,
      "p99": 21313.367744250183,
      "p99.9": 22043.92251561241,
      "p99.99": 22435.292689705882
    }
  },
  "details": {
    "DNSDialup": {
      "average": 0.00031422273500506795,
      "fastest": 0.000012173,
      "slowest": 0.0167583
    },
    "DNSLookup": {
      "average": 1.2925991478964354e-6,
      "fastest": 7.99e-7,
      "slowest": 0.000066771
    }
  },
  "statusCodeDistribution": {
    "200": 258654
  },
  "errorDistribution": {
    "aborted due to deadline": 100
  }
}