{
  "summary": {
    "successRate": 1.0,
    "total": 15.000359244,
    "slowest": 0.038990435,
    "fastest": 0.000362461,
    "average": 0.0011398990480471405,
    "requestsPerSec": 87625.56806936163,
    "totalData": 18400410,
    "sizePerRequest": 14,
    "sizePerSec": 1226664.621872972
  },
  "responseTimeHistogram": {
    "0.000362461": 1,
    "0.004225258399999999": 1314082,
    "0.008088055799999999": 132,
    "0.011950853199999998": 12,
    "0.0158136506": 9,
    "0.019676448": 0,
    "0.0235392454": 0,
    "0.027402042799999998": 0,
    "0.0312648402": 3,
    "0.0351276376": 7,
    "0.038990435": 69
  },
  "latencyPercentiles": {
    "p10": 0.001058913,
    "p25": 0.001082302,
    "p50": 0.001127163,
    "p75": 0.001253333,
    "p90": 0.001266982,
    "p95": 0.001274413,
    "p99": 0.001298934,
    "p99.9": 0.002501139,
    "p99.99": 0.0055607
  },
  "rps": {
    "mean": 87724.8402694601,
    "stddev": 4482.188180943546,
    "max": 90433.46458998932,
    "percentiles": {
      "p10": 86836.38444508302,
      "p25": 87538.74464838569,
      "p50": 88123.36150313605,
      "p75": 88645.89197828122,
      "p90": 89119.59739946839,
      "p95": 89336.54513221355,
      "p99": 89744.56579007772,
      "p99.9": 90049.7914638944,
      "p99.99": 90433.46458998932
    }
  },
  "details": {
    "DNSDialup": {
      "average": 0.02083883854999999,
      "fastest": 0.000354987,
      "slowest": 0.027706513
    },
    "DNSLookup": {
      "average": 0.00002729494,
      "fastest": 6.833e-6,
      "slowest": 0.00011431
    }
  },
  "statusCodeDistribution": {
    "200": 1314315
  },
  "errorDistribution": {
    "aborted due to deadline": 100
  }
}