{
  "summary": {
    "successRate": 1.0,
    "total": 15.001454806,
    "slowest": 0.073828953,
    "fastest": 0.000776313,
    "average": 0.004042801325998721,
    "requestsPerSec": 24724.202072165346,
    "totalData": 5191186,
    "sizePerRequest": 14,
    "sizePerSec": 346045.5047282299
  },
  "responseTimeHistogram": {
    "0.000776313": 1,
    "0.008081577000000001": 360371,
    "0.015386841000000002": 10304,
    "0.022692105000000004": 21,
    "0.029997369000000003": 2,
    "0.037302633": 0,
    "0.04460789700000001": 1,
    "0.051913161000000006": 20,
    "0.059218425000000005": 1,
    "0.06652368900000001": 48,
    "0.073828953": 30
  },
  "latencyPercentiles": {
    "p10": 0.003062132,
    "p25": 0.00326101,
    "p50": 0.003465643,
    "p75": 0.004345759,
    "p90": 0.005873502,
    "p95": 0.007011295,
    "p99": 0.009218277,
    "p99.9": 0.011469309,
    "p99.99": 0.06615897
  },
  "rps": {
    "mean": 24791.42340713009,
    "stddev": 6562.684136045276,
    "max": 59305.08130483912,
    "percentiles": {
      "p10": 15206.356256914902,
      "p25": 19096.234151521396,
      "p50": 28368.19435324257,
      "p75": 30102.748380927962,
      "p90": 30934.68491197885,
      "p95": 31553.527403889533,
      "p99": 32596.51207070282,
      "p99.9": 33345.28623323346,
      "p99.99": 59305.08130483912
    }
  },
  "details": {
    "DNSDialup": {
      "average": 0.00048327463340786393,
      "fastest": 8.849e-6,
      "slowest": 0.023788976
    },
    "DNSLookup": {
      "average": 2.3401157500424774e-6,
      "fastest": 1.169e-6,
      "slowest": 0.004897756
    }
  },
  "statusCodeDistribution": {
    "200": 370799
  },
  "errorDistribution": {
    "aborted due to deadline": 100
  }
}