{
  "summary": {
    "successRate": 1.0,
    "total": 15.000574092,
    "slowest": 0.067521191,
    "fastest": 0.001109575,
    "average": 0.004062625322685364,
    "requestsPerSec": 24601.191776840697,
    "totalData": 5165048,
    "sizePerRequest": 14,
    "sizePerSec": 344323.3551144277
  },
  "responseTimeHistogram": {
    "0.001109575": 1,
    "0.007750736599999999": 356770,
    "0.014391898199999998": 12032,
    "0.021033059799999997": 25,
    "0.027674221399999997": 4,
    "0.034315383": 15,
    "0.04095654459999999": 6,
    "0.04759770619999999": 0,
    "0.05423886779999999": 1,
    "0.060880029399999994": 51,
    "0.067521191": 27
  },
  "latencyPercentiles": {
    "p10": 0.003068716,
    "p25": 0.003264418,
    "p50": 0.003472434,
    "p75": 0.004440748,
    "p90": 0.005945633,
    "p95": 0.007039965,
    "p99": 0.009048975,
    "p99.9": 0.011718693,
    "p99.99": 0.06001401
  },
  "rps": {
    "mean": 24649.74338459427,
    "stddev": 6503.102403148861,
    "max": 33397.87446233976,
    "percentiles": {
      "p10": 15105.020908949995,
      "p25": 18690.138400477408,
      "p50": 28421.702812266412,
      "p75": 30089.347307897286,
      "p90": 30935.315756466825,
      "p95": 31435.95699520527,
      "p99": 32272.21746126024,
      "p99.9": 33373.12671705123,
      "p99.99": 33397.87446233976
    }
  },
  "details": {
    "DNSDialup": {
      "average": 0.0004953153890093409,
      "fastest": 8.96e-6,
      "slowest": 0.029640822
    },
    "DNSLookup": {
      "average": 2.3709910688148174e-6,
      "fastest": 1.167e-6,
      "slowest": 0.00219349
    }
  },
  "statusCodeDistribution": {
    "200": 368932
  },
  "errorDistribution": {
    "aborted due to deadline": 100
  }
}