{
  "summary": {
    "successRate": 1.0,
    "total": 15.000949544,
    "slowest": 0.094775314,
    "fastest": 0.001068282,
    "average": 0.00408022562539049,
    "requestsPerSec": 24494.449429500728,
    "totalData": 5142760,
    "sizePerRequest": 14,
    "sizePerSec": 342828.9645875767
  },
  "responseTimeHistogram": {
    "0.001068282": 1,
    "0.0104389852": 366738,
    "0.0198096884": 498,
    "0.0291803916": 3,
    "0.0385510948": 0,
    "0.047921797999999995": 0,
    "0.0572925012": 0,
    "0.06666320440000001": 21,
    "0.0760339076": 0,
    "0.0854046108": 10,
    "0.094775314": 69
  },
  "latencyPercentiles": {
    "p10": 0.003077779,
    "p25": 0.003267984,
    "p50": 0.003491992,
    "p75": 0.004529108,
    "p90": 0.005925428,
    "p95": 0.006906188,
    "p99": 0.00884366,
    "p99.9": 0.011113462,
    "p99.99": 0.086745194
  },
  "rps": {
    "mean": 24587.43524143216,
    "stddev": 6352.514421560597,
    "max": 39979.97964563657,
    "percentiles": {
      "p10": 15553.99439537781,
      "p25": 18688.130223819728,
      "p50": 28070.848362506174,
      "p75": 30019.10415788633,
      "p90": 30910.23128655473,
      "p95": 31471.600698236343,
      "p99": 32582.036625437486,
      "p99.9": 33335.4807109253,
      "p99.99": 39979.97964563657
    }
  },
  "details": {
    "DNSDialup": {
      "average": 0.000504512794223333,
      "fastest": 8.993e-6,
      "slowest": 0.032135054
    },
    "DNSLookup": {
      "average": 2.3681818560462716e-6,
      "fastest": 1.172e-6,
      "slowest": 0.003797355
    }
  },
  "statusCodeDistribution": {
    "200": 367340
  },
  "errorDistribution": {
    "aborted due to deadline": 100
  }
}