{
  "summary": {
    "successRate": 1.0,
    "total": 15.001943074,
    "slowest": 0.086299031,
    "fastest": 0.000286445,
    "average": 0.004023050328594196,
    "requestsPerSec": 24841.78203861381,
    "totalData": 5216050,
    "sizePerRequest": 14,
    "sizePerSec": 347691.62729593227
  },
  "responseTimeHistogram": {
    "0.000286445": 1,
    "0.0088877036": 369285,
    "0.0174889622": 3180,
    "0.026090220799999998": 9,
    "0.0346914794": 0,
    "0.043292738000000004": 0,
    "0.0518939966": 0,
    "0.0604952552": 8,
    "0.0690965138": 13,
    "0.07769777239999999": 28,
    "0.086299031": 51
  },
  "latencyPercentiles": {
    "p10": 0.003064939,
    "p25": 0.003257944,
    "p50": 0.003478996,
    "p75": 0.004434778,
    "p90": 0.005790352,
    "p95": 0.006540218,
    "p99": 0.008744239,
    "p99.9": 0.011334979,
    "p99.99": 0.079184868
  },
  "rps": {
    "mean": 24922.612799994633,
    "stddev": 6147.604302257022,
    "max": 33680.78217722421,
    "percentiles": {
      "p10": 16395.50213992003,
      "p25": 19097.63179153154,
      "p50": 28372.899054981528,
      "p75": 30105.72610910575,
      "p90": 30905.297167934343,
      "p95": 31421.883056320552,
      "p99": 32250.743198786906,
      "p99.9": 33124.485496996094,
      "p99.99": 33680.78217722421
    }
  },
  "details": {
    "DNSDialup": {
      "average": 0.000503567406940896,
      "fastest": 8.764e-6,
      "slowest": 0.019424585
    },
    "DNSLookup": {
      "average": 2.3080042917534013e-6,
      "fastest": 1.164e-6,
      "slowest": 0.003038509
    }
  },
  "statusCodeDistribution": {
    "200": 372575
  },
  "errorDistribution": {
    "aborted due to deadline": 100
  }
}