{
  "summary": {
    "successRate": 1.0,
    "total": 15.00093411,
    "slowest": 0.078852759,
    "fastest": 0.000988743,
    "average": 0.004053904507096769,
    "requestsPerSec": 24651.06487958569,
    "totalData": 5175646,
    "sizePerRequest": 14,
    "sizePerSec": 345021.5807927444
  },
  "responseTimeHistogram": {
    "0.000988743": 1,
    "0.0087751446": 365413,
    "0.0165615462": 4145,
    "0.0243479478": 4,
    "0.0321343494": 0,
    "0.039920751": 26,
    "0.0477071526": 47,
    "0.055493554199999996": 0,
    "0.0632799558": 0,
    "0.07106635739999999": 2,
    "0.078852759": 51
  },
  "latencyPercentiles": {
    "p10": 0.003079801,
    "p25": 0.003270605,
    "p50": 0.003488299,
    "p75": 0.004466476,
    "p90": 0.005864228,
    "p95": 0.006792923,
    "p99": 0.008905847,
    "p99.9": 0.011219899,
    "p99.99": 0.076973533
  },
  "rps": {
    "mean": 24734.02273328122,
    "stddev": 6350.65012662662,
    "max": 51951.07455602576,
    "percentiles": {
      "p10": 15882.836719724482,
      "p25": 18905.92861562469,
      "p50": 28326.21026244525,
      "p75": 30036.642653754876,
      "p90": 30804.5287808567,
      "p95": 31311.14650981475,
      "p99": 32232.374196642857,
      "p99.9": 33501.12563782304,
      "p99.99": 51951.07455602576
    }
  },
  "details": {
    "DNSDialup": {
      "average": 0.0004854419688981869,
      "fastest": 8.765e-6,
      "slowest": 0.035040594
    },
    "DNSLookup": {
      "average": 2.3585344627510864e-6,
      "fastest": 1.168e-6,
      "slowest": 0.001909395
    }
  },
  "statusCodeDistribution": {
    "200": 369689
  },
  "errorDistribution": {
    "aborted due to deadline": 100
  }
}