{
  "summary": {
    "successRate": 1.0,
    "total": 15.001876829,
    "slowest": 0.09818639,
    "fastest": 0.000215114,
    "average": 0.004099164307669819,
    "requestsPerSec": 24374.5502091537,
    "totalData": 5117896,
    "sizePerRequest": 14,
    "sizePerSec": 341150.38127140456
  },
  "responseTimeHistogram": {
    "0.000215114": 1,
    "0.010012241600000001": 364307,
    "0.0198093692": 1153,
    "0.0296064968": 3,
    "0.039403624400000004": 0,
    "0.049200752": 0,
    "0.058997879600000004": 19,
    "0.06879500720000001": 2,
    "0.0785921348": 0,
    "0.0883892624": 2,
    "0.09818639": 77
  },
  "latencyPercentiles": {
    "p10": 0.003082161,
    "p25": 0.003282348,
    "p50": 0.003527033,
    "p75": 0.004511651,
    "p90": 0.005913898,
    "p95": 0.006997477,
    "p99": 0.009017917,
    "p99.9": 0.011465129,
    "p99.99": 0.096704172
  },
  "rps": {
    "mean": 24469.87372630394,
    "stddev": 6284.339607564661,
    "max": 33049.1473870781,
    "percentiles": {
      "p10": 15399.349195135434,
      "p25": 18837.54699867618,
      "p50": 28041.74574689109,
      "p75": 29737.00472868435,
      "p90": 30803.174080252997,
      "p95": 31260.563686244324,
      "p99": 32028.05135211083,
      "p99.9": 32731.151740698395,
      "p99.99": 33049.1473870781
    }
  },
  "details": {
    "DNSDialup": {
      "average": 0.0005106894217483319,
      "fastest": 9.074e-6,
      "slowest": 0.040737953
    },
    "DNSLookup": {
      "average": 2.3563732725322815e-6,
      "fastest": 1.158e-6,
      "slowest": 0.001625222
    }
  },
  "statusCodeDistribution": {
    "200": 365564
  },
  "errorDistribution": {
    "aborted due to deadline": 100
  }
}