{
  "summary": {
    "successRate": 1.0,
    "total": 15.000606495,
    "slowest": 0.065729427,
    "fastest": 0.000041154,
    "average": 0.00039063944041470397,
    "requestsPerSec": 255212.61432169846,
    "totalData": 53595416,
    "sizePerRequest": 14,
    "sizePerSec": 3572883.2709440393
  },
  "responseTimeHistogram": {
    "0.000041154": 1,
    "0.0066099813000000006": 3828086,
    "0.013178808600000001": 0,
    "0.019747635900000005": 0,
    "0.026316463200000004": 78,
    "0.032885290500000004": 0,
    "0.03945411780000001": 0,
    "0.046022945100000004": 57,
    "0.05259177240000001": 0,
    "0.05916059970000001": 0,
    "0.065729427": 22
  },
  "latencyPercentiles": {
    "p10": 0.000275426,
    "p25": 0.000315268,
    "p50": 0.000391232,
    "p75": 0.000439381,
    "p90": 0.000471042,
    "p95": 0.000551053,
    "p99": 0.000767755,
    "p99.9": 0.001383036,
    "p99.99": 0.002535571
  },
  "rps": {
    "mean": 255833.0866197566,
    "stddev": 27819.40188959891,
    "max": 317141.2864431176,
    "percentiles": {
      "p10": 229620.43621884694,
      "p25": 240854.29125898064,
      "p50": 255502.78498035387,
      "p75": 273816.86711901147,
      "p90": 285342.05941954715,
      "p95": 292856.02335727995,
      "p99": 304001.8102062441,
      "p99.9": 314526.26294295647,
      "p99.99": 317141.2864431176
    }
  },
  "details": {
    "DNSDialup": {
      "average": 0.000060279256304981935,
      "fastest": 9.574e-6,
      "slowest": 0.043283342
    },
    "DNSLookup": {
      "average": 2.5026370160834285e-6,
      "fastest": 1.156e-6,
      "slowest": 0.001589934
    }
  },
  "statusCodeDistribution": {
    "200": 3828244
  },
  "errorDistribution": {
    "aborted due to deadline": 100
  }
}