{
  "summary": {
    "successRate": 0.9999926923440299,
    "total": 15.001486497,
    "slowest": 0.052225944,
    "fastest": 0.000037731,
    "average": 0.0007803760900346325,
    "requestsPerSec": 127713.94357373464,
    "totalData": 24905205,
    "sizePerRequest": 13,
    "sizePerSec": 1660182.4762486403
  },
  "responseTimeHistogram": {
    "0.000037731": 1,
    "0.005256552300000001": 1913296,
    "0.0104753736": 2329,
    "0.0156941949": 77,
    "0.020913016200000002": 3,
    "0.026131837500000005": 0,
    "0.0313506588": 0,
    "0.0365694801": 0,
    "0.041788301400000005": 0,
    "0.04700712270000001": 0,
    "0.05222594400000001": 79
  },
  "latencyPercentiles": {
    "p10": 0.000365191,
    "p25": 0.000521516,
    "p50": 0.000715229,
    "p75": 0.000927033,
    "p90": 0.001166448,
    "p95": 0.001378831,
    "p99": 0.002561491,
    "p99.9": 0.0056238,
    "p99.99": 0.009893066
  },
  "rps": {
    "mean": 128072.10968577776,
    "stddev": 18874.104023300297,
    "max": 237121.9280954268,
    "percentiles": {
      "p10": 109004.94882468181,
      "p25": 115057.28702320957,
      "p50": 123959.72040619586,
      "p75": 137894.62447298193,
      "p90": 153443.66778273383,
      "p95": 164120.5424780648,
      "p99": 187598.8396895842,
      "p99.9": 207505.07395973496,
      "p99.99": 237121.9280954268
    }
  },
  "details": {
    "DNSDialup": {
      "average": 0.00038517390909522195,
      "fastest": 0.000012524,
      "slowest": 0.051682127
    },
    "DNSLookup": {
      "average": 2.5018377349232293e-6,
      "fastest": 1.106e-6,
      "slowest": 0.004040914
    }
  },
  "statusCodeDistribution": {
    "200": 1915785
  },
  "errorDistribution": {
    "aborted due to deadline": 100,
    "connection closed before message completed": 2,
    "connection error": 12
  }
}