{
  "summary": {
    "successRate": 1.0,
    "total": 15.00894211,
    "slowest": 0.026708003,
    "fastest": 7.472e-6,
    "average": 0.00008289952965890229,
    "requestsPerSec": 1193425.017481129,
    "totalData": 232855428,
    "sizePerRequest": 13,
    "sizePerSec": 15514446.407575624
  },
  "responseTimeHistogram": {
    "0.000007472": 1,
    "0.0026775251": 17910654,
    "0.0053475782": 923,
    "0.0080176313": 314,
    "0.0106876844": 48,
    "0.0133577375": 0,
    "0.0160277906": 0,
    "0.0186978437": 11,
    "0.0213678968": 0,
    "0.0240379499": 0,
    "0.026708003": 5
  },
  "latencyPercentiles": {
    "p10": 0.000022896,
    "p25": 0.000040792,
    "p50": 0.000069569,
    "p75": 0.000109656,
    "p90": 0.00015383,
    "p95": 0.000187333,
    "p99": 0.000280274,
    "p99.9": 0.000505193,
    "p99.99": 0.001558858
  },
  "firstByteHistogram": {
    "0.000007422": 1,
    "0.00267747": 17910654,
    "0.005347518": 923,
    "0.008017566": 314,
    "0.010687614": 48,
    "0.013357662": 0,
    "0.01602771": 0,
    "0.018697758": 11,
    "0.021367806": 0,
    "0.024037854": 0,
    "0.026707902": 5
  },
  "firstBytePercentiles": {
    "p10": 0.000022837,
    "p25": 0.000040716,
    "p50": 0.000069496,
    "p75": 0.000109573,
    "p90": 0.000153731,
    "p95": 0.000187233,
    "p99": 0.000280167,
    "p99.9": 0.000505069,
    "p99.99": 0.001558812
  },
  "rps": {
    "mean": 1193832.8826296623,
    "stddev": 47666.12765347238,
    "max": 1519602.8771147805,
    "min": 181402.81174358202,
    "percentiles": {
      "p10": 1160947.7038372732,
      "p25": 1180422.6641151642,
      "p50": 1196322.7427133832,
      "p75": 1211329.193033519,
      "p90": 1223901.5910720767,
      "p95": 1231955.9307993166,
      "p99": 1282309.1043946424,
      "p99.9": 1497416.0223514386,
      "p99.99": 1519602.8771147805
    }
  },
  "details": {
    "DNSDialup": {
      "average": 0.005524646449999999,
      "fastest": 0.000034092,
      "slowest": 0.026529336
    },
    "DNSLookup": {
      "average": 5.694499999999999e-6,
      "fastest": 7.99e-7,
      "slowest": 0.000075722
    },
    "firstByte": {
      "average": 0.00008282217113430864,
      "fastest": 7.422e-6,
      "slowest": 0.026707902
    }
  },
  "statusCodeDistribution": {
    "200": 17911956
  },
  "errorDistribution": {
    "aborted due to deadline": 91
  }
}