{
  "summary": {
    "successRate": 1.0,
    "total": 15.000527918,
    "slowest": 0.054882841,
    "fastest": 0.000010547,
    "average": 0.00011733370975178277,
    "requestsPerSec": 836948.4106579295,
    "totalData": 163209384,
    "sizePerRequest": 13,
    "sizePerSec": 10880242.674936503
  },
  "responseTimeHistogram": {
    "0.000010547": 1,
    "0.0054977763999999995": 12554488,
    "0.0109850058": 0,
    "0.016472235199999997": 0,
    "0.0219594646": 0,
    "0.027446694": 0,
    "0.032933923399999995": 0,
    "0.0384211528": 0,
    "0.0439083822": 0,
    "0.0493956116": 0,
    "0.054882841": 79
  },
  "latencyPercentiles": {
    "p10": 0.000061834,
    "p25": 0.00008144,
    "p50": 0.00010798,
    "p75": 0.000140869,
    "p90": 0.000182094,
    "p95": 0.000214642,
    "p99": 0.000297427,
    "p99.9": 0.000429489,
    "p99.99": 0.000623865
  },
  "rps": {
    "mean": 838898.9300485132,
    "stddev": 47975.23467581541,
    "max": 1109044.2866616938,
    "percentiles": {
      "p10": 795220.6757375664,
      "p25": 816704.981900384,
      "p50": 841053.8300459182,
      "p75": 863025.6565355822,
      "p90": 881260.8951278523,
      "p95": 894143.9224620475,
      "p99": 942763.799991577,
      "p99.9": 1084495.1102211666,
      "p99.99": 1109044.2866616938
    }
  },
  "details": {
    "DNSDialup": {
      "average": 0.013822642920000001,
      "fastest": 0.00010021,
      "slowest": 0.05455374
    },
    "DNSLookup": {
      "average": 0.00004785795999999996,
      "fastest": 1.322e-6,
      "slowest": 0.000505328
    }
  },
  "statusCodeDistribution": {
    "200": 12554568
  },
  "errorDistribution": {
    "aborted due to deadline": 100
  }
}