{
  "summary": {
    "successRate": 0.999993695871865,
    "total": 15.005240642,
    "slowest": 0.022080643,
    "fastest": 0.000025942,
    "average": 0.00040980546498201644,
    "requestsPerSec": 243147.91658774117,
    "totalData": 47428940,
    "sizePerRequest": 13,
    "sizePerSec": 3160825.0165109215
  },
  "responseTimeHistogram": {
    "0.000025942": 1,
    "0.0022314121": 3624872,
    "0.0044368822": 22707,
    "0.0066423522999999995": 692,
    "0.008847822399999998": 33,
    "0.011053292499999997": 54,
    "0.013258762599999998": 14,
    "0.015464232699999999": 0,
    "0.0176697028": 0,
    "0.019875172899999998": 0,
    "0.022080642999999997": 7
  },
  "latencyPercentiles": {
    "p10": 0.000121637,
    "p25": 0.000167025,
    "p50": 0.000268965,
    "p75": 0.00050692,
    "p90": 0.000865811,
    "p95": 0.001174028,
    "p99": 0.001990525,
    "p99.9": 0.003347438,
    "p99.99": 0.005086963
  },
  "firstByteHistogram": {
    "0.000025899": 1,
    "0.0022313681999999997": 3624876,
    "0.0044368374": 22703,
    "0.0066423066": 692,
    "0.008847775799999999": 33,
    "0.011053245": 54,
    "0.013258714199999999": 14,
    "0.015464183399999998": 0,
    "0.0176696526": 0,
    "0.0198751218": 0,
    "0.022080591": 7
  },
  "firstBytePercentiles": {
    "p10": 0.00012158,
    "p25": 0.000166963,
    "p50": 0.000268888,
    "p75": 0.000506837,
    "p90": 0.000865704,
    "p95": 0.001173937,
    "p99": 0.001990376,
    "p99.9": 0.003347143,
    "p99.99": 0.005086895
  },
  "rps": {
    "mean": 243045.699058924,
    "stddev": 18218.686324244936,
    "max": 293437.6034980966,
    "min": 83.8373565343716,
    "percentiles": {
      "p10": 224661.33254378565,
      "p25": 233932.11887992523,
      "p50": 242988.22902597,
      "p75": 252692.25794338316,
      "p90": 262604.0966239254,
      "p95": 268367.01124270755,
      "p99": 278382.20626551844,
      "p99.9": 292163.1656764198,
      "p99.99": 293437.6034980966
    }
  },
  "details": {
    "DNSDialup": {
      "average": 0.00010817337716520928,
      "fastest": 8.067e-6,
      "slowest": 0.020899165
    },
    "DNSLookup": {
      "average": 1.787671632889189e-6,
      "fastest": 7.25e-7,
      "slowest": 0.003951715
    },
    "firstByte": {
      "average": 0.00040972824578935826,
      "fastest": 0.000025899,
      "slowest": 0.022080591
    }
  },
  "statusCodeDistribution": {
    "200": 3648380
  },
  "errorDistribution": {
    "aborted due to deadline": 90,
    "connection closed before message completed": 3,
    "connection error": 13,
    "operation was canceled": 7
  }
}