{
  "summary": {
    "successRate": 1.0,
    "total": 15.000429206,
    "slowest": 0.048496227,
    "fastest": 0.00003288,
    "average": 0.00027970556936938535,
    "requestsPerSec": 356454.8004973932,
    "totalData": 74856250,
    "sizePerRequest": 14,
    "sizePerSec": 4990273.87630071
  },
  "responseTimeHistogram": {
    "0.00003288": 1,
    "0.0048792147000000004": 5346794,
    "0.009725549400000002": 0,
    "0.014571884100000003": 1,
    "0.0194182188": 0,
    "0.0242645535": 0,
    "0.029110888200000004": 0,
    "0.0339572229": 0,
    "0.038803557600000003": 0,
    "0.04364989230000001": 0,
    "0.048496227": 79
  },
  "latencyPercentiles": {
    "p10": 0.000141218,
    "p25": 0.000180123,
    "p50": 0.000238002,
    "p75": 0.000329449,
    "p90": 0.00046734,
    "p95": 0.000581461,
    "p99": 0.000851452,
    "p99.9": 0.001241469,
    "p99.99": 0.001671023
  },
  "rps": {
    "mean": 357351.09060141933,
    "stddev": 12507.928827482483,
    "max": 380633.87641499756,
    "percentiles": {
      "p10": 346477.153768739,
      "p25": 352800.282240194,
      "p50": 358035.4455090884,
      "p75": 363319.8735970921,
      "p90": 367885.16541579046,
      "p95": 370221.6949913209,
      "p99": 374305.61458422587,
      "p99.9": 380106.49982114846,
      "p99.99": 380633.87641499756
    }
  },
  "details": {
    "DNSDialup": {
      "average": 0.00008380154679097406,
      "fastest": 0.000013735,
      "slowest": 0.047864172
    },
    "DNSLookup": {
      "average": 1.928859166148481e-6,
      "fastest": 1.16e-6,
      "slowest": 0.000895796
    }
  },
  "statusCodeDistribution": {
    "200": 5346875
  },
  "errorDistribution": {
    "aborted due to deadline": 100
  }
}