{
  "summary": {
    "successRate": 1.0,
    "total": 15.001181668,
    "slowest": 0.0488988,
    "fastest": 5.39e-6,
    "average": 0.000025187472016201967,
    "requestsPerSec": 1128460.102320521,
    "totalData": 236993890,
    "sizePerRequest": 14,
    "sizePerSec": 15798348.106505979
  },
  "responseTimeHistogram": {
    "0.00000539": 1,
    "0.004894731": 16928084,
    "0.009784072": 0,
    "0.014673413": 0,
    "0.019562754": 5,
    "0.024452095": 0,
    "0.029341436000000002": 0,
    "0.034230777000000004": 0,
    "0.039120118": 0,
    "0.044009459": 2,
    "0.0488988": 43
  },
  "latencyPercentiles": {
    "p10": 0.000012383,
    "p25": 0.000015318,
    "p50": 0.000022459,
    "p75": 0.000033193,
    "p90": 0.000038084,
    "p95": 0.000041715,
    "p99": 0.000071562,
    "p99.9": 0.000109311,
    "p99.99": 0.000222635
  },
  "rps": {
    "mean": 1130609.754642012,
    "stddev": 102161.46946079933,
    "max": 1200224.1031723283,
    "percentiles": {
      "p10": 1096593.5487613236,
      "p25": 1133107.4785093972,
      "p50": 1149346.6634745435,
      "p75": 1163820.8045996143,
      "p90": 1173136.6018619058,
      "p95": 1178107.1864538293,
      "p99": 1187717.459446647,
      "p99.9": 1199009.3522729485,
      "p99.99": 1200224.1031723283
    }
  },
  "details": {
    "DNSDialup": {
      "average": 0.00850491641269841,
      "fastest": 0.000079133,
      "slowest": 0.046665004
    },
    "DNSLookup": {
      "average": 0.00009684599999999996,
      "fastest": 5.339e-6,
      "slowest": 0.001884178
    }
  },
  "statusCodeDistribution": {
    "200": 16928135
  },
  "errorDistribution": {
    "aborted due to deadline": 100
  }
}