{
  "summary": {
    "successRate": 1.0,
    "total": 15.000992183,
    "slowest": 0.036508359,
    "fastest": 7.915e-6,
    "average": 0.00007175092013692703,
    "requestsPerSec": 1372981.9167121954,
    "totalData": 288343874,
    "sizePerRequest": 14,
    "sizePerSec": 19221653.50681058
  },
  "responseTimeHistogram": {
    "0.000007915": 1,
    "0.0036579594": 20595834,
    "0.0073080038": 77,
    "0.0109580482": 0,
    "0.0146080926": 0,
    "0.018258137": 0,
    "0.0219081814": 0,
    "0.0255582258": 0,
    "0.0292082702": 0,
    "0.032858314599999994": 0,
    "0.036508359": 79
  },
  "latencyPercentiles": {
    "p10": 0.000038755,
    "p25": 0.000050513,
    "p50": 0.000067279,
    "p75": 0.00008733,
    "p90": 0.000109354,
    "p95": 0.000124818,
    "p99": 0.000161793,
    "p99.9": 0.000242809,
    "p99.99": 0.000456243
  },
  "rps": {
    "mean": 1374482.8392010406,
    "stddev": 60813.23223076722,
    "max": 1474108.8446530455,
    "percentiles": {
      "p10": 1341117.0795209906,
      "p25": 1362896.901969727,
      "p50": 1381233.9796961045,
      "p75": 1396697.6291644468,
      "p90": 1409848.1750432,
      "p95": 1417810.775361933,
      "p99": 1435266.634456279,
      "p99.9": 1454125.4332719713,
      "p99.99": 1474108.8446530455
    }
  },
  "details": {
    "DNSDialup": {
      "average": 0.013737093030000001,
      "fastest": 0.000034575,
      "slowest": 0.036348777
    },
    "DNSLookup": {
      "average": 0.00003206077,
      "fastest": 1.435e-6,
      "slowest": 0.000461431
    }
  },
  "statusCodeDistribution": {
    "200": 20595991
  },
  "errorDistribution": {
    "aborted due to deadline": 100
  }
}