{
  "summary": {
    "successRate": 1.0,
    "total": 15.000356872,
    "slowest": 0.034251108,
    "fastest": 0.000030407,
    "average": 0.00026808143705562063,
    "requestsPerSec": 371921.6181058869,
    "totalData": 78103998,
    "sizePerRequest": 14,
    "sizePerSec": 5206809.322369567
  },
  "responseTimeHistogram": {
    "0.000030407": 1,
    "0.0034524771": 5578777,
    "0.006874547199999999": 0,
    "0.010296617299999998": 0,
    "0.013718687399999999": 0,
    "0.0171407575": 0,
    "0.020562827599999996": 0,
    "0.023984897699999997": 0,
    "0.027406967799999998": 0,
    "0.030829037899999998": 0,
    "0.034251108": 79
  },
  "latencyPercentiles": {
    "p10": 0.000158657,
    "p25": 0.000195325,
    "p50": 0.000242514,
    "p75": 0.000302636,
    "p90": 0.000392596,
    "p95": 0.000489599,
    "p99": 0.00076261,
    "p99.9": 0.001093653,
    "p99.99": 0.00146643
  },
  "rps": {
    "mean": 372504.31477294816,
    "stddev": 14195.03221684226,
    "max": 401871.74567442667,
    "percentiles": {
      "p10": 358603.2991503621,
      "p25": 366489.1817155729,
      "p50": 373700.3737003794,
      "p75": 380247.68820208294,
      "p90": 385053.25286487385,
      "p95": 387026.6661372943,
      "p99": 393103.2453090371,
      "p99.9": 397114.0578376485,
      "p99.99": 401871.74567442667
    }
  },
  "details": {
    "DNSDialup": {
      "average": 0.00010628326057004322,
      "fastest": 0.000012839,
      "slowest": 0.033973976
    },
    "DNSLookup": {
      "average": 1.9499050886229796e-6,
      "fastest": 1.141e-6,
      "slowest": 0.001242364
    }
  },
  "statusCodeDistribution": {
    "200": 5578857
  },
  "errorDistribution": {
    "aborted due to deadline": 100
  }
}