{
  "summary": {
    "successRate": 1.0,
    "total": 15.000776891,
    "slowest": 0.037603126,
    "fastest": 0.000030938,
    "average": 0.0002805668968375032,
    "requestsPerSec": 355406.05921541667,
    "totalData": 74637738,
    "sizePerRequest": 14,
    "sizePerSec": 4975591.500516239
  },
  "responseTimeHistogram": {
    "0.000030938": 1,
    "0.0037881568": 5331185,
    "0.0075453756": 1,
    "0.0113025944": 1,
    "0.0150598132": 0,
    "0.018817032": 0,
    "0.0225742508": 0,
    "0.0263314696": 0,
    "0.0300886884": 0,
    "0.033845907200000004": 0,
    "0.037603126": 79
  },
  "latencyPercentiles": {
    "p10": 0.000141371,
    "p25": 0.000180202,
    "p50": 0.000238022,
    "p75": 0.000330101,
    "p90": 0.000470211,
    "p95": 0.000587366,
    "p99": 0.000865207,
    "p99.9": 0.001261131,
    "p99.99": 0.001683712
  },
  "rps": {
    "mean": 355830.9388936053,
    "stddev": 15372.56800671386,
    "max": 381201.61753551284,
    "percentiles": {
      "p10": 344614.30856618943,
      "p25": 351327.3684020238,
      "p50": 356918.4969410327,
      "p75": 362230.9707479954,
      "p90": 366712.8349492182,
      "p95": 369731.6984309833,
      "p99": 374671.78701434785,
      "p99.9": 380209.0109535619,
      "p99.99": 381201.61753551284
    }
  },
  "details": {
    "DNSDialup": {
      "average": 0.00008370055253187583,
      "fastest": 0.000012327,
      "slowest": 0.036956995
    },
    "DNSLookup": {
      "average": 1.9149006667640726e-6,
      "fastest": 1.137e-6,
      "slowest": 0.001316472
    }
  },
  "statusCodeDistribution": {
    "200": 5331267
  },
  "errorDistribution": {
    "aborted due to deadline": 100
  }
}