{
  "summary": {
    "successRate": 1.0,
    "total": 15.000849541,
    "slowest": 0.021533293,
    "fastest": 8.138e-6,
    "average": 0.00007383690453678422,
    "requestsPerSec": 1336149.859060839,
    "totalData": 280605962,
    "sizePerRequest": 14,
    "sizePerSec": 18706004.698804148
  },
  "responseTimeHistogram": {
    "0.000008138": 1,
    "0.0021606534999999995": 20043049,
    "0.0043131689999999995": 77,
    "0.006465684499999999": 77,
    "0.008618199999999998": 0,
    "0.010770715499999998": 0,
    "0.012923230999999997": 0,
    "0.015075746499999996": 0,
    "0.017228261999999998": 0,
    "0.019380777499999998": 0,
    "0.021533293": 79
  },
  "latencyPercentiles": {
    "p10": 0.000039833,
    "p25": 0.000051972,
    "p50": 0.000069338,
    "p75": 0.00009004,
    "p90": 0.000112784,
    "p95": 0.00012871,
    "p99": 0.000166254,
    "p99.9": 0.000243083,
    "p99.99": 0.000407056
  },
  "rps": {
    "mean": 1337178.1186017336,
    "stddev": 51284.88264386192,
    "max": 1418608.5235520524,
    "percentiles": {
      "p10": 1306703.3974289102,
      "p25": 1325499.4876729469,
      "p50": 1342550.345637863,
      "p75": 1356874.0853251917,
      "p90": 1369320.2659399393,
      "p95": 1378350.5854664855,
      "p99": 1393900.1393900241,
      "p99.9": 1409407.328918111,
      "p99.99": 1418608.5235520524
    }
  },
  "details": {
    "DNSDialup": {
      "average": 0.01658756165,
      "fastest": 0.000072641,
      "slowest": 0.021331804
    },
    "DNSLookup": {
      "average": 0.00002786642,
      "fastest": 1.336e-6,
      "slowest": 0.000355173
    }
  },
  "statusCodeDistribution": {
    "200": 20043283
  },
  "errorDistribution": {
    "aborted due to deadline": 100
  }
}