{
  "summary": {
    "successRate": 1.0,
    "total": 15.001032429,
    "slowest": 0.051325815,
    "fastest": 6.581e-6,
    "average": 0.000025285025964807252,
    "requestsPerSec": 1004933.698487107,
    "totalData": 211049202,
    "sizePerRequest": 14,
    "sizePerSec": 14068978.451909725
  },
  "responseTimeHistogram": {
    "0.000006581": 1,
    "0.0051385044000000005": 15074923,
    "0.0102704278": 0,
    "0.0154023512": 0,
    "0.0205342746": 0,
    "0.025666198": 0,
    "0.0307981214": 0,
    "0.0359300448": 0,
    "0.0410619682": 0,
    "0.0461938916": 0,
    "0.051325815000000004": 19
  },
  "latencyPercentiles": {
    "p10": 0.000014743,
    "p25": 0.000019005,
    "p50": 0.00002468,
    "p75": 0.000031609,
    "p90": 0.000035205,
    "p95": 0.000037281,
    "p99": 0.000041941,
    "p99.9": 0.000054698,
    "p99.99": 0.000124931
  },
  "rps": {
    "mean": 1007638.543119864,
    "stddev": 40366.112478097755,
    "max": 1048000.5240001415,
    "percentiles": {
      "p10": 977200.3908802095,
      "p25": 996669.7328555838,
      "p50": 1018157.1186142188,
      "p75": 1026993.1329712874,
      "p90": 1032339.3658143851,
      "p95": 1034716.1415717877,
      "p99": 1039813.9636104432,
      "p99.9": 1046443.0088077111,
      "p99.99": 1048000.5240001415
    }
  },
  "details": {
    "DNSDialup": {
      "average": 0.03729991130769231,
      "fastest": 0.00008689,
      "slowest": 0.051275788
    },
    "DNSLookup": {
      "average": 0.00005656338461538461,
      "fastest": 1.663e-6,
      "slowest": 0.000372865
    }
  },
  "statusCodeDistribution": {
    "200": 15074943
  },
  "errorDistribution": {
    "aborted due to deadline": 100
  }
}