{
  "summary": {
    "successRate": 1.0,
    "total": 15.000378737,
    "slowest": 0.051503391,
    "fastest": 0.000030277,
    "average": 0.00028189208157984927,
    "requestsPerSec": 353705.8025683635,
    "totalData": 74278694,
    "sizePerRequest": 14,
    "sizePerSec": 4951787.904980282
  },
  "responseTimeHistogram": {
    "0.000030277": 1,
    "0.0051775884000000005": 5305540,
    "0.0103248998": 1,
    "0.0154722112": 0,
    "0.0206195226": 0,
    "0.025766834": 0,
    "0.0309141454": 0,
    "0.0360614568": 0,
    "0.0412087682": 0,
    "0.0463560796": 0,
    "0.051503391": 79
  },
  "latencyPercentiles": {
    "p10": 0.000140694,
    "p25": 0.000179536,
    "p50": 0.000237775,
    "p75": 0.000331083,
    "p90": 0.000475276,
    "p95": 0.000595893,
    "p99": 0.000881455,
    "p99.9": 0.001277025,
    "p99.99": 0.001711094
  },
  "rps": {
    "mean": 354669.27782147314,
    "stddev": 12590.156679143918,
    "max": 380785.9433874224,
    "percentiles": {
      "p10": 343833.6613154257,
      "p25": 350039.5257550146,
      "p50": 355531.2511969842,
      "p75": 360623.0445828146,
      "p90": 365027.35804522247,
      "p95": 367918.13851427264,
      "p99": 373221.4229096655,
      "p99.9": 379125.22506183584,
      "p99.99": 380785.9433874224
    }
  },
  "details": {
    "DNSDialup": {
      "average": 0.00008427334521594396,
      "fastest": 0.000013668,
      "slowest": 0.050918357
    },
    "DNSLookup": {
      "average": 1.935455699530584e-6,
      "fastest": 1.136e-6,
      "slowest": 0.000691277
    }
  },
  "statusCodeDistribution": {
    "200": 5305621
  },
  "errorDistribution": {
    "aborted due to deadline": 100
  }
}