{
  "summary": {
    "successRate": 1.0,
    "total": 15.000895553,
    "slowest": 0.070543777,
    "fastest": 6.697e-6,
    "average": 0.00004348352218722981,
    "requestsPerSec": 1245754.424059218,
    "totalData": 261622648,
    "sizePerRequest": 14,
    "sizePerSec": 17440468.609067716
  },
  "responseTimeHistogram": {
    "0.000006697": 1,
    "0.0070604050000000005": 18687260,
    "0.014114113000000001": 32,
    "0.021167821000000003": 0,
    "0.028221529000000002": 0,
    "0.035275237": 0,
    "0.04232894500000001": 0,
    "0.049382653000000006": 0,
    "0.056436361000000004": 0,
    "0.06349006900000001": 0,
    "0.070543777": 39
  },
  "latencyPercentiles": {
    "p10": 0.000016863,
    "p25": 0.000022596,
    "p50": 0.000039709,
    "p75": 0.000064209,
    "p90": 0.000074038,
    "p95": 0.000078738,
    "p99": 0.000089921,
    "p99.9": 0.000166145,
    "p99.99": 0.000322977
  },
  "rps": {
    "mean": 1250776.2104335718,
    "stddev": 62454.03722493557,
    "max": 1322620.3683535066,
    "percentiles": {
      "p10": 1209002.281592921,
      "p25": 1235027.2941032082,
      "p50": 1259756.9410137727,
      "p75": 1280051.2020480253,
      "p90": 1294609.709572733,
      "p95": 1302397.2890775031,
      "p99": 1313103.151447619,
      "p99.9": 1322008.0642491828,
      "p99.99": 1322620.3683535066
    }
  },
  "details": {
    "DNSDialup": {
      "average": 0.049752082600000004,
      "fastest": 0.000094975,
      "slowest": 0.070452716
    },
    "DNSLookup": {
      "average": 0.000021432036363636363,
      "fastest": 1.447e-6,
      "slowest": 0.000339202
    }
  },
  "statusCodeDistribution": {
    "200": 18687332
  },
  "errorDistribution": {
    "aborted due to deadline": 100
  }
}