{
  "summary": {
    "successRate": 1.0,
    "total": 15.000848254,
    "slowest": 0.03431658,
    "fastest": 0.000029269,
    "average": 0.0002675345787282813,
    "requestsPerSec": 372688.1910500793,
    "totalData": 78267546,
    "sizePerRequest": 14,
    "sizePerSec": 5217541.346645503
  },
  "responseTimeHistogram": {
    "0.000029269": 1,
    "0.0034580001": 5590459,
    "0.0068867312": 0,
    "0.0103154623": 0,
    "0.0137441934": 0,
    "0.0171729245": 0,
    "0.020601655599999998": 0,
    "0.0240303867": 0,
    "0.0274591178": 0,
    "0.030887848899999997": 0,
    "0.03431658": 79
  },
  "latencyPercentiles": {
    "p10": 0.0001585,
    "p25": 0.000194908,
    "p50": 0.000241956,
    "p75": 0.000301762,
    "p90": 0.00039167,
    "p95": 0.000489474,
    "p99": 0.000760918,
    "p99.9": 0.001087703,
    "p99.99": 0.001412083
  },
  "rps": {
    "mean": 373285.17954513064,
    "stddev": 14337.34512379349,
    "max": 400657.8634008866,
    "percentiles": {
      "p10": 359863.44392516324,
      "p25": 366940.1623362476,
      "p50": 374909.672669564,
      "p75": 381335.4192090457,
      "p90": 386040.8817293715,
      "p95": 388182.877044288,
      "p99": 392662.9663885901,
      "p99.9": 400306.16471493966,
      "p99.99": 400657.8634008866
    }
  },
  "details": {
    "DNSDialup": {
      "average": 0.00010680802557141891,
      "fastest": 0.000013078,
      "slowest": 0.034056894
    },
    "DNSLookup": {
      "average": 1.9464717961898117e-6,
      "fastest": 1.127e-6,
      "slowest": 0.001037126
    }
  },
  "statusCodeDistribution": {
    "200": 5590539
  },
  "errorDistribution": {
    "aborted due to deadline": 100
  }
}