{
  "summary": {
    "successRate": 1.0,
    "total": 15.000414282,
    "slowest": 0.041612462,
    "fastest": 0.000029079,
    "average": 0.00027467802009174347,
    "requestsPerSec": 363028.5069216064,
    "totalData": 76236692,
    "sizePerRequest": 14,
    "sizePerSec": 5082305.76614684
  },
  "responseTimeHistogram": {
    "0.000029079": 1,
    "0.0041874173": 5445396,
    "0.0083457556": 0,
    "0.012504093899999999": 1,
    "0.0166624322": 1,
    "0.020820770500000002": 0,
    "0.0249791088": 0,
    "0.029137447099999998": 0,
    "0.0332957854": 0,
    "0.0374541237": 0,
    "0.041612462": 79
  },
  "latencyPercentiles": {
    "p10": 0.000138196,
    "p25": 0.000176182,
    "p50": 0.000232866,
    "p75": 0.000323192,
    "p90": 0.000460627,
    "p95": 0.000574693,
    "p99": 0.000848294,
    "p99.9": 0.001238054,
    "p99.99": 0.00166354
  },
  "rps": {
    "mean": 363773.63546809444,
    "stddev": 12522.29823076119,
    "max": 382102.8620905094,
    "percentiles": {
      "p10": 353954.04426550237,
      "p25": 359600.8990022018,
      "p50": 364717.0376974354,
      "p75": 369818.4898441696,
      "p90": 373681.2756774883,
      "p95": 376011.9947826363,
      "p99": 379813.4833786536,
      "p99.9": 381662.4781476809,
      "p99.99": 382102.8620905094
    }
  },
  "details": {
    "DNSDialup": {
      "average": 0.00008200081892131744,
      "fastest": 0.000013251,
      "slowest": 0.04111684
    },
    "DNSLookup": {
      "average": 1.869549627232002e-6,
      "fastest": 1.095e-6,
      "slowest": 0.000904359
    }
  },
  "statusCodeDistribution": {
    "200": 5445478
  },
  "errorDistribution": {
    "aborted due to deadline": 100
  }
}