{
  "summary": {
    "successRate": 1.0,
    "total": 15.003285727,
    "slowest": 0.036786941,
    "fastest": 5.365e-6,
    "average": 0.000040531911863108746,
    "requestsPerSec": 2434038.09435429,
    "totalData": 511258748,
    "sizePerRequest": 14,
    "sizePerSec": 34076452.1387429
  },
  "responseTimeHistogram": {
    "0.000005365": 1,
    "0.0036835225999999996": 36517585,
    "0.0073616802": 383,
    "0.0110398378": 146,
    "0.0147179954": 200,
    "0.018396153": 133,
    "0.0220743106": 5,
    "0.0257524682": 12,
    "0.0294306258": 2,
    "0.0331087834": 11,
    "0.036786941": 4
  },
  "latencyPercentiles": {
    "p10": 0.000014457,
    "p25": 0.000018465,
    "p50": 0.000025855,
    "p75": 0.000043281,
    "p90": 0.000077524,
    "p95": 0.000112698,
    "p99": 0.00022916,
    "p99.9": 0.000556292,
    "p99.99": 0.001468483
  },
  "firstByteHistogram": {
    "0.000005319": 1,
    "0.0036834744": 36517585,
    "0.0073616298": 383,
    "0.011039785199999999": 146,
    "0.0147179406": 200,
    "0.018396096": 133,
    "0.022074251399999998": 5,
    "0.0257524068": 12,
    "0.0294305622": 2,
    "0.0331087176": 11,
    "0.036786873": 4
  },
  "firstBytePercentiles": {
    "p10": 0.000014409,
    "p25": 0.000018416,
    "p50": 0.000025804,
    "p75": 0.00004323,
    "p90": 0.000077472,
    "p95": 0.000112646,
    "p99": 0.000229106,
    "p99.9": 0.00055624,
    "p99.99": 0.001468422
  },
  "rps": {
    "mean": 2433712.7006372083,
    "stddev": 85436.03649216585,
    "max": 2509126.2090482255,
    "min": 401572.44366883783,
    "percentiles": {
      "p10": 2348502.159843904,
      "p25": 2431935.7020122204,
      "p50": 2456485.4856946096,
      "p75": 2467631.0921517564,
      "p90": 2479184.7881197482,
      "p95": 2486822.600354234,
      "p99": 2499223.2427761364,
      "p99.9": 2507653.6637884025,
      "p99.99": 2509126.2090482255
    }
  },
  "details": {
    "DNSDialup": {
      "average": 0.00247316147,
      "fastest": 0.000029668,
      "slowest": 0.014150636
    },
    "DNSLookup": {
      "average": 5.059110000000003e-6,
      "fastest": 8.24e-7,
      "slowest": 0.000022103
    },
    "firstByte": {
      "average": 0.00004048173103978537,
      "fastest": 5.319e-6,
      "slowest": 0.036786873
    }
  },
  "statusCodeDistribution": {
    "200": 36518482
  },
  "errorDistribution": {
    "aborted due to deadline": 87
  }
}