{
  "summary": {
    "successRate": 1.0,
    "total": 15.000910527,
    "slowest": 0.051849116,
    "fastest": 7.322e-6,
    "average": 0.000028906662602727905,
    "requestsPerSec": 1252316.7821171551,
    "totalData": 263001088,
    "sizePerRequest": 14,
    "sizePerSec": 17532341.621972
  },
  "responseTimeHistogram": {
    "0.000007322": 1,
    "0.0051915014": 18785756,
    "0.010375680800000002": 8,
    "0.015559860200000003": 0,
    "0.020744039600000003": 0,
    "0.025928219000000006": 0,
    "0.031112398400000005": 0,
    "0.0362965778": 0,
    "0.0414807572": 0,
    "0.046664936600000005": 0,
    "0.05184911600000001": 27
  },
  "latencyPercentiles": {
    "p10": 0.000016206,
    "p25": 0.000019937,
    "p50": 0.000025776,
    "p75": 0.000035723,
    "p90": 0.000044575,
    "p95": 0.000049902,
    "p99": 0.00006474,
    "p99.9": 0.000157862,
    "p99.99": 0.000236814
  },
  "rps": {
    "mean": 1255705.7089805233,
    "stddev": 72300.30687725345,
    "max": 1362450.4106652804,
    "percentiles": {
      "p10": 1192900.2385800928,
      "p25": 1237290.5696697473,
      "p50": 1269476.8033465573,
      "p75": 1294902.978276894,
      "p90": 1312579.8048522375,
      "p95": 1322329.487947583,
      "p99": 1339286.5626181737,
      "p99.9": 1350094.953711407,
      "p99.99": 1362450.4106652804
    }
  },
  "details": {
    "DNSDialup": {
      "average": 0.03391611792682927,
      "fastest": 0.000089183,
      "slowest": 0.051731228
    },
    "DNSLookup": {
      "average": 0.000018958585365853656,
      "fastest": 1.536e-6,
      "slowest": 0.000361981
    }
  },
  "statusCodeDistribution": {
    "200": 18785792
  },
  "errorDistribution": {
    "aborted due to deadline": 100
  }
}