{
  "summary": {
    "successRate": 1.0,
    "total": 15.000413769,
    "slowest": 0.052401351,
    "fastest": 0.00003392,
    "average": 0.00029803158610493345,
    "requestsPerSec": 334558.10468183894,
    "totalData": 70257740,
    "sizePerRequest": 14,
    "sizePerSec": 4683720.134786903
  },
  "responseTimeHistogram": {
    "0.00003392": 1,
    "0.0052706631": 5018330,
    "0.0105074062": 0,
    "0.0157441493": 0,
    "0.0209808924": 0,
    "0.0262176355": 0,
    "0.0314543786": 0,
    "0.0366911217": 0,
    "0.0419278648": 0,
    "0.047164607899999995": 0,
    "0.052401351": 79
  },
  "latencyPercentiles": {
    "p10": 0.000173873,
    "p25": 0.000215195,
    "p50": 0.000268929,
    "p75": 0.000338266,
    "p90": 0.00044331,
    "p95": 0.000551675,
    "p99": 0.00082557,
    "p99.9": 0.001189316,
    "p99.99": 0.001588845
  },
  "rps": {
    "mean": 335487.15688559075,
    "stddev": 12081.29629065703,
    "max": 355787.6660809312,
    "percentiles": {
      "p10": 325232.1654611171,
      "p25": 330975.04025845486,
      "p50": 336870.67546770367,
      "p75": 341682.0378572868,
      "p90": 345015.04265582474,
      "p95": 347290.4691671846,
      "p99": 350722.2357897507,
      "p99.9": 355006.532120203,
      "p99.99": 355787.6660809312
    }
  },
  "details": {
    "DNSDialup": {
      "average": 0.00011590420487086527,
      "fastest": 0.000015219,
      "slowest": 0.052005611
    },
    "DNSLookup": {
      "average": 1.8842094719245035e-6,
      "fastest": 1.072e-6,
      "slowest": 0.000967264
    }
  },
  "statusCodeDistribution": {
    "200": 5018410
  },
  "errorDistribution": {
    "aborted due to deadline": 100
  }
}