{
  "summary": {
    "successRate": 1.0,
    "total": 15.000301732,
    "slowest": 0.067190747,
    "fastest": 0.000031638,
    "average": 0.0003731734698545459,
    "requestsPerSec": 267287.2900580931,
    "totalData": 56130060,
    "sizePerRequest": 14,
    "sizePerSec": 3741928.7293573753
  },
  "responseTimeHistogram": {
    "0.000031638": 1,
    "0.006747548899999999": 4009210,
    "0.013463459799999999": 0,
    "0.020179370699999997": 0,
    "0.026895281599999998": 0,
    "0.0336111925": 0,
    "0.040327103399999994": 0,
    "0.0470430143": 0,
    "0.053758925199999995": 0,
    "0.06047483609999999": 0,
    "0.067190747": 79
  },
  "latencyPercentiles": {
    "p10": 0.000191071,
    "p25": 0.000243712,
    "p50": 0.000320103,
    "p75": 0.000430191,
    "p90": 0.000592342,
    "p95": 0.00074961,
    "p99": 0.001250069,
    "p99.9": 0.002125832,
    "p99.99": 0.003091983
  },
  "rps": {
    "mean": 268319.4424867895,
    "stddev": 18215.882251288403,
    "max": 322743.87922134355,
    "percentiles": {
      "p10": 246779.13697554084,
      "p25": 258056.14653104488,
      "p50": 269346.0581759849,
      "p75": 280464.1276074609,
      "p90": 290001.7542204198,
      "p95": 294006.4681423183,
      "p99": 303828.5294989123,
      "p99.9": 312305.7151945856,
      "p99.99": 322743.87922134355
    }
  },
  "details": {
    "DNSDialup": {
      "average": 0.0001591194476580781,
      "fastest": 0.000014466,
      "slowest": 0.066597466
    },
    "DNSLookup": {
      "average": 1.8418567487011249e-6,
      "fastest": 1.128e-6,
      "slowest": 0.002498529
    }
  },
  "statusCodeDistribution": {
    "200": 4009290
  },
  "errorDistribution": {
    "aborted due to deadline": 100
  }
}