{
  "summary": {
    "successRate": 1.0,
    "total": 15.000681005,
    "slowest": 0.05401855,
    "fastest": 0.000030606,
    "average": 0.00029251268498623715,
    "requestsPerSec": 340633.8684421614,
    "totalData": 71534960,
    "sizePerRequest": 14,
    "sizePerSec": 4768780.829094099
  },
  "responseTimeHistogram": {
    "0.000030606": 1,
    "0.005429400399999999": 5109560,
    "0.0108281948": 0,
    "0.016226989199999996": 0,
    "0.021625783599999997": 0,
    "0.027024577999999997": 0,
    "0.0324233724": 0,
    "0.0378221668": 0,
    "0.0432209612": 0,
    "0.048619755599999995": 0,
    "0.05401855": 79
  },
  "latencyPercentiles": {
    "p10": 0.000181931,
    "p25": 0.000221081,
    "p50": 0.000270936,
    "p75": 0.000331935,
    "p90": 0.000412026,
    "p95": 0.000490792,
    "p99": 0.000759806,
    "p99.9": 0.001061904,
    "p99.99": 0.001346905
  },
  "rps": {
    "mean": 341620.06900296424,
    "stddev": 13755.407310484965,
    "max": 369169.77308711124,
    "percentiles": {
      "p10": 327848.2872030668,
      "p25": 335430.1216249188,
      "p50": 343309.72178708226,
      "p75": 349421.10935647576,
      "p90": 354018.0195171905,
      "p95": 356279.29493739014,
      "p99": 361709.766163687,
      "p99.9": 366139.9314971084,
      "p99.99": 369169.77308711124
    }
  },
  "details": {
    "DNSDialup": {
      "average": 0.00012781756731218815,
      "fastest": 0.000012703,
      "slowest": 0.053579485
    },
    "DNSLookup": {
      "average": 1.7273123253301928e-6,
      "fastest": 8.45e-7,
      "slowest": 0.001341533
    }
  },
  "statusCodeDistribution": {
    "200": 5109640
  },
  "errorDistribution": {
    "aborted due to deadline": 100
  }
}