{
  "summary": {
    "successRate": 1.0,
    "total": 15.000706859,
    "slowest": 0.072524978,
    "fastest": 6.903e-6,
    "average": 0.00002951728722416523,
    "requestsPerSec": 1163939.7505807898,
    "totalData": 244437466,
    "sizePerRequest": 14,
    "sizePerSec": 16295063.179195749
  },
  "responseTimeHistogram": {
    "0.000006903": 1,
    "0.0072587105": 17459776,
    "0.014510518000000002": 0,
    "0.021762325500000002": 0,
    "0.029014133": 0,
    "0.0362659405": 0,
    "0.04351774800000001": 0,
    "0.05076955550000001": 0,
    "0.058021363000000006": 0,
    "0.0652731705": 0,
    "0.072524978": 42
  },
  "latencyPercentiles": {
    "p10": 0.00001652,
    "p25": 0.00002098,
    "p50": 0.000027383,
    "p75": 0.000037517,
    "p90": 0.0000432,
    "p95": 0.000046686,
    "p99": 0.000055539,
    "p99.9": 0.000099339,
    "p99.99": 0.000197642
  },
  "rps": {
    "mean": 1168801.402925807,
    "stddev": 53372.28314114542,
    "max": 1237800.2475600964,
    "percentiles": {
      "p10": 1122010.7713034041,
      "p25": 1148611.8307018394,
      "p50": 1176745.0693361734,
      "p75": 1198032.9459059974,
      "p90": 1215208.6279813508,
      "p95": 1221548.373315489,
      "p99": 1229725.7012671249,
      "p99.9": 1235928.783779194,
      "p99.99": 1237800.2475600964
    }
  },
  "details": {
    "DNSDialup": {
      "average": 0.05716831703773585,
      "fastest": 0.000111535,
      "slowest": 0.072412998
    },
    "DNSLookup": {
      "average": 0.000028257679245283023,
      "fastest": 1.354e-6,
      "slowest": 0.000415933
    }
  },
  "statusCodeDistribution": {
    "200": 17459819
  },
  "errorDistribution": {
    "aborted due to deadline": 100
  }
}