{
  "summary": {
    "successRate": 1.0,
    "total": 15.000181418,
    "slowest": 0.029709034,
    "fastest": 7.175e-6,
    "average": 0.000025802079351488137,
    "requestsPerSec": 1174850.457398648,
    "totalData": 246720180,
    "sizePerRequest": 14,
    "sizePerSec": 16447813.071376547
  },
  "responseTimeHistogram": {
    "0.000007175": 1,
    "0.0029773608999999995": 17622842,
    "0.005947546799999999": 0,
    "0.008917732699999998": 0,
    "0.011887918599999998": 0,
    "0.014858104499999998": 0,
    "0.0178282904": 0,
    "0.0207984763": 0,
    "0.0237686622": 0,
    "0.026738848099999997": 0,
    "0.029709034": 27
  },
  "latencyPercentiles": {
    "p10": 0.00001566,
    "p25": 0.000019047,
    "p50": 0.000024114,
    "p75": 0.000030729,
    "p90": 0.0000372,
    "p95": 0.00004138,
    "p99": 0.000053399,
    "p99.9": 0.0001405,
    "p99.99": 0.00020272
  },
  "rps": {
    "mean": 1176358.7366550846,
    "stddev": 61721.80377600822,
    "max": 1282032.8171596434,
    "percentiles": {
      "p10": 1119883.10088705,
      "p25": 1158566.122638393,
      "p50": 1186939.8805498076,
      "p75": 1209521.771391886,
      "p90": 1228937.1493858937,
      "p95": 1240000.6200001675,
      "p99": 1258632.5985843444,
      "p99.9": 1281477.9972937827,
      "p99.99": 1282032.8171596434
    }
  },
  "details": {
    "DNSDialup": {
      "average": 0.023833146393939394,
      "fastest": 0.000119664,
      "slowest": 0.029642694
    },
    "DNSLookup": {
      "average": 0.000022094666666666667,
      "fastest": 1.703e-6,
      "slowest": 0.000513973
    }
  },
  "statusCodeDistribution": {
    "200": 17622870
  },
  "errorDistribution": {
    "aborted due to deadline": 100
  }
}