{
  "summary": {
    "successRate": 1.0,
    "total": 15.000252663,
    "slowest": 0.036316167,
    "fastest": 8.15e-6,
    "average": 0.00007145691950903936,
    "requestsPerSec": 1378008.8552099077,
    "totalData": 289385334,
    "sizePerRequest": 14,
    "sizePerSec": 19292030.641177475
  },
  "responseTimeHistogram": {
    "0.00000815": 1,
    "0.0036389517000000008": 20670224,
    "0.007269753400000001": 77,
    "0.010900555100000002": 0,
    "0.014531356800000002": 0,
    "0.0181621585": 0,
    "0.021792960200000003": 0,
    "0.0254237619": 0,
    "0.029054563600000003": 0,
    "0.032685365300000005": 0,
    "0.036316167": 79
  },
  "latencyPercentiles": {
    "p10": 0.000038719,
    "p25": 0.000050361,
    "p50": 0.000066929,
    "p75": 0.000086888,
    "p90": 0.000108918,
    "p95": 0.000124554,
    "p99": 0.000161877,
    "p99.9": 0.000240778,
    "p99.99": 0.00039385
  },
  "rps": {
    "mean": 1380408.5949690572,
    "stddev": 51722.73717181036,
    "max": 1448396.0286567004,
    "percentiles": {
      "p10": 1346508.3483517617,
      "p25": 1368110.4065097347,
      "p50": 1385637.0011424166,
      "p75": 1401804.6872162689,
      "p90": 1413613.5706904272,
      "p95": 1420628.128436935,
      "p99": 1434078.4098394273,
      "p99.9": 1445949.3068713972,
      "p99.99": 1448396.0286567004
    }
  },
  "details": {
    "DNSDialup": {
      "average": 0.028232401600000005,
      "fastest": 0.000096245,
      "slowest": 0.036125438
    },
    "DNSLookup": {
      "average": 0.00004470489000000001,
      "fastest": 1.309e-6,
      "slowest": 0.000422541
    }
  },
  "statusCodeDistribution": {
    "200": 20670381
  },
  "errorDistribution": {
    "aborted due to deadline": 100
  }
}