{
  "summary": {
    "successRate": 1.0,
    "total": 15.000692825,
    "slowest": 0.059004557,
    "fastest": 8.17e-6,
    "average": 0.00007360661438468008,
    "requestsPerSec": 1339149.880232282,
    "totalData": 281233064,
    "sizePerRequest": 14,
    "sizePerSec": 18748004.994229324
  },
  "responseTimeHistogram": {
    "0.00000817": 1,
    "0.0059078086999999994": 20087996,
    "0.011807447399999999": 0,
    "0.017707086099999995": 0,
    "0.023606724799999996": 0,
    "0.029506363499999997": 0,
    "0.035406002199999995": 0,
    "0.041305640899999996": 0,
    "0.0472052796": 0,
    "0.0531049183": 0,
    "0.059004557": 79
  },
  "latencyPercentiles": {
    "p10": 0.000039244,
    "p25": 0.000051344,
    "p50": 0.000068704,
    "p75": 0.000089474,
    "p90": 0.000112298,
    "p95": 0.000128424,
    "p99": 0.000169157,
    "p99.9": 0.000278724,
    "p99.99": 0.000515192
  },
  "rps": {
    "mean": 1343518.7055878623,
    "stddev": 55242.34315454001,
    "max": 1420209.7994476217,
    "percentiles": {
      "p10": 1303253.6536057685,
      "p25": 1330106.0094487742,
      "p50": 1351410.4058600548,
      "p75": 1367464.134067887,
      "p90": 1381066.5674085666,
      "p95": 1389924.6083028421,
      "p99": 1404189.3064398882,
      "p99.9": 1415684.3747887388,
      "p99.99": 1420209.7994476217
    }
  },
  "details": {
    "DNSDialup": {
      "average": 0.015396865829999997,
      "fastest": 0.000075847,
      "slowest": 0.058911686
    },
    "DNSLookup": {
      "average": 7.1973899999999975e-6,
      "fastest": 1.062e-6,
      "slowest": 0.000050293
    }
  },
  "statusCodeDistribution": {
    "200": 20088076
  },
  "errorDistribution": {
    "aborted due to deadline": 100
  }
}