{
  "summary": {
    "successRate": 1.0,
    "total": 15.0004122,
    "slowest": 0.04290675,
    "fastest": 7.21e-6,
    "average": 0.000045389818733447326,
    "requestsPerSec": 1190787.4771601276,
    "totalData": 250070842,
    "sizePerRequest": 14,
    "sizePerSec": 16670931.349473184
  },
  "responseTimeHistogram": {
    "0.00000721": 1,
    "0.004297164": 17862129,
    "0.008587118000000001": 32,
    "0.012877072000000002": 4,
    "0.017167026000000002": 0,
    "0.02145698": 0,
    "0.025746934000000003": 0,
    "0.030036888000000005": 0,
    "0.034326842": 0,
    "0.038616796": 0,
    "0.04290675": 37
  },
  "latencyPercentiles": {
    "p10": 0.000024537,
    "p25": 0.000031742,
    "p50": 0.000041708,
    "p75": 0.000053989,
    "p90": 0.000068093,
    "p95": 0.000079246,
    "p99": 0.000117231,
    "p99.9": 0.000264795,
    "p99.99": 0.00032378
  },
  "rps": {
    "mean": 1193358.1745271892,
    "stddev": 64873.135152416486,
    "max": 1269346.8388984248,
    "percentiles": {
      "p10": 1153584.7363061637,
      "p25": 1184716.1110879793,
      "p50": 1205309.5219451804,
      "p75": 1221658.6934643083,
      "p90": 1234632.105635294,
      "p95": 1241597.092892674,
      "p99": 1255238.2847677583,
      "p99.9": 1268009.6828374327,
      "p99.99": 1269346.8388984248
    }
  },
  "details": {
    "DNSDialup": {
      "average": 0.027571837894736835,
      "fastest": 0.000084999,
      "slowest": 0.042778876
    },
    "DNSLookup": {
      "average": 0.00002683598245614036,
      "fastest": 1.333e-6,
      "slowest": 0.000301006
    }
  },
  "statusCodeDistribution": {
    "200": 17862203
  },
  "errorDistribution": {
    "aborted due to deadline": 100
  }
}