{
  "summary": {
    "successRate": 1.0,
    "total": 15.000657269,
    "slowest": 0.048068215,
    "fastest": 0.000033643,
    "average": 0.00037521979437497627,
    "requestsPerSec": 265906.8818433118,
    "totalData": 55841492,
    "sizePerRequest": 14,
    "sizePerSec": 3722603.016562527
  },
  "responseTimeHistogram": {
    "0.000033643": 1,
    "0.0048371002": 3988597,
    "0.0096405574": 1,
    "0.0144440146": 0,
    "0.0192474718": 0,
    "0.024050929": 0,
    "0.0288543862": 0,
    "0.0336578434": 0,
    "0.0384613006": 0,
    "0.0432647578": 0,
    "0.048068215": 79
  },
  "latencyPercentiles": {
    "p10": 0.000192661,
    "p25": 0.000245734,
    "p50": 0.000322994,
    "p75": 0.000433596,
    "p90": 0.000593558,
    "p95": 0.000750272,
    "p99": 0.001256695,
    "p99.9": 0.00211739,
    "p99.99": 0.003036935
  },
  "rps": {
    "mean": 266566.6670638277,
    "stddev": 17726.47087656831,
    "max": 314954.1721176069,
    "percentiles": {
      "p10": 245954.1591058214,
      "p25": 256581.07962115156,
      "p50": 267399.31210452097,
      "p75": 278014.65698874515,
      "p90": 286724.91639522696,
      "p95": 292366.0162464708,
      "p99": 302415.38900919846,
      "p99.9": 312202.9347075862,
      "p99.99": 314954.1721176069
    }
  },
  "details": {
    "DNSDialup": {
      "average": 0.00015969532245622015,
      "fastest": 0.000013312,
      "slowest": 0.047761294
    },
    "DNSLookup": {
      "average": 1.8755478389080148e-6,
      "fastest": 1.128e-6,
      "slowest": 0.001914497
    }
  },
  "statusCodeDistribution": {
    "200": 3988678
  },
  "errorDistribution": {
    "aborted due to deadline": 100
  }
}