{
  "summary": {
    "successRate": 1.0,
    "total": 15.002386837,
    "slowest": 0.026350693,
    "fastest": 0.000016257,
    "average": 0.0001866001486964051,
    "requestsPerSec": 533240.2161681441,
    "totalData": 111996962,
    "sizePerRequest": 14,
    "sizePerSec": 7465276.24016365
  },
  "responseTimeHistogram": {
    "0.000016257": 1,
    "0.0026497006000000003": 7999078,
    "0.005283144200000001": 591,
    "0.007916587800000001": 24,
    "0.010550031400000002": 67,
    "0.013183475000000002": 0,
    "0.0158169186": 0,
    "0.0184503622": 20,
    "0.0210838058": 0,
    "0.0237172494": 0,
    "0.026350693": 2
  },
  "latencyPercentiles": {
    "p10": 0.000068941,
    "p25": 0.000094609,
    "p50": 0.000137662,
    "p75": 0.000220797,
    "p90": 0.000355643,
    "p95": 0.000479175,
    "p99": 0.000817169,
    "p99.9": 0.001389991,
    "p99.99": 0.002485035
  },
  "firstByteHistogram": {
    "0.000016211": 1,
    "0.0026496533": 7999078,
    "0.005283095600000001": 591,
    "0.007916537900000001": 24,
    "0.010549980200000001": 67,
    "0.013183422500000002": 0,
    "0.0158168648": 0,
    "0.0184503071": 20,
    "0.0210837494": 0,
    "0.0237171917": 0,
    "0.026350634": 2
  },
  "firstBytePercentiles": {
    "p10": 0.00006889,
    "p25": 0.000094556,
    "p50": 0.000137606,
    "p75": 0.000220739,
    "p90": 0.000355585,
    "p95": 0.000479121,
    "p99": 0.000817104,
    "p99.9": 0.001389933,
    "p99.99": 0.002484986
  },
  "rps": {
    "mean": 532924.1983020327,
    "stddev": 27601.108117475545,
    "max": 553600.6999673236,
    "min": 62.144305415894856,
    "percentiles": {
      "p10": 527423.7336078476,
      "p25": 532169.075545966,
      "p50": 535981.7119878149,
      "p75": 539246.8199149824,
      "p90": 541869.1425025886,
      "p95": 543622.2885138501,
      "p99": 546915.6964804878,
      "p99.9": 550684.4793005659,
      "p99.99": 553600.6999673236
    }
  },
  "details": {
    "DNSDialup": {
      "average": 0.00003584525414089279,
      "fastest": 7.197e-6,
      "slowest": 0.016383499
    },
    "DNSLookup": {
      "average": 1.5615700360872719e-6,
      "fastest": 7.22e-7,
      "slowest": 0.001513039
    },
    "firstByte": {
      "average": 0.00018654475984736617,
      "fastest": 0.000016211,
      "slowest": 0.026350634
    }
  },
  "statusCodeDistribution": {
    "200": 7999783
  },
  "errorDistribution": {
    "aborted due to deadline": 93
  }
}