{
  "summary": {
    "successRate": 1.0,
    "total": 15.000706033,
    "slowest": 0.072162962,
    "fastest": 0.000027798,
    "average": 0.0002796153399125179,
    "requestsPerSec": 356451.222244947,
    "totalData": 74856880,
    "sizePerRequest": 14,
    "sizePerSec": 4990223.782488812
  },
  "responseTimeHistogram": {
    "0.000027798": 1,
    "0.0072413144": 5346839,
    "0.0144548308": 1,
    "0.021668347199999997": 0,
    "0.0288818636": 0,
    "0.03609538": 0,
    "0.0433088964": 0,
    "0.0505224128": 0,
    "0.0577359292": 0,
    "0.06494944559999999": 0,
    "0.072162962": 79
  },
  "latencyPercentiles": {
    "p10": 0.000140797,
    "p25": 0.000179625,
    "p50": 0.000237507,
    "p75": 0.000329272,
    "p90": 0.000467066,
    "p95": 0.000580862,
    "p99": 0.000849763,
    "p99.9": 0.00124027,
    "p99.99": 0.001675857
  },
  "rps": {
    "mean": 357727.4964670685,
    "stddev": 14450.75888168231,
    "max": 381096.76025731955,
    "percentiles": {
      "p10": 347711.09198383294,
      "p25": 353325.43943164893,
      "p50": 358630.94985099236,
      "p75": 363462.5175149498,
      "p90": 368179.413828365,
      "p95": 371352.62066634,
      "p99": 375122.56021498196,
      "p99.9": 379802.5446770487,
      "p99.99": 381096.76025731955
    }
  },
  "details": {
    "DNSDialup": {
      "average": 0.00008348451852393736,
      "fastest": 0.000013472,
      "slowest": 0.071322085
    },
    "DNSLookup": {
      "average": 1.9333544255385573e-6,
      "fastest": 1.138e-6,
      "slowest": 0.00073695
    }
  },
  "statusCodeDistribution": {
    "200": 5346920
  },
  "errorDistribution": {
    "aborted due to deadline": 100
  }
}