{
  "summary": {
    "successRate": 1.0,
    "total": 15.000767145,
    "slowest": 0.032238607,
    "fastest": 6.496e-6,
    "average": 0.000028953842027898913,
    "requestsPerSec": 1151754.0958402765,
    "totalData": 241879330,
    "sizePerRequest": 14,
    "sizePerSec": 16124464.01320364
  },
  "responseTimeHistogram": {
    "0.000006496": 1,
    "0.0032297071": 17277046,
    "0.0064529182": 10,
    "0.0096761293": 0,
    "0.0128993404": 0,
    "0.016122551500000002": 0,
    "0.019345762600000004": 0,
    "0.0225689737": 0,
    "0.025792184800000003": 0,
    "0.029015395900000004": 0,
    "0.032238607": 38
  },
  "latencyPercentiles": {
    "p10": 0.000014967,
    "p25": 0.000019612,
    "p50": 0.000028347,
    "p75": 0.000036734,
    "p90": 0.000042411,
    "p95": 0.000046222,
    "p99": 0.000058185,
    "p99.9": 0.000088054,
    "p99.99": 0.000187556
  },
  "rps": {
    "mean": 1152727.1982625343,
    "stddev": 62159.9693110931,
    "max": 1210253.6142351115,
    "percentiles": {
      "p10": 1098817.6909647502,
      "p25": 1137574.0560709375,
      "p50": 1167977.2032931186,
      "p75": 1183453.85270204,
      "p90": 1194235.4687934134,
      "p95": 1198500.5992501618,
      "p99": 1205416.0386062395,
      "p99.9": 1209343.5490792561,
      "p99.99": 1210253.6142351115
    }
  },
  "details": {
    "DNSDialup": {
      "average": 0.006393635712121213,
      "fastest": 0.000040096,
      "slowest": 0.031916228
    },
    "DNSLookup": {
      "average": 0.00004472604545454545,
      "fastest": 1.54e-6,
      "slowest": 0.000388905
    }
  },
  "statusCodeDistribution": {
    "200": 17277095
  },
  "errorDistribution": {
    "aborted due to deadline": 100
  }
}