{
  "summary": {
    "successRate": 1.0,
    "total": 15.00063116,
    "slowest": 0.05209174,
    "fastest": 0.000029558,
    "average": 0.0002805005430586665,
    "requestsPerSec": 355445.0438204095,
    "totalData": 74645200,
    "sizePerRequest": 14,
    "sizePerSec": 4976137.284079452
  },
  "responseTimeHistogram": {
    "0.000029558": 1,
    "0.005235776199999999": 5331720,
    "0.0104419944": 0,
    "0.0156482126": 0,
    "0.020854430799999997": 0,
    "0.026060648999999998": 0,
    "0.0312668672": 0,
    "0.036473085399999994": 0,
    "0.041679303599999995": 0,
    "0.046885521799999996": 0,
    "0.05209174": 79
  },
  "latencyPercentiles": {
    "p10": 0.000140926,
    "p25": 0.000179621,
    "p50": 0.000237298,
    "p75": 0.000329603,
    "p90": 0.000471311,
    "p95": 0.000588353,
    "p99": 0.00086663,
    "p99.9": 0.001272293,
    "p99.99": 0.001703351
  },
  "rps": {
    "mean": 356429.8911043577,
    "stddev": 12414.939971372074,
    "max": 384172.49344955944,
    "percentiles": {
      "p10": 346058.9338364596,
      "p25": 352091.08596391504,
      "p50": 357231.63985927304,
      "p75": 362024.61767398857,
      "p90": 366383.1689793488,
      "p95": 369248.33460700605,
      "p99": 374802.06141134154,
      "p99.9": 380510.3118294501,
      "p99.99": 384172.49344955944
    }
  },
  "details": {
    "DNSDialup": {
      "average": 0.00008401823520068424,
      "fastest": 0.000013501,
      "slowest": 0.051563931
    },
    "DNSLookup": {
      "average": 1.9256574766493752e-6,
      "fastest": 1.138e-6,
      "slowest": 0.000725766
    }
  },
  "statusCodeDistribution": {
    "200": 5331800
  },
  "errorDistribution": {
    "aborted due to deadline": 100
  }
}