{
  "summary": {
    "successRate": 1.0,
    "total": 15.001113304,
    "slowest": 0.030852798,
    "fastest": 8.082e-6,
    "average": 0.00007511646874921185,
    "requestsPerSec": 1311942.6939300718,
    "totalData": 275527014,
    "sizePerRequest": 14,
    "sizePerSec": 18367104.388614383
  },
  "responseTimeHistogram": {
    "0.000008082": 1,
    "0.0030925536000000003": 19680344,
    "0.006177025200000001": 77,
    "0.009261496800000001": 0,
    "0.0123459684": 0,
    "0.01543044": 0,
    "0.018514911600000003": 0,
    "0.021599383200000002": 0,
    "0.024683854800000002": 0,
    "0.0277683264": 0,
    "0.030852798": 79
  },
  "latencyPercentiles": {
    "p10": 0.000040737,
    "p25": 0.000053027,
    "p50": 0.000070504,
    "p75": 0.000091433,
    "p90": 0.000114445,
    "p95": 0.000130641,
    "p99": 0.000168901,
    "p99.9": 0.000246663,
    "p99.99": 0.000420816
  },
  "rps": {
    "mean": 1313750.6046583273,
    "stddev": 49638.824160249394,
    "max": 1388960.5586803562,
    "percentiles": {
      "p10": 1279567.0493132765,
      "p25": 1301907.6812554046,
      "p50": 1318739.6940648241,
      "p75": 1333716.0045920454,
      "p90": 1347067.3290491342,
      "p95": 1354626.82161103,
      "p99": 1365141.35019857,
      "p99.9": 1372442.3222686783,
      "p99.99": 1388960.5586803562
    }
  },
  "details": {
    "DNSDialup": {
      "average": 0.02383323280999999,
      "fastest": 0.000084901,
      "slowest": 0.030710083
    },
    "DNSLookup": {
      "average": 0.000034925070000000014,
      "fastest": 1.374e-6,
      "slowest": 0.000438622
    }
  },
  "statusCodeDistribution": {
    "200": 19680501
  },
  "errorDistribution": {
    "aborted due to deadline": 100
  }
}