{
  "summary": {
    "successRate": 1.0,
    "total": 15.001103695,
    "slowest": 0.040510007,
    "fastest": 7.207e-6,
    "average": 0.00004539425417434568,
    "requestsPerSec": 1191555.9257121715,
    "totalData": 250243756,
    "sizePerRequest": 14,
    "sizePerSec": 16681689.633503998
  },
  "responseTimeHistogram": {
    "0.000007207": 1,
    "0.004057487": 17874469,
    "0.008107767": 32,
    "0.012158047": 0,
    "0.016208326999999998": 0,
    "0.020258606999999998": 0,
    "0.024308886999999998": 0,
    "0.028359166999999998": 0,
    "0.032409447": 0,
    "0.036459727000000004": 0,
    "0.040510007": 52
  },
  "latencyPercentiles": {
    "p10": 0.000024603,
    "p25": 0.000031831,
    "p50": 0.000041799,
    "p75": 0.000054099,
    "p90": 0.000068349,
    "p95": 0.000079574,
    "p99": 0.000114287,
    "p99.9": 0.000248329,
    "p99.99": 0.0003219
  },
  "rps": {
    "mean": 1193961.0047414768,
    "stddev": 59167.53102959748,
    "max": 1272996.2385157072,
    "percentiles": {
      "p10": 1156140.9521592092,
      "p25": 1182001.1766003408,
      "p50": 1202414.4289731923,
      "p75": 1218672.0235165136,
      "p90": 1232708.628960486,
      "p95": 1241502.731306041,
      "p99": 1255211.5435050374,
      "p99.9": 1269105.3302424042,
      "p99.99": 1272996.2385157072
    }
  },
  "details": {
    "DNSDialup": {
      "average": 0.032075227153846156,
      "fastest": 0.000082147,
      "slowest": 0.040414988
    },
    "DNSLookup": {
      "average": 0.00004213986153846154,
      "fastest": 1.381e-6,
      "slowest": 0.000311267
    }
  },
  "statusCodeDistribution": {
    "200": 17874554
  },
  "errorDistribution": {
    "aborted due to deadline": 100
  }
}