{
  "summary": {
    "successRate": 1.0,
    "total": 15.000203509,
    "slowest": 0.032200744,
    "fastest": 0.000024058,
    "average": 0.0002905940546344169,
    "requestsPerSec": 343230.20997087995,
    "totalData": 72077922,
    "sizePerRequest": 14,
    "sizePerSec": 4805129.607525247
  },
  "responseTimeHistogram": {
    "0.000024058": 1,
    "0.0032417266": 5148307,
    "0.006459395200000001": 36,
    "0.0096770638": 0,
    "0.012894732400000001": 0,
    "0.016112401000000002": 0,
    "0.0193300696": 0,
    "0.0225477382": 2,
    "0.0257654068": 3,
    "0.028983075400000002": 16,
    "0.032200744": 58
  },
  "latencyPercentiles": {
    "p10": 0.000136362,
    "p25": 0.000175922,
    "p50": 0.000236961,
    "p75": 0.000337702,
    "p90": 0.000508215,
    "p95": 0.000657784,
    "p99": 0.001016395,
    "p99.9": 0.001552015,
    "p99.99": 0.002242708
  },
  "rps": {
    "mean": 343676.51976049965,
    "stddev": 21115.95587700455,
    "max": 368083.2972501368,
    "percentiles": {
      "p10": 335010.75384518784,
      "p25": 340212.9621138485,
      "p50": 345466.791366872,
      "p75": 350819.22489356436,
      "p90": 355238.1525775881,
      "p95": 357413.65320154675,
      "p99": 362423.57910594816,
      "p99.9": 367823.2096444966,
      "p99.99": 368083.2972501368
    }
  },
  "details": {
    "DNSDialup": {
      "average": 0.00008573259497092562,
      "fastest": 0.000011183,
      "slowest": 0.029199289
    },
    "DNSLookup": {
      "average": 1.8084896033213482e-6,
      "fastest": 9.6e-7,
      "slowest": 0.000888635
    }
  },
  "statusCodeDistribution": {
    "200": 5148423
  },
  "errorDistribution": {
    "aborted due to deadline": 100
  }
}