{
  "summary": {
    "successRate": 1.0,
    "total": 15.000707273,
    "slowest": 0.063094857,
    "fastest": 8.265e-6,
    "average": 0.00007254610518887416,
    "requestsPerSec": 1358245.2233217445,
    "totalData": 285243546,
    "sizePerRequest": 14,
    "sizePerSec": 19015339.79757169
  },
  "responseTimeHistogram": {
    "0.000008265": 1,
    "0.006316924200000002": 20374459,
    "0.012625583400000003": 0,
    "0.018934242600000005": 0,
    "0.025242901800000005": 0,
    "0.031551561000000006": 0,
    "0.03786022020000001": 0,
    "0.044168879400000007": 0,
    "0.05047753860000001": 0,
    "0.056786197800000014": 0,
    "0.063094857": 79
  },
  "latencyPercentiles": {
    "p10": 0.000038932,
    "p25": 0.000050757,
    "p50": 0.000067739,
    "p75": 0.00008824,
    "p90": 0.000110961,
    "p95": 0.000127072,
    "p99": 0.000165574,
    "p99.9": 0.000242284,
    "p99.99": 0.000368684
  },
  "rps": {
    "mean": 1363050.4951618752,
    "stddev": 51255.165337199665,
    "max": 1439976.1747396463,
    "percentiles": {
      "p10": 1328024.8373073814,
      "p25": 1351342.7017893095,
      "p50": 1368202.1891234699,
      "p75": 1383219.503394921,
      "p90": 1396529.7376126128,
      "p95": 1404111.9349514667,
      "p99": 1419000.318082868,
      "p99.9": 1434979.65945322,
      "p99.99": 1439976.1747396463
    }
  },
  "details": {
    "DNSDialup": {
      "average": 0.04925818719000001,
      "fastest": 0.000090034,
      "slowest": 0.062893736
    },
    "DNSLookup": {
      "average": 0.00005930381999999998,
      "fastest": 1.333e-6,
      "slowest": 0.000613192
    }
  },
  "statusCodeDistribution": {
    "200": 20374539
  },
  "errorDistribution": {
    "aborted due to deadline": 100
  }
}