{
  "summary": {
    "successRate": 1.0,
    "total": 15.000475173,
    "slowest": 0.053997255,
    "fastest": 9.573e-6,
    "average": 0.0000777718393427781,
    "requestsPerSec": 1270978.6043522423,
    "totalData": 266912562,
    "sizePerRequest": 14,
    "sizePerSec": 17793607.130554598
  },
  "responseTimeHistogram": {
    "0.000009573": 1,
    "0.0054083412": 19065103,
    "0.0108071094": 0,
    "0.016205877599999998": 0,
    "0.0216046458": 0,
    "0.027003414": 0,
    "0.0324021822": 0,
    "0.0378009504": 0,
    "0.0431997186": 0,
    "0.0485984868": 0,
    "0.053997255": 79
  },
  "latencyPercentiles": {
    "p10": 0.000041484,
    "p25": 0.000054037,
    "p50": 0.00007219,
    "p75": 0.000094435,
    "p90": 0.00011961,
    "p95": 0.000137914,
    "p99": 0.000182836,
    "p99.9": 0.000272449,
    "p99.99": 0.000421122
  },
  "rps": {
    "mean": 1274045.9496275405,
    "stddev": 56188.52365323789,
    "max": 1360933.615060292,
    "percentiles": {
      "p10": 1238613.6247498726,
      "p25": 1262236.7310888018,
      "p50": 1280204.9927994716,
      "p75": 1296075.3019749715,
      "p90": 1309400.9165805127,
      "p95": 1316408.0771031561,
      "p99": 1333326.7988884852,
      "p99.9": 1346620.0377141577,
      "p99.99": 1360933.615060292
    }
  },
  "details": {
    "DNSDialup": {
      "average": 0.04216251188000001,
      "fastest": 0.000150946,
      "slowest": 0.053879657
    },
    "DNSLookup": {
      "average": 0.00004438583,
      "fastest": 1.311e-6,
      "slowest": 0.000507633
    }
  },
  "statusCodeDistribution": {
    "200": 19065183
  },
  "errorDistribution": {
    "aborted due to deadline": 100
  }
}