{
  "summary": {
    "successRate": 1.0,
    "total": 15.000329459,
    "slowest": 0.021651586,
    "fastest": 0.000030265,
    "average": 0.00026605639707869564,
    "requestsPerSec": 374830.9005724219,
    "totalData": 78714818,
    "sizePerRequest": 14,
    "sizePerSec": 5247539.2767304955
  },
  "responseTimeHistogram": {
    "0.000030265": 1,
    "0.0021923970999999996": 5622404,
    "0.004354529199999999": 3,
    "0.006516661299999999": 0,
    "0.008678793399999999": 0,
    "0.0108409255": 0,
    "0.013003057599999998": 0,
    "0.015165189699999998": 0,
    "0.0173273218": 0,
    "0.0194894539": 1,
    "0.021651586": 78
  },
  "latencyPercentiles": {
    "p10": 0.000157814,
    "p25": 0.000194309,
    "p50": 0.000241225,
    "p75": 0.000300692,
    "p90": 0.000388954,
    "p95": 0.000483757,
    "p99": 0.000756951,
    "p99.9": 0.001082274,
    "p99.99": 0.001413546
  },
  "rps": {
    "mean": 375108.94488889806,
    "stddev": 14556.289430501261,
    "max": 401539.71227754414,
    "percentiles": {
      "p10": 361045.49173201015,
      "p25": 368973.79475897,
      "p50": 376715.93508407567,
      "p75": 383020.72142101655,
      "p90": 387733.33792275714,
      "p95": 390038.45779194153,
      "p99": 395924.65821972716,
      "p99.9": 400211.7262035779,
      "p99.99": 401539.71227754414
    }
  },
  "details": {
    "DNSDialup": {
      "average": 0.0001059372285324938,
      "fastest": 0.000013038,
      "slowest": 0.021245679
    },
    "DNSLookup": {
      "average": 1.9406827674300545e-6,
      "fastest": 1.124e-6,
      "slowest": 0.000946718
    }
  },
  "statusCodeDistribution": {
    "200": 5622487
  },
  "errorDistribution": {
    "aborted due to deadline": 100
  }
}