{
  "summary": {
    "successRate": 1.0,
    "total": 15.000359735,
    "slowest": 0.069646917,
    "fastest": 0.000029583,
    "average": 0.0002812276288042365,
    "requestsPerSec": 354440.0330343144,
    "totalData": 74432792,
    "sizePerRequest": 14,
    "sizePerSec": 4962067.131385366
  },
  "responseTimeHistogram": {
    "0.000029583": 1,
    "0.0069913164": 5316548,
    "0.0139530498": 0,
    "0.020914783200000002": 0,
    "0.0278765166": 0,
    "0.03483825": 0,
    "0.041799983400000004": 0,
    "0.0487617168": 0,
    "0.0557234502": 0,
    "0.0626851836": 0,
    "0.069646917": 79
  },
  "latencyPercentiles": {
    "p10": 0.000141034,
    "p25": 0.000179929,
    "p50": 0.000237842,
    "p75": 0.000330575,
    "p90": 0.000471393,
    "p95": 0.000588957,
    "p99": 0.00086738,
    "p99.9": 0.001266792,
    "p99.99": 0.001668672
  },
  "rps": {
    "mean": 355838.6738279044,
    "stddev": 12754.461748514917,
    "max": 383436.7332390438,
    "percentiles": {
      "p10": 344940.35802189575,
      "p25": 351017.0594290731,
      "p50": 356644.75891721726,
      "p75": 361855.0381513006,
      "p90": 366459.8131245036,
      "p95": 369206.8666073585,
      "p99": 374694.4229945945,
      "p99.9": 376977.2169897043,
      "p99.99": 383436.7332390438
    }
  },
  "details": {
    "DNSDialup": {
      "average": 0.00008338962205969943,
      "fastest": 0.000013878,
      "slowest": 0.069371983
    },
    "DNSLookup": {
      "average": 1.9166377741682695e-6,
      "fastest": 1.143e-6,
      "slowest": 0.000641603
    }
  },
  "statusCodeDistribution": {
    "200": 5316628
  },
  "errorDistribution": {
    "aborted due to deadline": 100
  }
}