{
  "summary": {
    "successRate": 1.0,
    "total": 15.000854812,
    "slowest": 0.062181736,
    "fastest": 6.837e-6,
    "average": 0.0000356029848954236,
    "requestsPerSec": 1215066.156457911,
    "totalData": 255177034,
    "sizePerRequest": 14,
    "sizePerSec": 17010832.86239595
  },
  "responseTimeHistogram": {
    "0.000006837": 1,
    "0.0062243268999999995": 18226892,
    "0.0124418168": 0,
    "0.0186593067": 0,
    "0.024876796599999997": 0,
    "0.031094286499999995": 0,
    "0.0373117764": 0,
    "0.0435292663": 0,
    "0.0497467562": 0,
    "0.0559642461": 0,
    "0.062181735999999994": 38
  },
  "latencyPercentiles": {
    "p10": 0.000018091,
    "p25": 0.000025335,
    "p50": 0.000036973,
    "p75": 0.000043523,
    "p90": 0.000049583,
    "p95": 0.000054152,
    "p99": 0.000068399,
    "p99.9": 0.000089626,
    "p99.99": 0.000245759
  },
  "rps": {
    "mean": 1218508.5323745762,
    "stddev": 66168.72114611077,
    "max": 1285154.233508603,
    "percentiles": {
      "p10": 1172348.4206302941,
      "p25": 1195797.186956114,
      "p50": 1231616.3804978612,
      "p75": 1252606.63881515,
      "p90": 1265916.836693999,
      "p95": 1270125.9554074632,
      "p99": 1278215.7220535742,
      "p99.9": 1281312.5568629855,
      "p99.99": 1285154.233508603
    }
  },
  "details": {
    "DNSDialup": {
      "average": 0.05106623991304347,
      "fastest": 0.00007785,
      "slowest": 0.062112044
    },
    "DNSLookup": {
      "average": 0.00003212713043478261,
      "fastest": 1.546e-6,
      "slowest": 0.000327065
    }
  },
  "statusCodeDistribution": {
    "200": 18226931
  },
  "errorDistribution": {
    "aborted due to deadline": 100
  }
}