{
  "summary": {
    "successRate": 1.0,
    "total": 15.000720183,
    "slowest": 0.049003169,
    "fastest": 0.000030243,
    "average": 0.00029414021558695803,
    "requestsPerSec": 339017.98966714315,
    "totalData": 71195796,
    "sizePerRequest": 14,
    "sizePerSec": 4746158.5264875945
  },
  "responseTimeHistogram": {
    "0.000030243": 1,
    "0.0049275356000000005": 5085331,
    "0.0098248282": 0,
    "0.0147221208": 3,
    "0.0196194134": 0,
    "0.024516706": 0,
    "0.0294139986": 0,
    "0.0343112912": 0,
    "0.0392085838": 0,
    "0.0441058764": 0,
    "0.049003169": 79
  },
  "latencyPercentiles": {
    "p10": 0.000145113,
    "p25": 0.000185851,
    "p50": 0.000247384,
    "p75": 0.000346657,
    "p90": 0.000498513,
    "p95": 0.000624984,
    "p99": 0.000923413,
    "p99.9": 0.00136006,
    "p99.99": 0.001841148
  },
  "rps": {
    "mean": 339882.9738701983,
    "stddev": 13843.515963120766,
    "max": 366326.63194614137,
    "percentiles": {
      "p10": 325726.28611127235,
      "p25": 335117.8952956084,
      "p50": 342128.4692402011,
      "p75": 347020.31194218784,
      "p90": 351523.173720061,
      "p95": 354397.8137965875,
      "p99": 359380.84043890913,
      "p99.9": 363614.54458178335,
      "p99.99": 366326.63194614137
    }
  },
  "details": {
    "DNSDialup": {
      "average": 0.00008701994302134712,
      "fastest": 0.000014469,
      "slowest": 0.048341859
    },
    "DNSLookup": {
      "average": 1.9349363145259466e-6,
      "fastest": 1.152e-6,
      "slowest": 0.000752484
    }
  },
  "statusCodeDistribution": {
    "200": 5085414
  },
  "errorDistribution": {
    "aborted due to deadline": 100
  }
}