{
  "summary": {
    "successRate": 1.0,
    "total": 15.000794359,
    "slowest": 0.0461485,
    "fastest": 0.000029818,
    "average": 0.0002802842758139461,
    "requestsPerSec": 355740.6942785222,
    "totalData": 74708102,
    "sizePerRequest": 14,
    "sizePerSec": 4980276.391508395
  },
  "responseTimeHistogram": {
    "0.000029818": 1,
    "0.0046416862": 5336213,
    "0.009253554399999999": 0,
    "0.013865422599999998": 0,
    "0.0184772908": 0,
    "0.023089159": 0,
    "0.0277010272": 0,
    "0.0323128954": 0,
    "0.0369247636": 0,
    "0.0415366318": 0,
    "0.0461485": 79
  },
  "latencyPercentiles": {
    "p10": 0.000140667,
    "p25": 0.000179486,
    "p50": 0.000237365,
    "p75": 0.00032981,
    "p90": 0.000470775,
    "p95": 0.000587757,
    "p99": 0.000865432,
    "p99.9": 0.001267381,
    "p99.99": 0.001678849
  },
  "rps": {
    "mean": 356574.9770658357,
    "stddev": 12720.219891855168,
    "max": 382413.2708108115,
    "percentiles": {
      "p10": 345626.1639006306,
      "p25": 351458.7990570851,
      "p50": 357406.04237279226,
      "p75": 362827.5386101788,
      "p90": 367538.1137024185,
      "p95": 370114.84160513507,
      "p99": 374219.57168359775,
      "p99.9": 380139.41180155077,
      "p99.99": 382413.2708108115
    }
  },
  "details": {
    "DNSDialup": {
      "average": 0.00008360675416004892,
      "fastest": 0.000013232,
      "slowest": 0.045674389
    },
    "DNSLookup": {
      "average": 1.919616377136443e-6,
      "fastest": 1.115e-6,
      "slowest": 0.000901844
    }
  },
  "statusCodeDistribution": {
    "200": 5336293
  },
  "errorDistribution": {
    "aborted due to deadline": 100
  }
}