{
  "summary": {
    "successRate": 1.0,
    "total": 15.000625002,
    "slowest": 0.054974587,
    "fastest": 0.000030173,
    "average": 0.0002807237041029622,
    "requestsPerSec": 355148.2687747813,
    "totalData": 74582844,
    "sizePerRequest": 14,
    "sizePerSec": 4971982.433402344
  },
  "responseTimeHistogram": {
    "0.000030173": 1,
    "0.005524614399999999": 5327266,
    "0.011019055799999998": 0,
    "0.016513497199999998": 0,
    "0.0220079386": 0,
    "0.02750238": 0,
    "0.032996821399999994": 0,
    "0.038491262799999995": 0,
    "0.043985704199999996": 0,
    "0.0494801456": 0,
    "0.054974587": 79
  },
  "latencyPercentiles": {
    "p10": 0.000141449,
    "p25": 0.000180423,
    "p50": 0.000238459,
    "p75": 0.000330676,
    "p90": 0.000469724,
    "p95": 0.000584451,
    "p99": 0.000856562,
    "p99.9": 0.001251116,
    "p99.99": 0.001669106
  },
  "rps": {
    "mean": 356200.1723904566,
    "stddev": 12391.472339832866,
    "max": 377951.8171941359,
    "percentiles": {
      "p10": 345710.9182312311,
      "p25": 351578.6833093473,
      "p50": 357203.92924323713,
      "p75": 361783.8253123276,
      "p90": 366570.8214827105,
      "p95": 368851.49166824634,
      "p99": 373543.36838504946,
      "p99.9": 377697.2948231494,
      "p99.99": 377951.8171941359
    }
  },
  "details": {
    "DNSDialup": {
      "average": 0.00008401762693881394,
      "fastest": 0.000013634,
      "slowest": 0.054546198
    },
    "DNSLookup": {
      "average": 1.9154353787046185e-6,
      "fastest": 1.135e-6,
      "slowest": 0.000730677
    }
  },
  "statusCodeDistribution": {
    "200": 5327346
  },
  "errorDistribution": {
    "aborted due to deadline": 100
  }
}