{
  "summary": {
    "successRate": 1.0,
    "total": 15.000186156,
    "slowest": 0.043600068,
    "fastest": 8.149e-6,
    "average": 0.00007312640089017836,
    "requestsPerSec": 1346785.6858509243,
    "totalData": 282827104,
    "sizePerRequest": 14,
    "sizePerSec": 18854906.269737896
  },
  "responseTimeHistogram": {
    "0.000008149": 1,
    "0.0043673409": 20201779,
    "0.0087265328": 77,
    "0.0130857247": 0,
    "0.0174449166": 0,
    "0.0218041085": 0,
    "0.0261633004": 0,
    "0.0305224923": 0,
    "0.0348816842": 0,
    "0.0392408761": 0,
    "0.043600068": 79
  },
  "latencyPercentiles": {
    "p10": 0.000039028,
    "p25": 0.000051056,
    "p50": 0.000068326,
    "p75": 0.000089383,
    "p90": 0.000112179,
    "p95": 0.000127588,
    "p99": 0.000164045,
    "p99.9": 0.000258554,
    "p99.99": 0.000497897
  },
  "rps": {
    "mean": 1349789.3338620577,
    "stddev": 55791.847150857226,
    "max": 1427663.5310271555,
    "percentiles": {
      "p10": 1315408.229122636,
      "p25": 1337443.466912736,
      "p50": 1356608.8460501472,
      "p75": 1372704.0509669236,
      "p90": 1385244.8819342267,
      "p95": 1393758.5378585889,
      "p99": 1407051.5394507765,
      "p99.9": 1427453.705117438,
      "p99.99": 1427663.5310271555
    }
  },
  "details": {
    "DNSDialup": {
      "average": 0.01095147109,
      "fastest": 0.000073085,
      "slowest": 0.043506931
    },
    "DNSLookup": {
      "average": 0.000028668049999999997,
      "fastest": 1.347e-6,
      "slowest": 0.00045418
    }
  },
  "statusCodeDistribution": {
    "200": 20201936
  },
  "errorDistribution": {
    "aborted due to deadline": 100
  }
}