{
  "summary": {
    "successRate": 1.0,
    "total": 15.000635751,
    "slowest": 0.043594139,
    "fastest": 6.221e-6,
    "average": 0.00002415127823117691,
    "requestsPerSec": 1135302.6820123072,
    "totalData": 238422268,
    "sizePerRequest": 14,
    "sizePerSec": 15894144.218794582
  },
  "responseTimeHistogram": {
    "0.000006221": 1,
    "0.004365012799999999": 17030104,
    "0.0087238046": 0,
    "0.013082596399999999": 0,
    "0.017441388199999998": 0,
    "0.021800179999999995": 0,
    "0.026158971799999996": 0,
    "0.030517763599999997": 0,
    "0.034876555399999995": 0,
    "0.03923534719999999": 0,
    "0.04359413899999999": 57
  },
  "latencyPercentiles": {
    "p10": 0.000015366,
    "p25": 0.000019241,
    "p50": 0.000023636,
    "p75": 0.000027722,
    "p90": 0.000032378,
    "p95": 0.000036069,
    "p99": 0.000044173,
    "p99.9": 0.000064426,
    "p99.99": 0.000133753
  },
  "rps": {
    "mean": 1137743.6480454141,
    "stddev": 55364.67139741385,
    "max": 1203890.2579412798,
    "percentiles": {
      "p10": 1085034.0016992136,
      "p25": 1117702.235404481,
      "p50": 1149577.3665567627,
      "p75": 1170267.991369979,
      "p90": 1184688.3777529525,
      "p95": 1191619.542560447,
      "p99": 1198945.559931239,
      "p99.9": 1203131.401729591,
      "p99.99": 1203890.2579412798
    }
  },
  "details": {
    "DNSDialup": {
      "average": 0.016749193276923074,
      "fastest": 0.000053531,
      "slowest": 0.0434925
    },
    "DNSLookup": {
      "average": 0.000029697861538461547,
      "fastest": 1.483e-6,
      "slowest": 0.000438339
    }
  },
  "statusCodeDistribution": {
    "200": 17030162
  },
  "errorDistribution": {
    "aborted due to deadline": 100
  }
}