{
  "summary": {
    "successRate": 1.0,
    "total": 15.000236556,
    "slowest": 0.070408618,
    "fastest": 6.727e-6,
    "average": 0.000015649233473534124,
    "requestsPerSec": 985987.2505866633,
    "totalData": 207059188,
    "sizePerRequest": 14,
    "sizePerSec": 13803728.176351834
  },
  "responseTimeHistogram": {
    "0.000006727": 1,
    "0.007046916100000001": 14789928,
    "0.014087105200000002": 0,
    "0.021127294300000005": 0,
    "0.028167483400000005": 0,
    "0.0352076725": 0,
    "0.042247861600000006": 0,
    "0.0492880507": 0,
    "0.056328239800000006": 0,
    "0.06336842890000001": 0,
    "0.070408618": 13
  },
  "latencyPercentiles": {
    "p10": 0.000011689,
    "p25": 0.00001319,
    "p50": 0.000015092,
    "p75": 0.000017355,
    "p90": 0.000019819,
    "p95": 0.000021592,
    "p99": 0.000026367,
    "p99.9": 0.000054326,
    "p99.99": 0.000088014
  },
  "rps": {
    "mean": 989954.6225645366,
    "stddev": 39738.21408176149,
    "max": 1030806.2761269117,
    "percentiles": {
      "p10": 965007.6235601918,
      "p25": 982180.328308258,
      "p50": 996619.6940252632,
      "p75": 1007004.7329223,
      "p90": 1014539.567043076,
      "p95": 1017806.71752419,
      "p99": 1024759.9650305102,
      "p99.9": 1030338.1225105977,
      "p99.99": 1030806.2761269117
    }
  },
  "details": {
    "DNSDialup": {
      "average": 0.050566316611111106,
      "fastest": 0.000106707,
      "slowest": 0.070295135
    },
    "DNSLookup": {
      "average": 0.00004699438888888889,
      "fastest": 1.544e-6,
      "slowest": 0.000400772
    }
  },
  "statusCodeDistribution": {
    "200": 14789942
  },
  "errorDistribution": {
    "aborted due to deadline": 100
  }
}