{
  "summary": {
    "successRate": 1.0,
    "total": 15.000628729,
    "slowest": 0.032806143,
    "fastest": 0.000029836,
    "average": 0.00026836760904136626,
    "requestsPerSec": 371539.36016197497,
    "totalData": 78025136,
    "sizePerRequest": 14,
    "sizePerSec": 5201457.712846244
  },
  "responseTimeHistogram": {
    "0.000029836": 1,
    "0.0033074667000000005": 5573144,
    "0.006585097400000001": 0,
    "0.0098627281": 0,
    "0.013140358800000002": 0,
    "0.0164179895": 0,
    "0.0196956202": 0,
    "0.022973250900000002": 0,
    "0.0262508816": 0,
    "0.0295285123": 0,
    "0.032806143": 79
  },
  "latencyPercentiles": {
    "p10": 0.000158909,
    "p25": 0.000195644,
    "p50": 0.000243023,
    "p75": 0.000303307,
    "p90": 0.00039349,
    "p95": 0.000489334,
    "p99": 0.000758689,
    "p99.9": 0.001080089,
    "p99.99": 0.001449879
  },
  "rps": {
    "mean": 372094.4557141496,
    "stddev": 14112.818986642362,
    "max": 399227.546700723,
    "percentiles": {
      "p10": 358475.8534905942,
      "p25": 366094.3961243064,
      "p50": 373634.2094080148,
      "p75": 379642.1759949097,
      "p90": 384184.5270607468,
      "p95": 386973.757198115,
      "p99": 391037.5787113754,
      "p99.9": 398532.2563421131,
      "p99.99": 399227.546700723
    }
  },
  "details": {
    "DNSDialup": {
      "average": 0.0001062069639233884,
      "fastest": 0.000013282,
      "slowest": 0.032730095
    },
    "DNSLookup": {
      "average": 1.95315189107795e-6,
      "fastest": 1.123e-6,
      "slowest": 0.001285096
    }
  },
  "statusCodeDistribution": {
    "200": 5573224
  },
  "errorDistribution": {
    "aborted due to deadline": 100
  }
}