{
  "summary": {
    "successRate": 1.0,
    "total": 15.000369703,
    "slowest": 0.049708949,
    "fastest": 0.000029524,
    "average": 0.0002812366536207332,
    "requestsPerSec": 354513.9290091269,
    "totalData": 74448360,
    "sizePerRequest": 14,
    "sizePerSec": 4963101.675094761
  },
  "responseTimeHistogram": {
    "0.000029524": 1,
    "0.0049974665000000005": 5317660,
    "0.009965409": 0,
    "0.0149333515": 0,
    "0.019901294": 0,
    "0.0248692365": 0,
    "0.029837179000000002": 0,
    "0.0348051215": 0,
    "0.039773064000000004": 0,
    "0.044741006500000007": 0,
    "0.049708949": 79
  },
  "latencyPercentiles": {
    "p10": 0.000140926,
    "p25": 0.000179582,
    "p50": 0.000237176,
    "p75": 0.000329969,
    "p90": 0.000473775,
    "p95": 0.000593826,
    "p99": 0.000878001,
    "p99.9": 0.001285588,
    "p99.99": 0.001726123
  },
  "rps": {
    "mean": 355439.02457259025,
    "stddev": 12344.283134077587,
    "max": 380212.28085667436,
    "percentiles": {
      "p10": 346315.6881006845,
      "p25": 351025.90571181005,
      "p50": 356288.41547227255,
      "p75": 360857.34023137134,
      "p90": 365521.236783804,
      "p95": 368229.2595369955,
      "p99": 373016.0769929148,
      "p99.9": 378777.0432505878,
      "p99.99": 380212.28085667436
    }
  },
  "details": {
    "DNSDialup": {
      "average": 0.00008427796278813929,
      "fastest": 0.000012955,
      "slowest": 0.049310291
    },
    "DNSLookup": {
      "average": 1.9051873072019509e-6,
      "fastest": 1.132e-6,
      "slowest": 0.000797767
    }
  },
  "statusCodeDistribution": {
    "200": 5317740
  },
  "errorDistribution": {
    "aborted due to deadline": 100
  }
}