{
  "summary": {
    "successRate": 1.0,
    "total": 15.000436419,
    "slowest": 0.0309853,
    "fastest": 7.423e-6,
    "average": 0.000022184496314903953,
    "requestsPerSec": 1054585.0506031201,
    "totalData": 221467904,
    "sizePerRequest": 14,
    "sizePerSec": 14764097.377825765
  },
  "responseTimeHistogram": {
    "0.000007423": 1,
    "0.0031052107": 15819111,
    "0.0062029984000000005": 0,
    "0.0093007861": 0,
    "0.0123985738": 0,
    "0.0154963615": 0,
    "0.0185941492": 0,
    "0.0216919369": 0,
    "0.0247897246": 0,
    "0.0278875123": 0,
    "0.0309853": 24
  },
  "latencyPercentiles": {
    "p10": 0.000014539,
    "p25": 0.000017338,
    "p50": 0.000021066,
    "p75": 0.0000255,
    "p90": 0.000030303,
    "p95": 0.000033742,
    "p99": 0.000044455,
    "p99.9": 0.000097732,
    "p99.99": 0.00016039
  },
  "rps": {
    "mean": 1055472.1660610144,
    "stddev": 39911.726886477714,
    "max": 1108636.4741400129,
    "percentiles": {
      "p10": 1036218.7506687344,
      "p25": 1047891.5857245898,
      "p50": 1058741.2909103993,
      "p75": 1068489.9881827044,
      "p90": 1076922.8307640112,
      "p95": 1082328.6817100584,
      "p99": 1091133.445620319,
      "p99.9": 1101834.7543904665,
      "p99.99": 1108636.4741400129
    }
  },
  "details": {
    "DNSDialup": {
      "average": 0.0003273674999999999,
      "fastest": 0.000108464,
      "slowest": 0.000501824
    },
    "DNSLookup": {
      "average": 0.000061665625,
      "fastest": 1.872e-6,
      "slowest": 0.000322158
    }
  },
  "statusCodeDistribution": {
    "200": 15819136
  },
  "errorDistribution": {
    "aborted due to deadline": 100
  }
}