{
  "summary": {
    "successRate": 1.0,
    "total": 15.000363093,
    "slowest": 0.047691508,
    "fastest": 0.000049654,
    "average": 0.0002496381292981643,
    "requestsPerSec": 399203.5367993475,
    "totalData": 83833372,
    "sizePerRequest": 14,
    "sizePerSec": 5588756.184116722
  },
  "responseTimeHistogram": {
    "0.000049654": 1,
    "0.0048138394": 5988018,
    "0.0095780248": 0,
    "0.0143422102": 0,
    "0.0191063956": 0,
    "0.023870581": 0,
    "0.0286347664": 0,
    "0.0333989518": 0,
    "0.0381631372": 0,
    "0.042927322600000005": 0,
    "0.047691508": 79
  },
  "latencyPercentiles": {
    "p10": 0.000174426,
    "p25": 0.000203263,
    "p50": 0.00023932,
    "p75": 0.000280576,
    "p90": 0.000325819,
    "p95": 0.000361742,
    "p99": 0.000530404,
    "p99.9": 0.000800427,
    "p99.99": 0.001064256
  },
  "rps": {
    "mean": 400042.16130158707,
    "stddev": 16257.355494351435,
    "max": 422433.20324975526,
    "percentiles": {
      "p10": 386984.2464704925,
      "p25": 394729.6836722225,
      "p50": 401774.49066132354,
      "p75": 407881.22162673756,
      "p90": 412260.84970140643,
      "p95": 414480.9481291393,
      "p99": 418703.37786400376,
      "p99.9": 421986.92930744274,
      "p99.99": 422433.20324975526
    }
  },
  "details": {
    "DNSDialup": {
      "average": 0.00011747299601542334,
      "fastest": 0.000011506,
      "slowest": 0.047374881
    },
    "DNSLookup": {
      "average": 1.9616047489535662e-6,
      "fastest": 1.066e-6,
      "slowest": 0.001061292
    }
  },
  "statusCodeDistribution": {
    "200": 5988098
  },
  "errorDistribution": {
    "aborted due to deadline": 100
  }
}