{
  "summary": {
    "successRate": 1.0,
    "total": 15.001758229,
    "slowest": 0.048788889,
    "fastest": 0.000071029,
    "average": 0.00122466389325889,
    "requestsPerSec": 81513.31206205643,
    "totalData": 17118402,
    "sizePerRequest": 14,
    "sizePerSec": 1141093.046474266
  },
  "responseTimeHistogram": {
    "0.000071029": 1,
    "0.004942815000000001": 1212882,
    "0.009814601000000001": 4804,
    "0.014686387000000002": 3244,
    "0.019558173": 1237,
    "0.024429959": 361,
    "0.029301745000000004": 81,
    "0.034173531": 42,
    "0.039045317": 15,
    "0.043917103000000006": 6,
    "0.048788889": 70
  },
  "latencyPercentiles": {
    "p10": 0.000477345,
    "p25": 0.000680393,
    "p50": 0.001002556,
    "p75": 0.001458371,
    "p90": 0.00205497,
    "p95": 0.002400877,
    "p99": 0.003997753,
    "p99.9": 0.01651983,
    "p99.99": 0.030293171
  },
  "rps": {
    "mean": 82224.62804593942,
    "stddev": 34274.97287381808,
    "max": 226551.49515484844,
    "percentiles": {
      "p10": 42269.30898594328,
      "p25": 58312.11086434667,
      "p50": 79104.39820454043,
      "p75": 102351.38523728383,
      "p90": 128831.061168846,
      "p95": 143376.97019431187,
      "p99": 173564.55655607028,
      "p99.9": 219200.72273210122,
      "p99.99": 226551.49515484844
    }
  },
  "details": {
    "DNSDialup": {
      "average": 0.0005877446216981045,
      "fastest": 0.000011691,
      "slowest": 0.048723204
    },
    "DNSLookup": {
      "average": 2.1582289303639477e-6,
      "fastest": 1.073e-6,
      "slowest": 0.020014642
    }
  },
  "statusCodeDistribution": {
    "200": 1222743
  },
  "errorDistribution": {
    "aborted due to deadline": 100
  }
}