{
  "summary": {
    "successRate": 0.9996614351259111,
    "total": 15.00088352,
    "slowest": 9.823492483999999,
    "fastest": 0.000078685,
    "average": 0.0032747593838679365,
    "requestsPerSec": 17136.790620183416,
    "totalData": 3596320,
    "sizePerRequest": 14,
    "sizePerSec": 239740.54562887506
  },
  "responseTimeHistogram": {
    "0.000078685": 1,
    "0.9824200648999999": 256446,
    "1.9647614448": 328,
    "2.9471028247": 3,
    "3.9294442045999998": 89,
    "4.9117855845": 4,
    "5.8941269644": 0,
    "6.876468344299999": 1,
    "7.8588097241999995": 0,
    "8.8411511041": 2,
    "9.823492483999999": 6
  },
  "latencyPercentiles": {
    "p10": 0.000094749,
    "p25": 0.000096838,
    "p50": 0.000103762,
    "p75": 0.00012969,
    "p90": 0.001223669,
    "p95": 0.00126603,
    "p99": 0.001556561,
    "p99.9": 1.025345389,
    "p99.99": 3.4899082359999998
  },
  "rps": {
    "mean": 18748.57603399557,
    "stddev": 22584.036889891155,
    "max": 63467.60569358475,
    "percentiles": {
      "p10": 4417.547381709484,
      "p25": 4723.41576891812,
      "p50": 4924.024860991385,
      "p75": 45241.119653653,
      "p90": 59070.80817776225,
      "p95": 60849.281833360736,
      "p99": 62161.09192114032,
      "p99.9": 63271.028056095915,
      "p99.99": 63467.60569358475
    }
  },
  "details": {
    "DNSDialup": {
      "average": 0.002579520375358154,
      "fastest": 7.888e-6,
      "slowest": 3.072884759
    },
    "DNSLookup": {
      "average": 1.2597733143880774e-6,
      "fastest": 9.23e-7,
      "slowest": 0.00160666
    }
  },
  "statusCodeDistribution": {
    "200": 256880
  },
  "errorDistribution": {
    "aborted due to deadline": 100,
    "timeout": 87
  }
}