{
  "summary": {
    "successRate": 1.0,
    "total": 15.000508056,
    "slowest": 0.033480341,
    "fastest": 0.001503869,
    "average": 0.0054192774811699165,
    "requestsPerSec": 18434.04229828041,
    "totalData": 3869880,
    "sizePerRequest": 14,
    "sizePerSec": 257983.26200372263
  },
  "responseTimeHistogram": {
    "0.001503869": 1,
    "0.004701516199999999": 223591,
    "0.007899163399999999": 932,
    "0.011096810599999998": 932,
    "0.014294457799999999": 484,
    "0.017492105": 498,
    "0.020689752199999998": 20645,
    "0.0238873994": 26381,
    "0.0270850466": 2359,
    "0.0302826938": 579,
    "0.033480341": 18
  },
  "latencyPercentiles": {
    "p10": 0.001608521,
    "p25": 0.001644109,
    "p50": 0.001873109,
    "p75": 0.002189534,
    "p90": 0.02073551,
    "p95": 0.021369473,
    "p99": 0.02402201,
    "p99.9": 0.028064937,
    "p99.99": 0.029674877
  },
  "rps": {
    "mean": 18239.390052945397,
    "stddev": 22306.49326394098,
    "max": 62600.49454390675,
    "percentiles": {
      "p10": 4430.940951528967,
      "p25": 4716.690450066128,
      "p50": 4892.589317275729,
      "p75": 45286.09792938072,
      "p90": 57653.15621003154,
      "p95": 60525.57205419198,
      "p99": 62104.08644889682,
      "p99.9": 62520.300341513794,
      "p99.99": 62600.49454390675
    }
  },
  "details": {
    "DNSDialup": {
      "average": 0.00008330576723826164,
      "fastest": 7.978e-6,
      "slowest": 0.026534812
    },
    "DNSLookup": {
      "average": 1.202722147456804e-6,
      "fastest": 9.32e-7,
      "slowest": 0.00184064
    }
  },
  "statusCodeDistribution": {
    "200": 276420
  },
  "errorDistribution": {
    "aborted due to deadline": 100
  }
}