{
  "summary": {
    "successRate": 1.0,
    "total": 15.000576157,
    "slowest": 0.02003314,
    "fastest": 6.392e-6,
    "average": 0.0000201530272789596,
    "requestsPerSec": 1158434.8373106294,
    "totalData": 243279260,
    "sizePerRequest": 14,
    "sizePerSec": 16217994.392600317
  },
  "responseTimeHistogram": {
    "0.000006392": 1,
    "0.0020090668": 17377062,
    "0.0040117416": 2,
    "0.006014416400000001": 0,
    "0.0080170912": 1,
    "0.010019766": 0,
    "0.0120224408": 0,
    "0.0140251156": 0,
    "0.016027790400000002": 0,
    "0.0180304652": 0,
    "0.02003314": 24
  },
  "latencyPercentiles": {
    "p10": 0.000013211,
    "p25": 0.000015789,
    "p50": 0.000019071,
    "p75": 0.00002295,
    "p90": 0.000027143,
    "p95": 0.000030173,
    "p99": 0.000041115,
    "p99.9": 0.000120159,
    "p99.99": 0.000200654
  },
  "rps": {
    "mean": 1159163.233688738,
    "stddev": 98127.67573967871,
    "max": 1215110.5822648646,
    "percentiles": {
      "p10": 1153284.1897458765,
      "p25": 1161812.5475755448,
      "p50": 1170833.8263064215,
      "p75": 1178286.4049092163,
      "p90": 1185617.6657032317,
      "p95": 1189919.4679145808,
      "p99": 1198267.5177989323,
      "p99.9": 1214124.6906057158,
      "p99.99": 1215110.5822648646
    }
  },
  "details": {
    "DNSDialup": {
      "average": 0.018416439416666666,
      "fastest": 0.000583831,
      "slowest": 0.019523085
    },
    "DNSLookup": {
      "average": 0.000037146041666666665,
      "fastest": 6.26e-6,
      "slowest": 0.000247882
    }
  },
  "statusCodeDistribution": {
    "200": 17377090
  },
  "errorDistribution": {
    "aborted due to deadline": 100
  }
}