{
  "summary": {
    "successRate": 1.0,
    "total": 15.000323013,
    "slowest": 0.017501211,
    "fastest": 6.21e-6,
    "average": 0.000013994874248641686,
    "requestsPerSec": 823617.3973915745,
    "totalData": 172961978,
    "sizePerRequest": 14,
    "sizePerSec": 11530550.232158525
  },
  "responseTimeHistogram": {
    "0.00000621": 1,
    "0.0017557101": 12354413,
    "0.0035052102": 1,
    "0.005254710300000001": 0,
    "0.0070042104": 0,
    "0.0087537105": 0,
    "0.0105032106": 0,
    "0.012252710699999999": 0,
    "0.0140022108": 0,
    "0.0157517109": 0,
    "0.017501211": 12
  },
  "latencyPercentiles": {
    "p10": 9.772e-6,
    "p25": 0.000011301,
    "p50": 0.000013277,
    "p75": 0.00001561,
    "p90": 0.000018287,
    "p95": 0.000020383,
    "p99": 0.000027481,
    "p99.9": 0.000078007,
    "p99.99": 0.000143403
  },
  "rps": {
    "mean": 824045.0717765301,
    "stddev": 101005.98607365192,
    "max": 931009.7660514235,
    "percentiles": {
      "p10": 742457.8556132726,
      "p25": 799878.6280691971,
      "p50": 854925.8187597549,
      "p75": 877119.5513947938,
      "p90": 888108.614653584,
      "p95": 894011.2645419315,
      "p99": 906769.9286846409,
      "p99.9": 925753.2121566461,
      "p99.99": 931009.7660514235
    }
  },
  "details": {
    "DNSDialup": {
      "average": 0.015579718916666666,
      "fastest": 0.000598672,
      "slowest": 0.017149324
    },
    "DNSLookup": {
      "average": 0.000011107083333333332,
      "fastest": 5.613e-6,
      "slowest": 0.000037569
    }
  },
  "statusCodeDistribution": {
    "200": 12354427
  },
  "errorDistribution": {
    "aborted due to deadline": 100
  }
}