{
  "summary": {
    "successRate": 1.0,
    "total": 15.000540605,
    "slowest": 0.040048722,
    "fastest": 0.000045502,
    "average": 0.00024848796414094485,
    "requestsPerSec": 401140.54276112537,
    "totalData": 84241150,
    "sizePerRequest": 14,
    "sizePerSec": 5615874.268686065
  },
  "responseTimeHistogram": {
    "0.000045502": 1,
    "0.004045824": 6017145,
    "0.008046145999999999": 0,
    "0.012046467999999998": 0,
    "0.01604679": 0,
    "0.020047112": 0,
    "0.024047433999999996": 0,
    "0.028047755999999997": 0,
    "0.032048078": 0,
    "0.0360484": 0,
    "0.040048722": 79
  },
  "latencyPercentiles": {
    "p10": 0.000174162,
    "p25": 0.000202864,
    "p50": 0.000238669,
    "p75": 0.000279525,
    "p90": 0.000324189,
    "p95": 0.000359601,
    "p99": 0.000518968,
    "p99.9": 0.000778906,
    "p99.99": 0.000984422
  },
  "rps": {
    "mean": 401930.0509720257,
    "stddev": 14431.612601097197,
    "max": 427400.35360302497,
    "percentiles": {
      "p10": 389403.1931062139,
      "p25": 396808.3952003407,
      "p50": 403518.4407927375,
      "p75": 409068.1613452073,
      "p90": 413813.2834064026,
      "p95": 416050.5040084687,
      "p99": 420215.01284906204,
      "p99.9": 424275.94539422524,
      "p99.99": 427400.35360302497
    }
  },
  "details": {
    "DNSDialup": {
      "average": 0.00011733866076222871,
      "fastest": 0.00001208,
      "slowest": 0.039770091
    },
    "DNSLookup": {
      "average": 1.9431966939910735e-6,
      "fastest": 1.108e-6,
      "slowest": 0.000965835
    }
  },
  "statusCodeDistribution": {
    "200": 6017225
  },
  "errorDistribution": {
    "aborted due to deadline": 100
  }
}