{
  "summary": {
    "successRate": 1.0,
    "total": 15.00028634,
    "slowest": 0.026714127,
    "fastest": 5.941e-6,
    "average": 7.827455122864466e-6,
    "requestsPerSec": 115871.92141560145,
    "totalData": 24332168,
    "sizePerRequest": 14,
    "sizePerSec": 1622113.568266724
  },
  "responseTimeHistogram": {
    "0.000005941": 1,
    "0.0026767596000000005": 1738010,
    "0.0053475782000000005": 0,
    "0.008018396800000003": 0,
    "0.010689215400000002": 0,
    "0.013360034000000002": 0,
    "0.016030852600000003": 0,
    "0.018701671200000002": 0,
    "0.0213724898": 0,
    "0.0240433084": 0,
    "0.026714127": 1
  },
  "latencyPercentiles": {
    "p10": 7.333e-6,
    "p25": 7.387e-6,
    "p50": 7.453e-6,
    "p75": 7.531e-6,
    "p90": 7.641e-6,
    "p95": 7.805e-6,
    "p99": 0.000023421,
    "p99.9": 0.00004125,
    "p99.99": 0.000074285
  },
  "rps": {
    "mean": 115923.3647537435,
    "stddev": 20613.618316113167,
    "max": 136588.0583212097,
    "percentiles": {
      "p10": 117831.97959927443,
      "p25": 120543.22680112877,
      "p50": 121263.69982152266,
      "p75": 121737.95789525774,
      "p90": 122194.48077253911,
      "p95": 122496.20852217221,
      "p99": 123000.13440942418,
      "p99.9": 130915.43492977906,
      "p99.99": 136588.0583212097
    }
  },
  "details": {
    "DNSDialup": {
      "average": 0.000488062,
      "fastest": 0.000488062,
      "slowest": 0.000488062
    },
    "DNSLookup": {
      "average": 0.000056211,
      "fastest": 0.000056211,
      "slowest": 0.000056211
    }
  },
  "statusCodeDistribution": {
    "200": 1738012
  },
  "errorDistribution": {
    "aborted due to deadline": 100
  }
}