{
  "summary": {
    "successRate": 1.0,
    "total": 15.001327117,
    "slowest": 0.029102583,
    "fastest": 0.000261898,
    "average": 0.0035544330139897265,
    "requestsPerSec": 28110.57959812903,
    "totalData": 5902344,
    "sizePerRequest": 14,
    "sizePerSec": 393454.7892973595
  },
  "responseTimeHistogram": {
    "0.000261898": 1,
    "0.0031459665": 225020,
    "0.006030035": 1497,
    "0.008914103500000001": 194943,
    "0.011798172": 68,
    "0.0146822405": 0,
    "0.017566309000000002": 0,
    "0.020450377500000002": 0,
    "0.023334446000000002": 0,
    "0.0262185145": 0,
    "0.029102583": 67
  },
  "latencyPercentiles": {
    "p10": 0.000293049,
    "p25": 0.000303946,
    "p50": 0.000534395,
    "p75": 0.007167459,
    "p90": 0.007449372,
    "p95": 0.007595214,
    "p99": 0.007878075,
    "p99.9": 0.008368028,
    "p99.99": 0.027455553
  },
  "rps": {
    "mean": 27969.80208733503,
    "stddev": 61094.44285884266,
    "max": 335614.56567214034,
    "percentiles": {
      "p10": 13326.305389854027,
      "p25": 13609.318209448245,
      "p50": 13905.807901741699,
      "p75": 14226.13912911184,
      "p90": 14603.728331843211,
      "p95": 114068.7434829587,
      "p99": 330533.8783202605,
      "p99.9": 334401.7584550895,
      "p99.99": 335614.56567214034
    }
  },
  "details": {
    "DNSDialup": {
      "average": 0.0004331490443955929,
      "fastest": 8.303e-6,
      "slowest": 0.027365172
    },
    "DNSLookup": {
      "average": 2.036105707834064e-6,
      "fastest": 9.3e-7,
      "slowest": 0.002927265
    }
  },
  "statusCodeDistribution": {
    "200": 421596
  },
  "errorDistribution": {
    "aborted due to deadline": 100
  }
}