{
  "summary": {
    "successRate": 0.9076141754409164,
    "total": 15.001392927,
    "slowest": 0.303241329,
    "fastest": 0.000202204,
    "average": 0.003192328151512228,
    "requestsPerSec": 32269.803367973604,
    "totalData": 6149892,
    "sizePerRequest": 14,
    "sizePerSec": 409954.7308657733
  },
  "responseTimeHistogram": {
    "0.000202204": 1,
    "0.030506116500000003": 438209,
    "0.060810029": 4,
    "0.0911139415": 0,
    "0.121417854": 0,
    "0.15172176650000002": 0,
    "0.18202567900000002": 0,
    "0.21232959150000003": 0,
    "0.24263350400000003": 0,
    "0.2729374165": 0,
    "0.303241329": 1064
  },
  "latencyPercentiles": {
    "p10": 0.000248593,
    "p25": 0.000268189,
    "p50": 0.001320005,
    "p75": 0.004655568,
    "p90": 0.00500434,
    "p95": 0.005268441,
    "p99": 0.006037711,
    "p99.9": 0.293731533,
    "p99.99": 0.30107479
  },
  "rps": {
    "mean": 39176.06363123103,
    "stddev": 74934.12607556394,
    "max": 391014.8801717923,
    "percentiles": {
      "p10": 19281.489358478048,
      "p25": 20420.64118410867,
      "p50": 21283.394817563538,
      "p75": 21941.397169253167,
      "p90": 22744.160841045265,
      "p95": 311115.23708379635,
      "p99": 374924.46727855876,
      "p99.9": 383327.8219533659,
      "p99.99": 391014.8801717923
    }
  },
  "details": {
    "DNSDialup": {
      "average": 0.0005932207295562282,
      "fastest": 0.000010146,
      "slowest": 0.297863693
    },
    "DNSLookup": {
      "average": 2.2116901119564355e-6,
      "fastest": 9.5e-7,
      "slowest": 0.002292693
    }
  },
  "statusCodeDistribution": {
    "200": 439278
  },
  "errorDistribution": {
    "Address not available (os error 99)": 44714,
    "aborted due to deadline": 100
  }
}