{
  "summary": {
    "successRate": 1.0,
    "total": 15.000444446,
    "slowest": 15.000086084,
    "fastest": 7.447e-6,
    "average": 0.000025858147211678352,
    "requestsPerSec": 1020885.0181158159,
    "totalData": 214390806,
    "sizePerRequest": 14,
    "sizePerSec": 14292296.923053449
  },
  "responseTimeHistogram": {
    "0.000007447": 1,
    "1.5000153107": 15313625,
    "10.5000624929": 0,
    "12.0000703566": 0,
    "13.5000782203": 0,
    "15.000086084000001": 3,
    "3.0000231744000003": 0,
    "4.5000310380999995": 0,
    "6.0000389018": 0,
    "7.5000467655000005": 0,
    "9.0000546292": 0
  },
  "latencyPercentiles": {
    "p10": 0.000014957,
    "p25": 0.000017868,
    "p50": 0.000021753,
    "p75": 0.000026361,
    "p90": 0.000031372,
    "p95": 0.000035001,
    "p99": 0.000047157,
    "p99.9": 0.00010254,
    "p99.99": 0.000169899
  },
  "rps": {
    "mean": 1021349.5623239647,
    "stddev": 32107.48746143754,
    "max": 1068737.4396347408,
    "percentiles": {
      "p10": 1003177.8466009435,
      "p25": 1014252.4368510215,
      "p50": 1023884.4704687314,
      "p75": 1032594.8954708802,
      "p90": 1040253.0529056982,
      "p95": 1045075.3636460716,
      "p99": 1052750.2161852818,
      "p99.9": 1064201.7726561774,
      "p99.99": 1068737.4396347408
    }
  },
  "details": {
    "DNSDialup": {
      "average": 0.015565723703703705,
      "fastest": 0.000155457,
      "slowest": 0.017010503
    },
    "DNSLookup": {
      "average": 0.0000467894074074074,
      "fastest": 2.029e-6,
      "slowest": 0.000272802
    }
  },
  "statusCodeDistribution": {
    "200": 15313629
  },
  "errorDistribution": {
    "aborted due to deadline": 100
  }
}