{
  "summary": {
    "successRate": 1.0,
    "total": 15.000853923,
    "slowest": 15.000459258,
    "fastest": 7.231e-6,
    "average": 0.000023893683702118334,
    "requestsPerSec": 1020406.4434312404,
    "totalData": 214296152,
    "sizePerRequest": 14,
    "sizePerSec": 14285596.88001703
  },
  "responseTimeHistogram": {
    "0.000007231": 1,
    "1.5000524337": 15306866,
    "10.500323649899999": 0,
    "12.0003688526": 0,
    "13.5004140553": 0,
    "15.000459258": 1,
    "3.0000976364": 0,
    "4.5001428391": 0,
    "6.0001880417999995": 0,
    "7.5002332444999995": 0,
    "9.0002784472": 0
  },
  "latencyPercentiles": {
    "p10": 0.00001483,
    "p25": 0.000017734,
    "p50": 0.000021641,
    "p75": 0.000026346,
    "p90": 0.00003155,
    "p95": 0.000035402,
    "p99": 0.000048405,
    "p99.9": 0.000106157,
    "p99.99": 0.000163735
  },
  "rps": {
    "mean": 1021410.7700470582,
    "stddev": 35243.1977958945,
    "max": 1070650.6417753848,
    "percentiles": {
      "p10": 997341.8883593214,
      "p25": 1012440.1508036995,
      "p50": 1025206.2892524308,
      "p75": 1036103.3870948047,
      "p90": 1044521.6215975692,
      "p95": 1049638.0274006724,
      "p99": 1057604.6534603192,
      "p99.9": 1069611.7657293743,
      "p99.99": 1070650.6417753848
    }
  },
  "details": {
    "DNSDialup": {
      "average": 0.024574263960000002,
      "fastest": 0.024399651,
      "slowest": 0.024760697
    },
    "DNSLookup": {
      "average": 0.00005180584000000001,
      "fastest": 1.591e-6,
      "slowest": 0.000249812
    }
  },
  "statusCodeDistribution": {
    "200": 15306868
  },
  "errorDistribution": {
    "aborted due to deadline": 100
  }
}