{
  "summary": {
    "successRate": 1.0,
    "total": 15.00034825,
    "slowest": 0.066549473,
    "fastest": 7.23e-6,
    "average": 0.00012736819814699525,
    "requestsPerSec": 187207.4536669507,
    "totalData": 39313078,
    "sizePerRequest": 14,
    "sizePerSec": 2620811.020170815
  },
  "responseTimeHistogram": {
    "0.00000723": 1,
    "0.0066614543": 2806109,
    "0.0133156786": 1004,
    "0.0199699029": 781,
    "0.0266241272": 85,
    "0.0332783515": 44,
    "0.039932575799999995": 13,
    "0.0465868001": 11,
    "0.053241024399999996": 27,
    "0.059895248699999994": 0,
    "0.066549473": 2
  },
  "latencyPercentiles": {
    "p10": 0.000057691,
    "p25": 0.000096252,
    "p50": 0.000122786,
    "p75": 0.000143778,
    "p90": 0.000164275,
    "p95": 0.000175854,
    "p99": 0.000197623,
    "p99.9": 0.000392004,
    "p99.99": 0.016149557
  },
  "rps": {
    "mean": 188126.41796355374,
    "stddev": 61028.7597928122,
    "max": 970558.2980584288,
    "percentiles": {
      "p10": 157265.53691884025,
      "p25": 168300.33660067475,
      "p50": 178679.40785463803,
      "p75": 201534.42207928852,
      "p90": 211608.54898538606,
      "p95": 219501.73207001906,
      "p99": 412257.41240431485,
      "p99.9": 961635.9753269082,
      "p99.99": 970558.2980584288
    }
  },
  "details": {
    "DNSDialup": {
      "average": 0.047436537833333334,
      "fastest": 0.047086957,
      "slowest": 0.047610719
    },
    "DNSLookup": {
      "average": 0.00010227641666666667,
      "fastest": 1.662e-6,
      "slowest": 0.000385609
    }
  },
  "statusCodeDistribution": {
    "200": 2808077
  },
  "errorDistribution": {
    "aborted due to deadline": 100
  }
}