{
  "summary": {
    "successRate": 0.9998357148756184,
    "total": 15.000748647,
    "slowest": 5.423935485,
    "fastest": 6.293e-6,
    "average": 0.000012540071276820423,
    "requestsPerSec": 75075.65298917444,
    "totalData": 15762684,
    "sizePerRequest": 14,
    "sizePerSec": 1050793.1551237863
  },
  "responseTimeHistogram": {
    "0.000006293": 1,
    "0.5423992122": 1125904,
    "1.0847921314": 0,
    "1.6271850505999998": 0,
    "2.1695779698": 0,
    "2.7119708890000003": 0,
    "3.2543638082": 0,
    "3.7967567274": 0,
    "4.3391496466": 0,
    "4.8815425658": 0,
    "5.423935485": 1
  },
  "latencyPercentiles": {
    "p10": 7.299e-6,
    "p25": 7.357e-6,
    "p50": 7.429e-6,
    "p75": 7.519e-6,
    "p90": 7.68e-6,
    "p95": 8.301e-6,
    "p99": 0.000012376,
    "p99.9": 0.000039219,
    "p99.99": 0.000072867
  },
  "rps": {
    "mean": 117451.06347889923,
    "stddev": 17130.022984906358,
    "max": 142566.36464273976,
    "percentiles": {
      "p10": 117350.39025755844,
      "p25": 121108.40492331126,
      "p50": 121807.47897920325,
      "p75": 122370.63232897969,
      "p90": 122966.13118536504,
      "p95": 123179.99308750231,
      "p99": 123550.12428542456,
      "p99.9": 142566.36464273976,
      "p99.99": 142566.36464273976
    }
  },
  "details": {
    "DNSDialup": {
      "average": 0.00047262,
      "fastest": 0.00047262,
      "slowest": 0.00047262
    },
    "DNSLookup": {
      "average": 0.00003744,
      "fastest": 0.00003744,
      "slowest": 0.00003744
    }
  },
  "statusCodeDistribution": {
    "200": 1125906
  },
  "errorDistribution": {
    "aborted due to deadline": 100,
    "timeout": 185
  }
}