{
  "summary": {
    "successRate": 1.0,
    "total": 15.00037743,
    "slowest": 0.027878326,
    "fastest": 0.000036722,
    "average": 0.0002668588787612982,
    "requestsPerSec": 373633.1986414558,
    "totalData": 78463546,
    "sizePerRequest": 14,
    "sizePerSec": 5230771.449995441
  },
  "responseTimeHistogram": {
    "0.000036722": 1,
    "0.0028208824": 5604459,
    "0.0056050428000000005": 0,
    "0.0083892032": 0,
    "0.0111733636": 0,
    "0.013957523999999999": 0,
    "0.0167416844": 0,
    "0.0195258448": 0,
    "0.0223100052": 0,
    "0.0250941656": 0,
    "0.027878326": 79
  },
  "latencyPercentiles": {
    "p10": 0.00015826,
    "p25": 0.000194521,
    "p50": 0.000241221,
    "p75": 0.000300662,
    "p90": 0.000389344,
    "p95": 0.000485332,
    "p99": 0.000772534,
    "p99.9": 0.0011278,
    "p99.99": 0.001489094
  },
  "rps": {
    "mean": 374066.62033707247,
    "stddev": 15186.140239327387,
    "max": 397767.11280853284,
    "percentiles": {
      "p10": 359236.21101007436,
      "p25": 367503.6750367522,
      "p50": 375562.7189740624,
      "p75": 383200.8813620402,
      "p90": 388144.9333181041,
      "p95": 390230.2038177874,
      "p99": 394245.3977026747,
      "p99.9": 397156.2373232015,
      "p99.99": 397767.11280853284
    }
  },
  "details": {
    "DNSDialup": {
      "average": 0.00010502662483355247,
      "fastest": 0.000011495,
      "slowest": 0.027483093
    },
    "DNSLookup": {
      "average": 1.8584634093900276e-6,
      "fastest": 1.093e-6,
      "slowest": 0.001181856
    }
  },
  "statusCodeDistribution": {
    "200": 5604539
  },
  "errorDistribution": {
    "aborted due to deadline": 100
  }
}