{
  "summary": {
    "successRate": 1.0,
    "total": 42.093655173,
    "slowest": 0.004081892,
    "fastest": 0.000078277,
    "average": 0.00042017576553861086,
    "requestsPerSec": 237565.4943459096,
    "totalData": 140000000,
    "sizePerRequest": 14,
    "sizePerSec": 3325916.920842734
  },
  "responseTimeHistogram": {
    "0.000078277": 1,
    "0.00047863850000000004": 8781721,
    "0.000879": 1211658,
    "0.0012793615": 6420,
    "0.0016797230000000002": 97,
    "0.0020800845": 4,
    "0.002480446": 20,
    "0.0028808075": 72,
    "0.003281169": 6,
    "0.0036815305": 0,
    "0.004081892": 1
  },
  "latencyPercentiles": {
    "p10": 0.000358883,
    "p25": 0.000390213,
    "p50": 0.000424955,
    "p75": 0.000444213,
    "p90": 0.000483323,
    "p95": 0.000491104,
    "p99": 0.000529548,
    "p99.9": 0.000783405,
    "p99.99": 0.001049325
  },
  "rps": {
    "mean": 237563.45783707223,
    "stddev": 17784.95168428808,
    "max": 289024.3960999579,
    "percentiles": {
      "p10": 215745.75967562388,
      "p25": 224105.6209791932,
      "p50": 235639.2026321836,
      "p75": 252344.28642230592,
      "p90": 261808.77059380204,
      "p95": 268751.2508635371,
      "p99": 274365.40871344524,
      "p99.9": 285253.1050801585,
      "p99.99": 289024.3960999579
    }
  },
  "details": {
    "DNSDialup": {
      "average": 0.0004585578267395641,
      "fastest": 0.000287283,
      "slowest": 0.001399605
    },
    "DNSLookup": {
      "average": 2.223249005964218e-6,
      "fastest": 6.25e-7,
      "slowest": 0.000107027
    }
  },
  "statusCodeDistribution": {
    "200": 10000000
  },
  "errorDistribution": {}
}