{
  "summary": {
    "successRate": 1.0,
    "total": 15.000732446,
    "slowest": 0.019088009,
    "fastest": 8.448e-6,
    "average": 0.00007791532133605072,
    "requestsPerSec": 1266686.9480141115,
    "totalData": 266015848,
    "sizePerRequest": 14,
    "sizePerSec": 17733523.94342145
  },
  "responseTimeHistogram": {
    "0.000008448": 1,
    "0.0019164040999999998": 19000880,
    "0.0038243601999999994": 95,
    "0.005732316299999999": 77,
    "0.007640272399999999": 0,
    "0.009548228499999999": 0,
    "0.011456184599999997": 0,
    "0.013364140699999997": 0,
    "0.015272096799999997": 0,
    "0.0171800529": 0,
    "0.019088009": 79
  },
  "latencyPercentiles": {
    "p10": 0.000040505,
    "p25": 0.000053483,
    "p50": 0.000071928,
    "p75": 0.000094331,
    "p90": 0.000119038,
    "p95": 0.000137421,
    "p99": 0.000195652,
    "p99.9": 0.000430393,
    "p99.99": 0.000704138
  },
  "rps": {
    "mean": 1267431.5066398953,
    "stddev": 60255.60039271693,
    "max": 1348743.5644171103,
    "percentiles": {
      "p10": 1230238.8939710653,
      "p25": 1252706.764616559,
      "p50": 1276767.6395910704,
      "p75": 1295430.8966422891,
      "p90": 1308817.4072715899,
      "p95": 1315567.4886121692,
      "p99": 1330906.9207159977,
      "p99.9": 1345906.191168475,
      "p99.99": 1348743.5644171103
    }
  },
  "details": {
    "DNSDialup": {
      "average": 0.00015308512569568464,
      "fastest": 0.000019892,
      "slowest": 0.0189031
    },
    "DNSLookup": {
      "average": 5.473729391998341e-6,
      "fastest": 1.343e-6,
      "slowest": 0.000317128
    }
  },
  "statusCodeDistribution": {
    "200": 19001132
  },
  "errorDistribution": {
    "aborted due to deadline": 100
  }
}