{
  "summary": {
    "successRate": 1.0,
    "total": 15.001015137,
    "slowest": 0.021988298,
    "fastest": 0.000036833,
    "average": 0.0002661832748046004,
    "requestsPerSec": 374620.84723446675,
    "totalData": 78674302,
    "sizePerRequest": 14,
    "sizePerSec": 5244598.534265182
  },
  "responseTimeHistogram": {
    "0.000036833": 1,
    "0.0022319795": 5619509,
    "0.004427126": 4,
    "0.0066222725": 0,
    "0.008817419": 0,
    "0.0110125655": 0,
    "0.013207712": 0,
    "0.0154028585": 0,
    "0.017598005": 0,
    "0.0197931515": 0,
    "0.021988298": 79
  },
  "latencyPercentiles": {
    "p10": 0.000157956,
    "p25": 0.000193816,
    "p50": 0.000240152,
    "p75": 0.000299325,
    "p90": 0.00038918,
    "p95": 0.000489228,
    "p99": 0.000771336,
    "p99.9": 0.001121226,
    "p99.99": 0.001477788
  },
  "rps": {
    "mean": 374910.037023456,
    "stddev": 14529.386990630139,
    "max": 399244.0366172386,
    "percentiles": {
      "p10": 361215.94015508686,
      "p25": 369024.329890158,
      "p50": 376562.62236410455,
      "p75": 383013.3001068306,
      "p90": 387536.4284242653,
      "p95": 389943.5012301943,
      "p99": 394133.4619308945,
      "p99.9": 397532.75542829186,
      "p99.99": 399244.0366172386
    }
  },
  "details": {
    "DNSDialup": {
      "average": 0.00010573297860502516,
      "fastest": 0.000011121,
      "slowest": 0.021472825
    },
    "DNSLookup": {
      "average": 1.8586868202021024e-6,
      "fastest": 1.102e-6,
      "slowest": 0.001169173
    }
  },
  "statusCodeDistribution": {
    "200": 5619593
  },
  "errorDistribution": {
    "aborted due to deadline": 100
  }
}