{
  "summary": {
    "successRate": 1.0,
    "total": 15.001129455,
    "slowest": 0.030433234,
    "fastest": 0.000026164,
    "average": 0.0002666330557887962,
    "requestsPerSec": 373941.2433461998,
    "totalData": 78532174,
    "sizePerRequest": 14,
    "sizePerSec": 5235084.080540654
  },
  "responseTimeHistogram": {
    "0.000026164": 1,
    "0.003066871": 5609361,
    "0.006107578000000001": 0,
    "0.009148285": 0,
    "0.012188992000000001": 0,
    "0.015229699000000001": 0,
    "0.018270406": 0,
    "0.021311113": 0,
    "0.02435182": 0,
    "0.027392527": 48,
    "0.030433234": 31
  },
  "latencyPercentiles": {
    "p10": 0.00015756,
    "p25": 0.00019265,
    "p50": 0.000238006,
    "p75": 0.000296187,
    "p90": 0.0003889,
    "p95": 0.000506295,
    "p99": 0.000809166,
    "p99.9": 0.00119578,
    "p99.99": 0.001662284
  },
  "rps": {
    "mean": 374156.81401746516,
    "stddev": 18843.780931738107,
    "max": 397895.0520503204,
    "percentiles": {
      "p10": 361710.6602885774,
      "p25": 369062.63102071645,
      "p50": 376115.94731615746,
      "p75": 382791.2658741722,
      "p90": 386704.2924175971,
      "p95": 388915.517729137,
      "p99": 392304.8238489379,
      "p99.9": 396622.8851404723,
      "p99.99": 397895.0520503204
    }
  },
  "details": {
    "DNSDialup": {
      "average": 0.00010779567682091304,
      "fastest": 9.002e-6,
      "slowest": 0.02897743
    },
    "DNSLookup": {
      "average": 1.8276287840445013e-6,
      "fastest": 9.69e-7,
      "slowest": 0.00249337
    }
  },
  "statusCodeDistribution": {
    "200": 5609441
  },
  "errorDistribution": {
    "aborted due to deadline": 100
  }
}