{
  "summary": {
    "successRate": 1.0,
    "total": 15.000332241,
    "slowest": 0.039965903,
    "fastest": 9.133e-6,
    "average": 0.00008055733995786303,
    "requestsPerSec": 1226586.2318509163,
    "totalData": 257587414,
    "sizePerRequest": 14,
    "sizePerSec": 17172113.914646726
  },
  "responseTimeHistogram": {
    "0.000009133": 1,
    "0.004004809999999999": 18398938,
    "0.008000486999999999": 83,
    "0.011996163999999998": 0,
    "0.015991841": 0,
    "0.019987518": 0,
    "0.023983195": 0,
    "0.027978872": 0,
    "0.031974549": 0,
    "0.035970226": 0,
    "0.039965903": 79
  },
  "latencyPercentiles": {
    "p10": 0.00004139,
    "p25": 0.000054953,
    "p50": 0.000074364,
    "p75": 0.000097792,
    "p90": 0.000123351,
    "p95": 0.000142237,
    "p99": 0.000201178,
    "p99.9": 0.000431864,
    "p99.99": 0.000757199
  },
  "rps": {
    "mean": 1229020.2149725195,
    "stddev": 59883.08367845747,
    "max": 1319076.242606818,
    "percentiles": {
      "p10": 1175078.6103281844,
      "p25": 1214586.8034503185,
      "p50": 1240408.806902623,
      "p75": 1259267.4967378443,
      "p90": 1274584.6324195894,
      "p95": 1282920.0813195473,
      "p99": 1298917.8118455326,
      "p99.9": 1313733.833961629,
      "p99.99": 1319076.242606818
    }
  },
  "details": {
    "DNSDialup": {
      "average": 0.0002474003760841313,
      "fastest": 0.000014343,
      "slowest": 0.039785245
    },
    "DNSLookup": {
      "average": 5.693517671292293e-6,
      "fastest": 1.278e-6,
      "slowest": 0.000292789
    }
  },
  "statusCodeDistribution": {
    "200": 18399101
  },
  "errorDistribution": {
    "aborted due to deadline": 100
  }
}