{
  "summary": {
    "successRate": 1.0,
    "total": 15.000867563,
    "slowest": 0.024650061,
    "fastest": 9.248e-6,
    "average": 0.0000794143547951334,
    "requestsPerSec": 1244708.6091243294,
    "totalData": 261402526,
    "sizePerRequest": 14,
    "sizePerSec": 17425827.199805137
  },
  "responseTimeHistogram": {
    "0.000009248": 1,
    "0.0024733293": 18671357,
    "0.0049374106": 95,
    "0.0074014918999999995": 77,
    "0.0098655732": 0,
    "0.0123296545": 0,
    "0.014793735799999999": 0,
    "0.0172578171": 0,
    "0.0197218984": 0,
    "0.0221859797": 0,
    "0.024650061": 79
  },
  "latencyPercentiles": {
    "p10": 0.000041029,
    "p25": 0.000054243,
    "p50": 0.000073221,
    "p75": 0.000096261,
    "p90": 0.000121607,
    "p95": 0.000140447,
    "p99": 0.000199178,
    "p99.9": 0.000460346,
    "p99.99": 0.000730687
  },
  "rps": {
    "mean": 1245864.9083357158,
    "stddev": 62039.95284880373,
    "max": 1331199.8399880044,
    "percentiles": {
      "p10": 1202368.7485006466,
      "p25": 1233519.3581618336,
      "p50": 1255441.0529224253,
      "p75": 1274617.334795743,
      "p90": 1290337.0337931232,
      "p95": 1298934.1217108248,
      "p99": 1313704.4395028588,
      "p99.9": 1331177.9499559216,
      "p99.99": 1331199.8399880044
    }
  },
  "details": {
    "DNSDialup": {
      "average": 0.00017660514599241632,
      "fastest": 0.000021419,
      "slowest": 0.024434946
    },
    "DNSLookup": {
      "average": 5.1184743418593515e-6,
      "fastest": 1.008e-6,
      "slowest": 0.000807739
    }
  },
  "statusCodeDistribution": {
    "200": 18671609
  },
  "errorDistribution": {
    "aborted due to deadline": 100
  }
}