{
  "summary": {
    "successRate": 1.0,
    "total": 15.001006241,
    "slowest": 0.031506978,
    "fastest": 0.000031471,
    "average": 0.0002692348997286103,
    "requestsPerSec": 370404.6189123907,
    "totalData": 77788788,
    "sizePerRequest": 14,
    "sizePerSec": 5185571.337700772
  },
  "responseTimeHistogram": {
    "0.000031471": 1,
    "0.0031790217": 5556247,
    "0.0063265724": 15,
    "0.0094741231": 0,
    "0.0126216738": 0,
    "0.0157692245": 0,
    "0.018916775200000003": 0,
    "0.0220643259": 0,
    "0.025211876600000002": 1,
    "0.028359427300000004": 5,
    "0.031506978": 73
  },
  "latencyPercentiles": {
    "p10": 0.000158206,
    "p25": 0.000193663,
    "p50": 0.000239652,
    "p75": 0.000298877,
    "p90": 0.000393733,
    "p95": 0.000514291,
    "p99": 0.000821059,
    "p99.9": 0.001258329,
    "p99.99": 0.001908716
  },
  "rps": {
    "mean": 370918.76850580686,
    "stddev": 22901.152047120024,
    "max": 394514.43922848755,
    "percentiles": {
      "p10": 359456.03919649386,
      "p25": 366266.44073232374,
      "p50": 372938.076977638,
      "p75": 379909.1178188478,
      "p90": 384412.48891222023,
      "p95": 386640.9346774323,
      "p99": 390835.01881767594,
      "p99.9": 394513.57126686163,
      "p99.99": 394514.43922848755
    }
  },
  "details": {
    "DNSDialup": {
      "average": 0.00010923769089233238,
      "fastest": 9.794e-6,
      "slowest": 0.03018139
    },
    "DNSLookup": {
      "average": 1.8296556990192814e-6,
      "fastest": 9.43e-7,
      "slowest": 0.001384433
    }
  },
  "statusCodeDistribution": {
    "200": 5556342
  },
  "errorDistribution": {
    "aborted due to deadline": 100
  }
}