{
  "summary": {
    "successRate": 1.0,
    "total": 15.000827912,
    "slowest": 0.039580678,
    "fastest": 8.887e-6,
    "average": 0.00007834537056403579,
    "requestsPerSec": 1260229.9093690184,
    "totalData": 264661488,
    "sizePerRequest": 14,
    "sizePerSec": 17643125.40298409
  },
  "responseTimeHistogram": {
    "0.000008887": 1,
    "0.0039660661": 18904235,
    "0.007923245200000002": 77,
    "0.011880424300000003": 0,
    "0.0158376034": 0,
    "0.0197947825": 0,
    "0.023751961600000003": 0,
    "0.027709140700000003": 0,
    "0.0316663198": 0,
    "0.0356234989": 0,
    "0.039580678": 79
  },
  "latencyPercentiles": {
    "p10": 0.000040467,
    "p25": 0.000053474,
    "p50": 0.000072151,
    "p75": 0.000094902,
    "p90": 0.000119805,
    "p95": 0.000138278,
    "p99": 0.000197436,
    "p99.9": 0.000444123,
    "p99.99": 0.000741457
  },
  "rps": {
    "mean": 1262714.2850619373,
    "stddev": 60509.29633182331,
    "max": 1344056.9880162608,
    "percentiles": {
      "p10": 1221033.944743679,
      "p25": 1248739.4601669055,
      "p50": 1271070.8319197472,
      "p75": 1291609.8162345828,
      "p90": 1306931.3466003174,
      "p95": 1315070.22475,
      "p99": 1330714.441442006,
      "p99.9": 1342013.6885395923,
      "p99.99": 1344056.9880162608
    }
  },
  "details": {
    "DNSDialup": {
      "average": 0.00015296531990083905,
      "fastest": 0.000023725,
      "slowest": 0.039463437
    },
    "DNSLookup": {
      "average": 5.528592594546085e-6,
      "fastest": 1.286e-6,
      "slowest": 0.000362374
    }
  },
  "statusCodeDistribution": {
    "200": 18904392
  },
  "errorDistribution": {
    "aborted due to deadline": 100
  }
}