{
  "summary": {
    "successRate": 1.0,
    "total": 15.000207869,
    "slowest": 0.053253117,
    "fastest": 0.000037096,
    "average": 0.0002658113998861469,
    "requestsPerSec": 374958.33718569385,
    "totalData": 78740942,
    "sizePerRequest": 14,
    "sizePerSec": 5249323.38855977
  },
  "responseTimeHistogram": {
    "0.000037096": 1,
    "0.005358698100000001": 5624273,
    "0.010680300200000001": 0,
    "0.016001902300000002": 0,
    "0.021323504400000002": 0,
    "0.0266451065": 0,
    "0.031966708600000004": 0,
    "0.0372883107": 0,
    "0.042609912800000004": 0,
    "0.047931514900000007": 0,
    "0.053253117": 79
  },
  "latencyPercentiles": {
    "p10": 0.000157357,
    "p25": 0.000193739,
    "p50": 0.00024055,
    "p75": 0.000299817,
    "p90": 0.000387332,
    "p95": 0.00048027,
    "p99": 0.000760919,
    "p99.9": 0.001098908,
    "p99.99": 0.001505277
  },
  "rps": {
    "mean": 375788.49192466534,
    "stddev": 17713.8116834887,
    "max": 399671.9409493682,
    "percentiles": {
      "p10": 362183.51951963536,
      "p25": 370072.6018615321,
      "p50": 377493.5031697169,
      "p75": 384278.5420684491,
      "p90": 389282.6970946301,
      "p95": 391414.5606216515,
      "p99": 394797.9773100364,
      "p99.9": 398119.46804197994,
      "p99.99": 399671.9409493682
    }
  },
  "details": {
    "DNSDialup": {
      "average": 0.00010359061234100718,
      "fastest": 0.000011012,
      "slowest": 0.053066526
    },
    "DNSLookup": {
      "average": 1.8559224225434853e-6,
      "fastest": 1.113e-6,
      "slowest": 0.001017771
    }
  },
  "statusCodeDistribution": {
    "200": 5624353
  },
  "errorDistribution": {
    "aborted due to deadline": 100
  }
}