{
  "summary": {
    "successRate": 1.0,
    "total": 15.000794341,
    "slowest": 0.029395342,
    "fastest": 0.000036668,
    "average": 0.0002770471366445818,
    "requestsPerSec": 359934.53928254213,
    "totalData": 75588856,
    "sizePerRequest": 14,
    "sizePerSec": 5038990.22156456
  },
  "responseTimeHistogram": {
    "0.000036668": 1,
    "0.0029725354000000002": 5399124,
    "0.0059084028": 0,
    "0.0088442702": 0,
    "0.0117801376": 0,
    "0.014716005": 0,
    "0.0176518724": 0,
    "0.0205877398": 0,
    "0.0235236072": 0,
    "0.0264594746": 0,
    "0.029395342": 79
  },
  "latencyPercentiles": {
    "p10": 0.000163675,
    "p25": 0.000201739,
    "p50": 0.000250699,
    "p75": 0.000313194,
    "p90": 0.000405756,
    "p95": 0.000504831,
    "p99": 0.000790816,
    "p99.9": 0.00113868,
    "p99.99": 0.001551828
  },
  "rps": {
    "mean": 360383.11111120967,
    "stddev": 14223.47208832577,
    "max": 382527.15202532965,
    "percentiles": {
      "p10": 346732.31545183284,
      "p25": 354454.19604659686,
      "p50": 361719.96694216435,
      "p75": 368432.38520666375,
      "p90": 373094.280924778,
      "p95": 375637.7087840404,
      "p99": 378944.3053937151,
      "p99.9": 381691.5328111546,
      "p99.99": 382527.15202532965
    }
  },
  "details": {
    "DNSDialup": {
      "average": 0.00010851716121024202,
      "fastest": 0.000011874,
      "slowest": 0.028974422
    },
    "DNSLookup": {
      "average": 1.8663974254352347e-6,
      "fastest": 1.115e-6,
      "slowest": 0.001148982
    }
  },
  "statusCodeDistribution": {
    "200": 5399204
  },
  "errorDistribution": {
    "aborted due to deadline": 100
  }
}