{
  "summary": {
    "successRate": 1.0,
    "total": 15.000158342,
    "slowest": 0.046867364,
    "fastest": 0.000035764,
    "average": 0.0002699408492864562,
    "requestsPerSec": 369313.101481659,
    "totalData": 77555170,
    "sizePerRequest": 14,
    "sizePerSec": 5170290.0883951215
  },
  "responseTimeHistogram": {
    "0.000035764": 1,
    "0.004718924": 5539575,
    "0.009402084000000002": 0,
    "0.014085244000000002": 0,
    "0.018768404000000002": 0,
    "0.023451564": 0,
    "0.028134724000000003": 0,
    "0.032817884000000005": 0,
    "0.037501044000000004": 0,
    "0.042184204": 0,
    "0.046867364": 79
  },
  "latencyPercentiles": {
    "p10": 0.000158925,
    "p25": 0.00019576,
    "p50": 0.000243359,
    "p75": 0.000304022,
    "p90": 0.000395583,
    "p95": 0.000495299,
    "p99": 0.000781939,
    "p99.9": 0.001131598,
    "p99.99": 0.001518859
  },
  "rps": {
    "mean": 370053.1815046443,
    "stddev": 15260.49625364537,
    "max": 392423.5061680209,
    "percentiles": {
      "p10": 357185.1885072497,
      "p25": 364379.58050038764,
      "p50": 371822.86710631155,
      "p75": 377743.2138236551,
      "p90": 382317.25670262915,
      "p95": 384362.72799721843,
      "p99": 388045.74876214785,
      "p99.9": 392308.9838757159,
      "p99.99": 392423.5061680209
    }
  },
  "details": {
    "DNSDialup": {
      "average": 0.0001062527829321542,
      "fastest": 0.000011814,
      "slowest": 0.046714486
    },
    "DNSLookup": {
      "average": 1.8616607508951542e-6,
      "fastest": 1.083e-6,
      "slowest": 0.001214958
    }
  },
  "statusCodeDistribution": {
    "200": 5539655
  },
  "errorDistribution": {
    "aborted due to deadline": 100
  }
}