{
  "summary": {
    "successRate": 1.0,
    "total": 15.003044842,
    "slowest": 0.032973914,
    "fastest": 0.000021038,
    "average": 0.00021093233107562104,
    "requestsPerSec": 471802.8289953704,
    "totalData": 99097488,
    "sizePerRequest": 14,
    "sizePerSec": 6605158.422414585
  },
  "responseTimeHistogram": {
    "0.000021038": 1,
    "0.0033163256": 7077912,
    "0.0066116132": 378,
    "0.009906900799999998": 12,
    "0.013202188399999999": 0,
    "0.016497476": 23,
    "0.0197927636": 63,
    "0.0230880512": 0,
    "0.0263833388": 0,
    "0.029678626399999998": 0,
    "0.032973914": 3
  },
  "latencyPercentiles": {
    "p10": 0.000079671,
    "p25": 0.000108382,
    "p50": 0.000157326,
    "p75": 0.000251532,
    "p90": 0.000399034,
    "p95": 0.000534418,
    "p99": 0.000896428,
    "p99.9": 0.001493064,
    "p99.99": 0.002588565
  },
  "firstByteHistogram": {
    "0.000020991": 1,
    "0.003316276100000001": 7077912,
    "0.006611561200000001": 378,
    "0.009906846300000003": 12,
    "0.013202131400000003": 0,
    "0.016497416500000004": 23,
    "0.019792701600000007": 63,
    "0.023087986700000007": 0,
    "0.026383271800000007": 0,
    "0.029678556900000007": 0,
    "0.032973842": 3
  },
  "firstBytePercentiles": {
    "p10": 0.00007962,
    "p25": 0.000108326,
    "p50": 0.000157268,
    "p75": 0.000251473,
    "p90": 0.000398975,
    "p95": 0.000534361,
    "p99": 0.000896371,
    "p99.9": 0.001493001,
    "p99.99": 0.002588508
  },
  "rps": {
    "mean": 471574.0293655161,
    "stddev": 27367.717350190953,
    "max": 532527.3891951859,
    "min": 57.03160315038014,
    "percentiles": {
      "p10": 462638.3989870979,
      "p25": 468160.25222444604,
      "p50": 472345.5252039369,
      "p75": 476931.8113518331,
      "p90": 481320.5523875877,
      "p95": 492499.5834157658,
      "p99": 524466.5496715656,
      "p99.9": 531404.5804214275,
      "p99.99": 532527.3891951859
    }
  },
  "details": {
    "DNSDialup": {
      "average": 0.00004411299387700104,
      "fastest": 7.459e-6,
      "slowest": 0.017877588
    },
    "DNSLookup": {
      "average": 1.5426495155961738e-6,
      "fastest": 7.23e-7,
      "slowest": 0.001521747
    },
    "firstByte": {
      "average": 0.00021087577429012728,
      "fastest": 0.000020991,
      "slowest": 0.032973842
    }
  },
  "statusCodeDistribution": {
    "200": 7078392
  },
  "errorDistribution": {
    "aborted due to deadline": 87
  }
}