{
  "summary": {
    "successRate": 1.0,
    "total": 15.000785131,
    "slowest": 0.077312001,
    "fastest": 8.333e-6,
    "average": 0.00007707137058168432,
    "requestsPerSec": 1280354.2502791416,
    "totalData": 268887066,
    "sizePerRequest": 14,
    "sizePerSec": 17924866.175459653
  },
  "responseTimeHistogram": {
    "0.000008333": 1,
    "0.007738699800000001": 19206139,
    "0.015469066600000001": 0,
    "0.023199433400000004": 0,
    "0.030929800200000003": 0,
    "0.038660167": 0,
    "0.04639053380000001": 0,
    "0.05412090060000001": 0,
    "0.06185126740000001": 0,
    "0.0695816342": 0,
    "0.077312001": 79
  },
  "latencyPercentiles": {
    "p10": 0.000039929,
    "p25": 0.000052661,
    "p50": 0.000070887,
    "p75": 0.000093068,
    "p90": 0.000117621,
    "p95": 0.000136012,
    "p99": 0.000193446,
    "p99.9": 0.000405903,
    "p99.99": 0.000684877
  },
  "rps": {
    "mean": 1285909.9325736817,
    "stddev": 61641.5761027596,
    "max": 1378006.0632265974,
    "percentiles": {
      "p10": 1242021.966557085,
      "p25": 1269320.689927181,
      "p50": 1295903.2397581649,
      "p75": 1314697.564543512,
      "p90": 1328353.3998066946,
      "p95": 1338942.7122725165,
      "p99": 1355048.6462463622,
      "p99.9": 1376235.2702006947,
      "p99.99": 1378006.0632265974
    }
  },
  "details": {
    "DNSDialup": {
      "average": 0.00018826613747792615,
      "fastest": 0.000019208,
      "slowest": 0.077171477
    },
    "DNSLookup": {
      "average": 5.403213566012263e-6,
      "fastest": 1.321e-6,
      "slowest": 0.000268189
    }
  },
  "statusCodeDistribution": {
    "200": 19206219
  },
  "errorDistribution": {
    "aborted due to deadline": 100
  }
}