{
  "summary": {
    "successRate": 1.0,
    "total": 15.000765319,
    "slowest": 0.024856565,
    "fastest": 0.000034817,
    "average": 0.00026555044679729044,
    "requestsPerSec": 375499.64153265615,
    "totalData": 78857548,
    "sizePerRequest": 14,
    "sizePerSec": 5256901.652885594
  },
  "responseTimeHistogram": {
    "0.000034817": 1,
    "0.0025169918": 5632602,
    "0.0049991666": 0,
    "0.0074813414": 0,
    "0.0099635162": 0,
    "0.012445691": 0,
    "0.014927865799999999": 0,
    "0.0174100406": 0,
    "0.0198922154": 0,
    "0.0223743902": 0,
    "0.024856565": 79
  },
  "latencyPercentiles": {
    "p10": 0.000158106,
    "p25": 0.000194046,
    "p50": 0.000240232,
    "p75": 0.000298741,
    "p90": 0.000386434,
    "p95": 0.00048261,
    "p99": 0.000768133,
    "p99.9": 0.001112596,
    "p99.99": 0.001464958
  },
  "rps": {
    "mean": 375853.8302205189,
    "stddev": 14607.32875974753,
    "max": 397982.02409510367,
    "percentiles": {
      "p10": 361927.65188281285,
      "p25": 369550.5914759656,
      "p50": 377610.7619067073,
      "p75": 384268.86097989365,
      "p90": 388553.69812107977,
      "p95": 390536.5706387528,
      "p99": 394106.329887859,
      "p99.9": 397117.39374181215,
      "p99.99": 397982.02409510367
    }
  },
  "details": {
    "DNSDialup": {
      "average": 0.00010537455932520568,
      "fastest": 0.000011432,
      "slowest": 0.024539348
    },
    "DNSLookup": {
      "average": 1.8565799872957825e-6,
      "fastest": 1.116e-6,
      "slowest": 0.001208093
    }
  },
  "statusCodeDistribution": {
    "200": 5632682
  },
  "errorDistribution": {
    "aborted due to deadline": 100
  }
}