{
  "summary": {
    "successRate": 1.0,
    "total": 15.000748031,
    "slowest": 0.027268638,
    "fastest": 0.000035165,
    "average": 0.00026571646282588985,
    "requestsPerSec": 375243.8203993188,
    "totalData": 78803732,
    "sizePerRequest": 14,
    "sizePerSec": 5253320.1569113135
  },
  "responseTimeHistogram": {
    "0.000035165": 1,
    "0.0027585123000000004": 5628758,
    "0.005481859600000001": 0,
    "0.008205206900000001": 0,
    "0.010928554200000001": 0,
    "0.0136519015": 0,
    "0.016375248800000002": 0,
    "0.0190985961": 0,
    "0.021821943400000002": 0,
    "0.024545290700000003": 0,
    "0.027268638": 79
  },
  "latencyPercentiles": {
    "p10": 0.000157712,
    "p25": 0.000193578,
    "p50": 0.000239742,
    "p75": 0.00029865,
    "p90": 0.000388047,
    "p95": 0.000486523,
    "p99": 0.000772694,
    "p99.9": 0.001130929,
    "p99.99": 0.001487263
  },
  "rps": {
    "mean": 375663.5505848476,
    "stddev": 14835.146913988887,
    "max": 398100.55734076415,
    "percentiles": {
      "p10": 360831.5727626088,
      "p25": 369922.6293516648,
      "p50": 377534.4688970536,
      "p75": 384116.4401836394,
      "p90": 388182.6052583983,
      "p95": 390744.1846041186,
      "p99": 394571.85153416015,
      "p99.9": 397872.6913407234,
      "p99.99": 398100.55734076415
    }
  },
  "details": {
    "DNSDialup": {
      "average": 0.00010499958014530974,
      "fastest": 0.000011335,
      "slowest": 0.026887715
    },
    "DNSLookup": {
      "average": 1.8656217052260047e-6,
      "fastest": 1.119e-6,
      "slowest": 0.001741744
    }
  },
  "statusCodeDistribution": {
    "200": 5628838
  },
  "errorDistribution": {
    "aborted due to deadline": 100
  }
}