{
  "summary": {
    "successRate": 1.0,
    "total": 15.000279881,
    "slowest": 0.058855696,
    "fastest": 0.000037411,
    "average": 0.00027558736362388094,
    "requestsPerSec": 361695.6512172961,
    "totalData": 75956104,
    "sizePerRequest": 14,
    "sizePerSec": 5063645.785450261
  },
  "responseTimeHistogram": {
    "0.000037411": 1,
    "0.0059192395": 5425356,
    "0.011801068": 0,
    "0.017682896500000003": 0,
    "0.023564725": 0,
    "0.0294465535": 0,
    "0.035328382000000005": 0,
    "0.041210210500000004": 0,
    "0.047092039": 0,
    "0.0529738675": 0,
    "0.058855696": 79
  },
  "latencyPercentiles": {
    "p10": 0.000162378,
    "p25": 0.000199737,
    "p50": 0.000247946,
    "p75": 0.000309476,
    "p90": 0.000403004,
    "p95": 0.000507644,
    "p99": 0.000802614,
    "p99.9": 0.001164541,
    "p99.99": 0.001552086
  },
  "rps": {
    "mean": 362870.5018850102,
    "stddev": 14105.77439569624,
    "max": 388678.5519353638,
    "percentiles": {
      "p10": 349703.5274529906,
      "p25": 357142.53540569847,
      "p50": 364002.75797858456,
      "p75": 370870.1923312605,
      "p90": 375312.98582932545,
      "p95": 377414.49271652073,
      "p99": 381445.95635265345,
      "p99.9": 385811.96263157565,
      "p99.99": 388678.5519353638
    }
  },
  "details": {
    "DNSDialup": {
      "average": 0.00010849609807580767,
      "fastest": 0.000011869,
      "slowest": 0.058030262
    },
    "DNSLookup": {
      "average": 1.539885248669447e-6,
      "fastest": 8.13e-7,
      "slowest": 0.001138944
    }
  },
  "statusCodeDistribution": {
    "200": 5425436
  },
  "errorDistribution": {
    "aborted due to deadline": 100
  }
}