{
  "summary": {
    "successRate": 1.0,
    "total": 15.000941366,
    "slowest": 0.025717315,
    "fastest": 7.899e-6,
    "average": 0.00008530900798526922,
    "requestsPerSec": 1159350.8417690326,
    "totalData": 243477556,
    "sizePerRequest": 14,
    "sizePerSec": 16230818.457290143
  },
  "responseTimeHistogram": {
    "0.000007899": 1,
    "0.0025788406000000004": 17390973,
    "0.0051497822": 200,
    "0.007720723800000001": 1,
    "0.010291665400000002": 0,
    "0.012862607000000003": 0,
    "0.015433548600000003": 0,
    "0.0180044902": 0,
    "0.020575431800000002": 4,
    "0.023146373400000003": 7,
    "0.025717315000000004": 68
  },
  "latencyPercentiles": {
    "p10": 0.000042858,
    "p25": 0.00005633,
    "p50": 0.00007647,
    "p75": 0.000102062,
    "p90": 0.000130915,
    "p95": 0.000155744,
    "p99": 0.000251333,
    "p99.9": 0.000578257,
    "p99.99": 0.001390734
  },
  "rps": {
    "mean": 1160552.9796508092,
    "stddev": 96681.00706611661,
    "max": 1276064.058415733,
    "percentiles": {
      "p10": 1113188.4984856346,
      "p25": 1146316.277691089,
      "p50": 1174830.149226206,
      "p75": 1199542.0257758559,
      "p90": 1217204.436140612,
      "p95": 1228089.8626928008,
      "p99": 1246940.7749634192,
      "p99.9": 1257396.4423071463,
      "p99.99": 1276064.058415733
    }
  },
  "details": {
    "DNSDialup": {
      "average": 0.00018807684848832696,
      "fastest": 0.000025042,
      "slowest": 0.0247188
    },
    "DNSLookup": {
      "average": 8.218544030749791e-6,
      "fastest": 1.568e-6,
      "slowest": 0.00181338
    }
  },
  "statusCodeDistribution": {
    "200": 17391254
  },
  "errorDistribution": {
    "aborted due to deadline": 100
  }
}