{
  "summary": {
    "successRate": 1.0,
    "total": 15.000532384,
    "slowest": 0.028721328,
    "fastest": 9.011e-6,
    "average": 0.00007718899146859973,
    "requestsPerSec": 1279617.9834572996,
    "totalData": 268727914,
    "sizePerRequest": 14,
    "sizePerSec": 17914558.438381355
  },
  "responseTimeHistogram": {
    "0.000009011": 1,
    "0.0028802427": 19194672,
    "0.0057514744": 99,
    "0.008622706099999999": 0,
    "0.0114939378": 0,
    "0.0143651695": 0,
    "0.017236401199999998": 0,
    "0.0201076329": 0,
    "0.0229788646": 0,
    "0.0258500963": 0,
    "0.028721328": 79
  },
  "latencyPercentiles": {
    "p10": 0.000040014,
    "p25": 0.000052827,
    "p50": 0.000071211,
    "p75": 0.000093604,
    "p90": 0.000118287,
    "p95": 0.000136643,
    "p99": 0.000192756,
    "p99.9": 0.00041536,
    "p99.99": 0.000681019
  },
  "rps": {
    "mean": 1280491.2939553012,
    "stddev": 67128.09906367198,
    "max": 1369595.2847434012,
    "percentiles": {
      "p10": 1237721.5442556462,
      "p25": 1266207.5972455642,
      "p50": 1290954.6563678149,
      "p75": 1310019.8668178113,
      "p90": 1326101.1934909655,
      "p95": 1333579.081239456,
      "p99": 1349512.6854192426,
      "p99.9": 1365029.621142834,
      "p99.99": 1369595.2847434012
    }
  },
  "details": {
    "DNSDialup": {
      "average": 0.0001352266733028383,
      "fastest": 0.000019481,
      "slowest": 0.028602522
    },
    "DNSLookup": {
      "average": 5.50195150223515e-6,
      "fastest": 1.353e-6,
      "slowest": 0.000311714
    }
  },
  "statusCodeDistribution": {
    "200": 19194851
  },
  "errorDistribution": {
    "aborted due to deadline": 100
  }
}