{
  "summary": {
    "successRate": 1.0,
    "total": 15.001019355,
    "slowest": 0.042215897,
    "fastest": 0.000037126,
    "average": 0.00027018208363895605,
    "requestsPerSec": 368993.1243342496,
    "totalData": 77492422,
    "sizePerRequest": 14,
    "sizePerSec": 5165810.413688383
  },
  "responseTimeHistogram": {
    "0.000037126": 1,
    "0.004255003100000001": 5535093,
    "0.008472880200000001": 0,
    "0.012690757300000003": 0,
    "0.0169086344": 0,
    "0.0211265115": 0,
    "0.025344388600000003": 0,
    "0.029562265700000003": 0,
    "0.0337801428": 0,
    "0.037998019900000006": 0,
    "0.042215897": 79
  },
  "latencyPercentiles": {
    "p10": 0.000159293,
    "p25": 0.000196512,
    "p50": 0.000244474,
    "p75": 0.000305586,
    "p90": 0.000396332,
    "p95": 0.000491778,
    "p99": 0.000764247,
    "p99.9": 0.001112451,
    "p99.99": 0.001471651
  },
  "rps": {
    "mean": 369767.7257143179,
    "stddev": 13877.259689455268,
    "max": 390701.1916086446,
    "percentiles": {
      "p10": 356872.1952451202,
      "p25": 364322.11435236665,
      "p50": 371378.2493971652,
      "p75": 376887.6640706603,
      "p90": 381964.08456014586,
      "p95": 384115.426685691,
      "p99": 386660.76401927153,
      "p99.9": 389987.70823557355,
      "p99.99": 390701.1916086446
    }
  },
  "details": {
    "DNSDialup": {
      "average": 0.00010574846569871584,
      "fastest": 0.000011819,
      "slowest": 0.041979705
    },
    "DNSLookup": {
      "average": 1.8717563048164495e-6,
      "fastest": 1.097e-6,
      "slowest": 0.00112022
    }
  },
  "statusCodeDistribution": {
    "200": 5535173
  },
  "errorDistribution": {
    "aborted due to deadline": 100
  }
}