{
  "summary": {
    "successRate": 1.0,
    "total": 15.000135136,
    "slowest": 0.041086749,
    "fastest": 9.411e-6,
    "average": 0.00008171081944899312,
    "requestsPerSec": 1209364.104758156,
    "totalData": 253967350,
    "sizePerRequest": 14,
    "sizePerSec": 16931004.134121686
  },
  "responseTimeHistogram": {
    "0.000009411": 1,
    "0.0041171448": 18140368,
    "0.0082248786": 77,
    "0.012332612400000002": 0,
    "0.0164403462": 0,
    "0.02054808": 0,
    "0.024655813800000002": 0,
    "0.0287635476": 0,
    "0.0328712814": 0,
    "0.0369790152": 0,
    "0.041086749": 79
  },
  "latencyPercentiles": {
    "p10": 0.000042152,
    "p25": 0.000055797,
    "p50": 0.000075323,
    "p75": 0.000098935,
    "p90": 0.000125039,
    "p95": 0.000144564,
    "p99": 0.000206366,
    "p99.9": 0.000443058,
    "p99.99": 0.000758741
  },
  "rps": {
    "mean": 1211852.0554640163,
    "stddev": 57041.08178737039,
    "max": 1291384.069102914,
    "percentiles": {
      "p10": 1174424.5454729702,
      "p25": 1198370.0487099178,
      "p50": 1218615.11082746,
      "p75": 1238448.7948824023,
      "p90": 1254861.8646899478,
      "p95": 1262860.1306646091,
      "p99": 1278860.1064250048,
      "p99.9": 1289341.2589202912,
      "p99.99": 1291384.069102914
    }
  },
  "details": {
    "DNSDialup": {
      "average": 0.00025585066558512994,
      "fastest": 0.000018789,
      "slowest": 0.040908335
    },
    "DNSLookup": {
      "average": 5.703739441267063e-6,
      "fastest": 1.286e-6,
      "slowest": 0.000302195
    }
  },
  "statusCodeDistribution": {
    "200": 18140525
  },
  "errorDistribution": {
    "aborted due to deadline": 100
  }
}