{
  "summary": {
    "successRate": 1.0,
    "total": 15.000810652,
    "slowest": 0.045210025,
    "fastest": 0.000030508,
    "average": 0.00029044182066121016,
    "requestsPerSec": 342966.19825103035,
    "totalData": 72025394,
    "sizePerRequest": 14,
    "sizePerSec": 4801433.447224876
  },
  "responseTimeHistogram": {
    "0.000030508": 1,
    "0.0045484597": 5144591,
    "0.0090664114": 0,
    "0.0135843631": 0,
    "0.018102314799999998": 0,
    "0.0226202665": 0,
    "0.027138218199999998": 0,
    "0.031656169899999996": 0,
    "0.0361741216": 0,
    "0.0406920733": 0,
    "0.045210025": 79
  },
  "latencyPercentiles": {
    "p10": 0.000173959,
    "p25": 0.000212178,
    "p50": 0.000261156,
    "p75": 0.000323781,
    "p90": 0.000422626,
    "p95": 0.000539651,
    "p99": 0.000836898,
    "p99.9": 0.001234705,
    "p99.99": 0.001772683
  },
  "rps": {
    "mean": 343469.07589111675,
    "stddev": 17959.48527928945,
    "max": 363480.87449459167,
    "percentiles": {
      "p10": 331506.066561056,
      "p25": 339570.08726599714,
      "p50": 345612.60058532434,
      "p75": 350909.0885454048,
      "p90": 354939.29177958,
      "p95": 356965.57457609306,
      "p99": 360372.1530499758,
      "p99.9": 362226.44253030454,
      "p99.99": 363480.87449459167
    }
  },
  "details": {
    "DNSDialup": {
      "average": 0.0001181156308739717,
      "fastest": 0.000010203,
      "slowest": 0.043056278
    },
    "DNSLookup": {
      "average": 2.5410144273561132e-6,
      "fastest": 1.177e-6,
      "slowest": 0.000936745
    }
  },
  "statusCodeDistribution": {
    "200": 5144671
  },
  "errorDistribution": {
    "aborted due to deadline": 100
  }
}