{
  "summary": {
    "successRate": 1.0,
    "total": 15.000399191,
    "slowest": 0.055615894,
    "fastest": 0.000036782,
    "average": 0.0002905528209476956,
    "requestsPerSec": 342727.14576053043,
    "totalData": 71973216,
    "sizePerRequest": 14,
    "sizePerSec": 4798086.7097978825
  },
  "responseTimeHistogram": {
    "0.000036782": 1,
    "0.0055946932": 5140864,
    "0.0111526044": 0,
    "0.016710515599999996": 0,
    "0.022268426799999998": 0,
    "0.027826338": 0,
    "0.033384249199999994": 0,
    "0.038942160399999995": 0,
    "0.044500071599999996": 0,
    "0.0500579828": 0,
    "0.055615894": 79
  },
  "latencyPercentiles": {
    "p10": 0.000173478,
    "p25": 0.000211867,
    "p50": 0.000261195,
    "p75": 0.00032439,
    "p90": 0.00042453,
    "p95": 0.00054056,
    "p99": 0.000830229,
    "p99.9": 0.001213003,
    "p99.99": 0.001685428
  },
  "rps": {
    "mean": 343394.02059104166,
    "stddev": 17923.773324263995,
    "max": 363791.7846673128,
    "percentiles": {
      "p10": 332599.41396482487,
      "p25": 339216.9608480369,
      "p50": 345475.0522089548,
      "p75": 350570.07895879826,
      "p90": 354562.1767396436,
      "p95": 356504.2424004632,
      "p99": 360272.0544108839,
      "p99.9": 363147.703048303,
      "p99.99": 363791.7846673128
    }
  },
  "details": {
    "DNSDialup": {
      "average": 0.00011774921652968067,
      "fastest": 0.000011387,
      "slowest": 0.053401876
    },
    "DNSLookup": {
      "average": 2.558447496607494e-6,
      "fastest": 1.198e-6,
      "slowest": 0.001202117
    }
  },
  "statusCodeDistribution": {
    "200": 5140944
  },
  "errorDistribution": {
    "aborted due to deadline": 100
  }
}