{
  "summary": {
    "successRate": 1.0,
    "total": 15.000155302,
    "slowest": 0.040462522,
    "fastest": 7.206e-6,
    "average": 0.00007542927390068794,
    "requestsPerSec": 1309962.837343429,
    "totalData": 275093644,
    "sizePerRequest": 14,
    "sizePerSec": 18339386.390440986
  },
  "responseTimeHistogram": {
    "0.000007206": 1,
    "0.0040527376": 19649312,
    "0.0080982692": 154,
    "0.0121438008": 0,
    "0.0161893324": 0,
    "0.020234863999999998": 0,
    "0.0242803956": 0,
    "0.0283259272": 0,
    "0.0323714588": 0,
    "0.0364169904": 8,
    "0.040462522": 71
  },
  "latencyPercentiles": {
    "p10": 0.000038042,
    "p25": 0.000050056,
    "p50": 0.000067795,
    "p75": 0.000090272,
    "p90": 0.000115994,
    "p95": 0.000137745,
    "p99": 0.000217876,
    "p99.9": 0.00047606,
    "p99.99": 0.001156979
  },
  "rps": {
    "mean": 1312569.8114178039,
    "stddev": 108114.809759731,
    "max": 1427551.8915211766,
    "percentiles": {
      "p10": 1260577.4893104283,
      "p25": 1295810.5692175117,
      "p50": 1328234.1356172478,
      "p75": 1356078.4028960534,
      "p90": 1375874.0520025801,
      "p95": 1388004.1640124964,
      "p99": 1403680.2905125583,
      "p99.9": 1424496.4377086998,
      "p99.99": 1427551.8915211766
    }
  },
  "details": {
    "DNSDialup": {
      "average": 0.0002172101679695427,
      "fastest": 0.000017132,
      "slowest": 0.039436452
    },
    "DNSLookup": {
      "average": 5.135960964467011e-6,
      "fastest": 1.102e-6,
      "slowest": 0.00048524
    }
  },
  "statusCodeDistribution": {
    "200": 19649546
  },
  "errorDistribution": {
    "aborted due to deadline": 100
  }
}