{
  "summary": {
    "successRate": 1.0,
    "total": 15.000382299,
    "slowest": 0.044729529,
    "fastest": 8.541e-6,
    "average": 0.00007716295770040894,
    "requestsPerSec": 1278631.078707816,
    "totalData": 268517970,
    "sizePerRequest": 14,
    "sizePerSec": 17900741.77095478
  },
  "responseTimeHistogram": {
    "0.000008541": 1,
    "0.004480639799999999": 19179698,
    "0.0089527386": 77,
    "0.013424837399999999": 0,
    "0.017896936199999998": 0,
    "0.022369034999999995": 0,
    "0.026841133799999996": 0,
    "0.0313132326": 0,
    "0.035785331399999995": 0,
    "0.04025743019999999": 0,
    "0.04472952899999999": 79
  },
  "latencyPercentiles": {
    "p10": 0.000040064,
    "p25": 0.000052809,
    "p50": 0.000071025,
    "p75": 0.000093286,
    "p90": 0.000117827,
    "p95": 0.000136064,
    "p99": 0.000193828,
    "p99.9": 0.000429937,
    "p99.99": 0.000721943
  },
  "rps": {
    "mean": 1280731.2703104042,
    "stddev": 75364.5635405037,
    "max": 1369502.712703466,
    "percentiles": {
      "p10": 1238295.5964200608,
      "p25": 1267422.0527436736,
      "p50": 1293468.4244795998,
      "p75": 1312572.9790576398,
      "p90": 1327026.3564403509,
      "p95": 1334973.6905476782,
      "p99": 1350336.383974791,
      "p99.9": 1367745.7839173267,
      "p99.99": 1369502.712703466
    }
  },
  "details": {
    "DNSDialup": {
      "average": 0.0001406236778921094,
      "fastest": 0.000020826,
      "slowest": 0.044596873
    },
    "DNSLookup": {
      "average": 5.513118178983481e-6,
      "fastest": 1.325e-6,
      "slowest": 0.000437017
    }
  },
  "statusCodeDistribution": {
    "200": 19179855
  },
  "errorDistribution": {
    "aborted due to deadline": 100
  }
}