{
  "summary": {
    "successRate": 1.0,
    "total": 15.000301478,
    "slowest": 0.039311726,
    "fastest": 7.226e-6,
    "average": 0.00007470169864160393,
    "requestsPerSec": 1321483.7067823363,
    "totalData": 277515756,
    "sizePerRequest": 14,
    "sizePerSec": 18500678.5634952
  },
  "responseTimeHistogram": {
    "0.000007226": 1,
    "0.003937676": 19822304,
    "0.007868126000000001": 170,
    "0.011798576000000002": 0,
    "0.015729026": 0,
    "0.019659476000000002": 0,
    "0.023589926": 0,
    "0.027520376": 0,
    "0.031450826": 1,
    "0.035381276": 6,
    "0.039311726000000005": 72
  },
  "latencyPercentiles": {
    "p10": 0.000038403,
    "p25": 0.00005043,
    "p50": 0.00006803,
    "p75": 0.00009002,
    "p90": 0.00011419,
    "p95": 0.000132968,
    "p99": 0.00019868,
    "p99.9": 0.000454537,
    "p99.99": 0.001111074
  },
  "rps": {
    "mean": 1323098.4702998372,
    "stddev": 104913.20166336503,
    "max": 1436434.6180743838,
    "percentiles": {
      "p10": 1278111.7586282713,
      "p25": 1309250.537070696,
      "p50": 1337284.3826445476,
      "p75": 1359010.6234647585,
      "p90": 1377919.7782047247,
      "p95": 1389099.0427618304,
      "p99": 1405435.135878463,
      "p99.9": 1433920.218274998,
      "p99.99": 1436434.6180743838
    }
  },
  "details": {
    "DNSDialup": {
      "average": 0.0001867273853663465,
      "fastest": 0.000015015,
      "slowest": 0.03850686
    },
    "DNSLookup": {
      "average": 5.2986351650563895e-6,
      "fastest": 1.188e-6,
      "slowest": 0.001009
    }
  },
  "statusCodeDistribution": {
    "200": 19822554
  },
  "errorDistribution": {
    "aborted due to deadline": 100
  }
}