{
  "summary": {
    "successRate": 1.0,
    "total": 15.00039415,
    "slowest": 0.039983004,
    "fastest": 8.402e-6,
    "average": 0.00008555893574208402,
    "requestsPerSec": 1155528.7698890232,
    "totalData": 242666018,
    "sizePerRequest": 14,
    "sizePerSec": 16177309.447565416
  },
  "responseTimeHistogram": {
    "0.000008402": 1,
    "0.004005862200000001": 17333120,
    "0.0080033224": 87,
    "0.0120007826": 0,
    "0.015998242800000003": 0,
    "0.019995703000000004": 0,
    "0.023993163200000004": 0,
    "0.027990623400000005": 0,
    "0.0319880836": 0,
    "0.0359855438": 4,
    "0.039983004": 75
  },
  "latencyPercentiles": {
    "p10": 0.000042985,
    "p25": 0.000056469,
    "p50": 0.000076569,
    "p75": 0.000102225,
    "p90": 0.000131535,
    "p95": 0.00015689,
    "p99": 0.000252364,
    "p99.9": 0.00056852,
    "p99.99": 0.00130604
  },
  "rps": {
    "mean": 1157764.7183458144,
    "stddev": 95647.26190675337,
    "max": 1276284.356154528,
    "percentiles": {
      "p10": 1110894.2758936856,
      "p25": 1143017.7308262945,
      "p50": 1170853.6250959157,
      "p75": 1196525.246682694,
      "p90": 1215422.0283716237,
      "p95": 1225737.2825757111,
      "p99": 1244085.3687199443,
      "p99.9": 1262506.9248850923,
      "p99.99": 1276284.356154528
    }
  },
  "details": {
    "DNSDialup": {
      "average": 0.00025495106841590473,
      "fastest": 0.000022623,
      "slowest": 0.038813116
    },
    "DNSLookup": {
      "average": 8.053320271592203e-6,
      "fastest": 1.578e-6,
      "slowest": 0.001130221
    }
  },
  "statusCodeDistribution": {
    "200": 17333287
  },
  "errorDistribution": {
    "aborted due to deadline": 100
  }
}