{
  "summary": {
    "successRate": 1.0,
    "total": 15.000449795,
    "slowest": 0.033135145,
    "fastest": 0.000039545,
    "average": 0.00026987335614917787,
    "requestsPerSec": 369459.8545869804,
    "totalData": 77587496,
    "sizePerRequest": 14,
    "sizePerSec": 5172344.633683033
  },
  "responseTimeHistogram": {
    "0.000039545": 1,
    "0.003349105": 5541884,
    "0.006658664999999999": 0,
    "0.009968224999999999": 0,
    "0.013277784999999999": 0,
    "0.016587344999999996": 0,
    "0.019896904999999996": 0,
    "0.023206464999999996": 0,
    "0.026516024999999995": 0,
    "0.029825584999999995": 0,
    "0.033135145": 79
  },
  "latencyPercentiles": {
    "p10": 0.000159355,
    "p25": 0.000196487,
    "p50": 0.000244204,
    "p75": 0.000304853,
    "p90": 0.000395384,
    "p95": 0.000492177,
    "p99": 0.000769715,
    "p99.9": 0.001110279,
    "p99.99": 0.00148599
  },
  "rps": {
    "mean": 370017.3938582873,
    "stddev": 14007.524057901968,
    "max": 391789.4301895021,
    "percentiles": {
      "p10": 356837.48948469904,
      "p25": 364465.60380868305,
      "p50": 371423.4240037899,
      "p75": 377700.15831576526,
      "p90": 381991.6015861157,
      "p95": 384405.3655106723,
      "p99": 388207.026547184,
      "p99.9": 390570.888616295,
      "p99.99": 391789.4301895021
    }
  },
  "details": {
    "DNSDialup": {
      "average": 0.00010608986137260824,
      "fastest": 0.000011712,
      "slowest": 0.032752592
    },
    "DNSLookup": {
      "average": 1.8683443634783776e-6,
      "fastest": 1.096e-6,
      "slowest": 0.001120696
    }
  },
  "statusCodeDistribution": {
    "200": 5541964
  },
  "errorDistribution": {
    "aborted due to deadline": 100
  }
}