{
  "summary": {
    "successRate": 1.0,
    "total": 15.000199445,
    "slowest": 0.048339611,
    "fastest": 8.399e-6,
    "average": 0.0000771284326565516,
    "requestsPerSec": 1280107.7125944842,
    "totalData": 268824794,
    "sizePerRequest": 14,
    "sizePerSec": 17921414.644230418
  },
  "responseTimeHistogram": {
    "0.000008399": 1,
    "0.0048415202": 19201614,
    "0.0096746414": 77,
    "0.0145077626": 0,
    "0.0193408838": 0,
    "0.024174005": 0,
    "0.0290071262": 0,
    "0.0338402474": 0,
    "0.0386733686": 0,
    "0.0435064898": 0,
    "0.048339611": 79
  },
  "latencyPercentiles": {
    "p10": 0.000039884,
    "p25": 0.000052634,
    "p50": 0.000070887,
    "p75": 0.000093172,
    "p90": 0.000117893,
    "p95": 0.000136316,
    "p99": 0.000193716,
    "p99.9": 0.000420132,
    "p99.99": 0.001050331
  },
  "rps": {
    "mean": 1283365.4080284857,
    "stddev": 53078.7345116584,
    "max": 1356458.5990114755,
    "percentiles": {
      "p10": 1243359.4325809623,
      "p25": 1267042.0101865917,
      "p50": 1289233.9068517205,
      "p75": 1307375.9585432336,
      "p90": 1322389.0969585052,
      "p95": 1330628.5387168673,
      "p99": 1343676.9318156755,
      "p99.9": 1356325.4989193801,
      "p99.99": 1356458.5990114755
    }
  },
  "details": {
    "DNSDialup": {
      "average": 0.00026997834778545206,
      "fastest": 0.000021285,
      "slowest": 0.048025719
    },
    "DNSLookup": {
      "average": 5.336028350381676e-6,
      "fastest": 1.293e-6,
      "slowest": 0.000408032
    }
  },
  "statusCodeDistribution": {
    "200": 19201771
  },
  "errorDistribution": {
    "aborted due to deadline": 100
  }
}