{
  "summary": {
    "successRate": 1.0,
    "total": 15.000645692,
    "slowest": 0.025614766,
    "fastest": 0.00003638,
    "average": 0.00029158804392959213,
    "requestsPerSec": 341662.9593973614,
    "totalData": 71750910,
    "sizePerRequest": 14,
    "sizePerSec": 4783188.102247192
  },
  "responseTimeHistogram": {
    "0.00003638": 1,
    "0.0025942186": 5124865,
    "0.0051520572": 118,
    "0.0077098958": 2,
    "0.0102677344": 0,
    "0.012825573000000002": 0,
    "0.0153834116": 0,
    "0.017941250199999998": 2,
    "0.0204990888": 3,
    "0.0230569274": 16,
    "0.025614766": 58
  },
  "latencyPercentiles": {
    "p10": 0.000174191,
    "p25": 0.000212406,
    "p50": 0.00026176,
    "p75": 0.000325028,
    "p90": 0.00042546,
    "p95": 0.000544782,
    "p99": 0.000847722,
    "p99.9": 0.001323432,
    "p99.99": 0.002099704
  },
  "rps": {
    "mean": 341800.04607430584,
    "stddev": 23203.563717687575,
    "max": 363118.7369268354,
    "percentiles": {
      "p10": 331999.996798054,
      "p25": 338564.25949642394,
      "p50": 344462.96542894345,
      "p75": 349717.62576837576,
      "p90": 353993.5604980382,
      "p95": 355404.4070146404,
      "p99": 358639.4994577489,
      "p99.9": 361000.0331091867,
      "p99.99": 363118.7369268354
    }
  },
  "details": {
    "DNSDialup": {
      "average": 0.00011885813801639575,
      "fastest": 0.000010298,
      "slowest": 0.023321844
    },
    "DNSLookup": {
      "average": 2.5446124014035707e-6,
      "fastest": 1.164e-6,
      "slowest": 0.001353669
    }
  },
  "statusCodeDistribution": {
    "200": 5125065
  },
  "errorDistribution": {
    "aborted due to deadline": 100
  }
}