{
  "summary": {
    "successRate": 1.0,
    "total": 15.000265731,
    "slowest": 0.038267684,
    "fastest": 0.000031843,
    "average": 0.00026550818005105384,
    "requestsPerSec": 375458.0152777428,
    "totalData": 78846180,
    "sizePerRequest": 14,
    "sizePerSec": 5256318.882208474
  },
  "responseTimeHistogram": {
    "0.000031843": 1,
    "0.0038554271000000007": 5631790,
    "0.007679011200000001": 0,
    "0.011502595300000001": 0,
    "0.015326179400000002": 0,
    "0.019149763500000003": 0,
    "0.022973347600000003": 0,
    "0.026796931700000005": 0,
    "0.030620515800000005": 0,
    "0.034444099900000004": 0,
    "0.038267684": 79
  },
  "latencyPercentiles": {
    "p10": 0.00015741,
    "p25": 0.000193407,
    "p50": 0.000239793,
    "p75": 0.000298791,
    "p90": 0.000387694,
    "p95": 0.000485449,
    "p99": 0.000765702,
    "p99.9": 0.001097879,
    "p99.99": 0.001480589
  },
  "rps": {
    "mean": 376153.0742559543,
    "stddev": 14756.066459012878,
    "max": 398526.17338653584,
    "percentiles": {
      "p10": 360947.5367906251,
      "p25": 369906.05206513766,
      "p50": 378119.19569774676,
      "p75": 384814.084195493,
      "p90": 389005.0702694749,
      "p95": 390991.84398415417,
      "p99": 394893.74777573586,
      "p99.9": 397916.9512621211,
      "p99.99": 398526.17338653584
    }
  },
  "details": {
    "DNSDialup": {
      "average": 0.00010480786542800265,
      "fastest": 0.000011073,
      "slowest": 0.037920236
    },
    "DNSLookup": {
      "average": 1.864470281274235e-6,
      "fastest": 1.122e-6,
      "slowest": 0.001524493
    }
  },
  "statusCodeDistribution": {
    "200": 5631870
  },
  "errorDistribution": {
    "aborted due to deadline": 100
  }
}