{
  "summary": {
    "successRate": 1.0,
    "total": 15.00026493,
    "slowest": 0.016842904,
    "fastest": 9.191e-6,
    "average": 0.00007831813439305721,
    "requestsPerSec": 1261378.7881945095,
    "totalData": 264892824,
    "sizePerRequest": 14,
    "sizePerSec": 17659209.703038223
  },
  "responseTimeHistogram": {
    "0.000009191": 1,
    "0.0016925623": 18920626,
    "0.0033759336": 49,
    "0.0050593049000000005": 84,
    "0.0067426762000000005": 77,
    "0.0084260475": 0,
    "0.0101094188": 0,
    "0.0117927901": 0,
    "0.0134761614": 0,
    "0.0151595327": 0,
    "0.016842904": 79
  },
  "latencyPercentiles": {
    "p10": 0.000040315,
    "p25": 0.000053383,
    "p50": 0.000072195,
    "p75": 0.000095034,
    "p90": 0.000120093,
    "p95": 0.000138853,
    "p99": 0.000198302,
    "p99.9": 0.000437831,
    "p99.99": 0.000759079
  },
  "rps": {
    "mean": 1261249.9279829387,
    "stddev": 65226.58188847576,
    "max": 1354126.8816888176,
    "percentiles": {
      "p10": 1220606.7707869767,
      "p25": 1248133.6261184,
      "p50": 1269935.1772044136,
      "p75": 1287713.9073102048,
      "p90": 1303496.1980194126,
      "p95": 1310983.8560730587,
      "p99": 1326634.3880633467,
      "p99.9": 1347733.9628960704,
      "p99.99": 1354126.8816888176
    }
  },
  "details": {
    "DNSDialup": {
      "average": 0.00010838049486111842,
      "fastest": 0.000019134,
      "slowest": 0.01672674
    },
    "DNSLookup": {
      "average": 5.501375217414243e-6,
      "fastest": 1.394e-6,
      "slowest": 0.00038217
    }
  },
  "statusCodeDistribution": {
    "200": 18920916
  },
  "errorDistribution": {
    "aborted due to deadline": 100
  }
}