{
  "summary": {
    "successRate": 1.0,
    "total": 15.002313785,
    "slowest": 0.02137787,
    "fastest": 6.162e-6,
    "average": 0.00004589410493984227,
    "requestsPerSec": 2151291.5582574583,
    "totalData": 451839836,
    "sizePerRequest": 14,
    "sizePerSec": 30118009.960021645
  },
  "responseTimeHistogram": {
    "0.000006162": 1,
    "0.0021433328000000002": 32272332,
    "0.0042805036": 1209,
    "0.0064176744": 89,
    "0.008554845200000001": 231,
    "0.010692016000000002": 74,
    "0.012829186800000001": 49,
    "0.0149663576": 71,
    "0.0171035284": 133,
    "0.019240699200000003": 72,
    "0.021377870000000004": 13
  },
  "latencyPercentiles": {
    "p10": 0.000015738,
    "p25": 0.000020359,
    "p50": 0.000030099,
    "p75": 0.000051861,
    "p90": 0.000087529,
    "p95": 0.000120922,
    "p99": 0.00024376,
    "p99.9": 0.00065141,
    "p99.99": 0.001614072
  },
  "firstByteHistogram": {
    "0.000006115": 1,
    "0.0021432862": 32272332,
    "0.0042804574": 1209,
    "0.0064176286": 89,
    "0.008554799799999999": 231,
    "0.010691970999999998": 74,
    "0.0128291422": 49,
    "0.014966313399999999": 71,
    "0.0171034846": 133,
    "0.0192406558": 72,
    "0.021377827": 13
  },
  "firstBytePercentiles": {
    "p10": 0.000015689,
    "p25": 0.000020309,
    "p50": 0.00003005,
    "p75": 0.000051811,
    "p90": 0.000087476,
    "p95": 0.000120869,
    "p99": 0.000243702,
    "p99.9": 0.000651348,
    "p99.99": 0.001614025
  },
  "rps": {
    "mean": 2151404.576262273,
    "stddev": 112298.67627336858,
    "max": 2233921.2222516295,
    "min": 404606.27139720664,
    "percentiles": {
      "p10": 2130180.1186855584,
      "p25": 2158241.869892336,
      "p50": 2173889.3424909827,
      "p75": 2186301.4443870126,
      "p90": 2196719.671967079,
      "p95": 2202821.3754577525,
      "p99": 2214430.2084960663,
      "p99.9": 2229605.5740139363,
      "p99.99": 2233921.2222516295
    }
  },
  "details": {
    "DNSDialup": {
      "average": 0.000035003092000247546,
      "fastest": 9.861e-6,
      "slowest": 0.01447524
    },
    "DNSLookup": {
      "average": 3.369357050052585e-6,
      "fastest": 7.84e-7,
      "slowest": 0.00059203
    },
    "firstByte": {
      "average": 0.00004584399656107567,
      "fastest": 6.115e-6,
      "slowest": 0.021377827
    }
  },
  "statusCodeDistribution": {
    "200": 32274274
  },
  "errorDistribution": {
    "aborted due to deadline": 77
  }
}