{
  "summary": {
    "successRate": 1.0,
    "total": 15.000668983,
    "slowest": 0.029082268,
    "fastest": 9.148e-6,
    "average": 0.00008064164197397389,
    "requestsPerSec": 1224436.191533552,
    "totalData": 257141668,
    "sizePerRequest": 14,
    "sizePerSec": 17142013.35229877
  },
  "responseTimeHistogram": {
    "0.000009148": 1,
    "0.00291646": 18367028,
    "0.005823772": 154,
    "0.008731084": 0,
    "0.011638396": 0,
    "0.014545708000000001": 0,
    "0.01745302": 0,
    "0.020360332000000002": 0,
    "0.023267644": 0,
    "0.026174956": 0,
    "0.029082268": 79
  },
  "latencyPercentiles": {
    "p10": 0.000041828,
    "p25": 0.000055286,
    "p50": 0.000074501,
    "p75": 0.000097723,
    "p90": 0.000123138,
    "p95": 0.00014188,
    "p99": 0.000200334,
    "p99.9": 0.000458544,
    "p99.99": 0.000781665
  },
  "rps": {
    "mean": 1225972.1563167633,
    "stddev": 57423.4935424607,
    "max": 1354466.0575386558,
    "percentiles": {
      "p10": 1186446.9833005525,
      "p25": 1212113.3332465028,
      "p50": 1232696.036885254,
      "p75": 1251309.9901479257,
      "p90": 1267755.9080356932,
      "p95": 1276757.5817669097,
      "p99": 1291131.4334389637,
      "p99.9": 1306611.2368566082,
      "p99.99": 1354466.0575386558
    }
  },
  "details": {
    "DNSDialup": {
      "average": 0.00020065865564244473,
      "fastest": 0.000019902,
      "slowest": 0.028900436
    },
    "DNSLookup": {
      "average": 5.603943086781797e-6,
      "fastest": 1.344e-6,
      "slowest": 0.000398707
    }
  },
  "statusCodeDistribution": {
    "200": 18367262
  },
  "errorDistribution": {
    "aborted due to deadline": 100
  }
}