{
  "summary": {
    "successRate": 1.0,
    "total": 15.000500128,
    "slowest": 0.038054197,
    "fastest": 0.000037756,
    "average": 0.00026589878832691794,
    "requestsPerSec": 374951.29842380143,
    "totalData": 78740998,
    "sizePerRequest": 14,
    "sizePerSec": 5249224.847711691
  },
  "responseTimeHistogram": {
    "0.000037756": 1,
    "0.0038394001": 5624277,
    "0.0076410442": 0,
    "0.0114426883": 0,
    "0.0152443324": 0,
    "0.0190459765": 0,
    "0.0228476206": 0,
    "0.026649264699999998": 0,
    "0.0304509088": 0,
    "0.0342525529": 0,
    "0.038054197": 79
  },
  "latencyPercentiles": {
    "p10": 0.000157285,
    "p25": 0.000193033,
    "p50": 0.000239284,
    "p75": 0.000298435,
    "p90": 0.000389174,
    "p95": 0.000490649,
    "p99": 0.000775899,
    "p99.9": 0.001127678,
    "p99.99": 0.001491852
  },
  "rps": {
    "mean": 375644.24794502015,
    "stddev": 14853.050301016794,
    "max": 397479.59888395254,
    "percentiles": {
      "p10": 361702.4234062523,
      "p25": 369267.4627943841,
      "p50": 377415.5872637444,
      "p75": 383911.9780537257,
      "p90": 388903.772366636,
      "p95": 391344.4958691859,
      "p99": 394974.6897138389,
      "p99.9": 397057.41450213507,
      "p99.99": 397479.59888395254
    }
  },
  "details": {
    "DNSDialup": {
      "average": 0.00010526100086765803,
      "fastest": 0.000011405,
      "slowest": 0.037744672
    },
    "DNSLookup": {
      "average": 1.8539445817540128e-6,
      "fastest": 1.091e-6,
      "slowest": 0.001144658
    }
  },
  "statusCodeDistribution": {
    "200": 5624357
  },
  "errorDistribution": {
    "aborted due to deadline": 100
  }
}