{
  "summary": {
    "successRate": 1.0,
    "total": 15.000490157,
    "slowest": 0.070457903,
    "fastest": 8.478e-6,
    "average": 0.00007762817186920319,
    "requestsPerSec": 1270468.4847319287,
    "totalData": 266805700,
    "sizePerRequest": 14,
    "sizePerSec": 17786465.455963433
  },
  "responseTimeHistogram": {
    "0.000008478": 1,
    "0.0070534205": 19057470,
    "0.014098363": 0,
    "0.0211433055": 0,
    "0.028188248": 0,
    "0.0352331905": 0,
    "0.042278133": 0,
    "0.0493230755": 0,
    "0.056368018": 0,
    "0.0634129605": 0,
    "0.070457903": 79
  },
  "latencyPercentiles": {
    "p10": 0.000040281,
    "p25": 0.000053072,
    "p50": 0.00007128,
    "p75": 0.000093541,
    "p90": 0.000118389,
    "p95": 0.000137341,
    "p99": 0.000199093,
    "p99.9": 0.000400761,
    "p99.99": 0.000717295
  },
  "rps": {
    "mean": 1275560.115267773,
    "stddev": 56705.549501760535,
    "max": 1369737.5308083459,
    "percentiles": {
      "p10": 1228969.9581120338,
      "p25": 1258346.1813049018,
      "p50": 1283303.978242461,
      "p75": 1304066.1380259756,
      "p90": 1319499.2263418555,
      "p95": 1326500.2653001032,
      "p99": 1343185.7633114397,
      "p99.9": 1356267.9124298645,
      "p99.99": 1369737.5308083459
    }
  },
  "details": {
    "DNSDialup": {
      "average": 0.00036510377412774176,
      "fastest": 0.000021647,
      "slowest": 0.07027298
    },
    "DNSLookup": {
      "average": 5.4603410053878475e-6,
      "fastest": 1.296e-6,
      "slowest": 0.000287436
    }
  },
  "statusCodeDistribution": {
    "200": 19057550
  },
  "errorDistribution": {
    "aborted due to deadline": 100
  }
}