{
  "summary": {
    "successRate": 1.0,
    "total": 15.000750234,
    "slowest": 0.039484814,
    "fastest": 0.000037269,
    "average": 0.00026939495912262,
    "requestsPerSec": 370078.6902922578,
    "totalData": 77719012,
    "sizePerRequest": 14,
    "sizePerSec": 5181008.335426166
  },
  "responseTimeHistogram": {
    "0.000037269": 1,
    "0.0039820235": 5551278,
    "0.007926777999999999": 0,
    "0.011871532499999999": 0,
    "0.015816287": 0,
    "0.0197610415": 0,
    "0.023705795999999998": 0,
    "0.027650550499999996": 0,
    "0.031595305": 0,
    "0.0355400595": 0,
    "0.039484814": 79
  },
  "latencyPercentiles": {
    "p10": 0.000159336,
    "p25": 0.000196097,
    "p50": 0.000243423,
    "p75": 0.000303658,
    "p90": 0.000394315,
    "p95": 0.000493653,
    "p99": 0.000768906,
    "p99.9": 0.001114307,
    "p99.99": 0.001504385
  },
  "rps": {
    "mean": 370776.0545795146,
    "stddev": 13598.013680582817,
    "max": 393731.98688671296,
    "percentiles": {
      "p10": 358730.79324721446,
      "p25": 365080.4592710409,
      "p50": 371921.9062002757,
      "p75": 377937.6448902529,
      "p90": 382172.3452249031,
      "p95": 384677.97422541206,
      "p99": 388241.34770351154,
      "p99.9": 390399.51283581136,
      "p99.99": 393731.98688671296
    }
  },
  "details": {
    "DNSDialup": {
      "average": 0.00010653527311605543,
      "fastest": 0.000012389,
      "slowest": 0.038464488
    },
    "DNSLookup": {
      "average": 1.8573352736393662e-6,
      "fastest": 1.09e-6,
      "slowest": 0.001361175
    }
  },
  "statusCodeDistribution": {
    "200": 5551358
  },
  "errorDistribution": {
    "aborted due to deadline": 100
  }
}