{
  "summary": {
    "successRate": 1.0,
    "total": 15.001180512,
    "slowest": 0.039763256,
    "fastest": 7.71e-6,
    "average": 0.00007460551292989919,
    "requestsPerSec": 1323531.303694241,
    "totalData": 277962048,
    "sizePerRequest": 14,
    "sizePerSec": 18529344.92573087
  },
  "responseTimeHistogram": {
    "0.00000771": 1,
    "0.0039832646": 19854187,
    "0.007958819199999998": 165,
    "0.011934373799999997": 0,
    "0.0159099284": 0,
    "0.019885483": 0,
    "0.023861037599999996": 0,
    "0.027836592199999996": 0,
    "0.031812146799999996": 0,
    "0.0357877014": 0,
    "0.039763256": 79
  },
  "latencyPercentiles": {
    "p10": 0.000038125,
    "p25": 0.000050029,
    "p50": 0.000067481,
    "p75": 0.000089442,
    "p90": 0.000114201,
    "p95": 0.000134477,
    "p99": 0.000209727,
    "p99.9": 0.000452899,
    "p99.99": 0.001084941
  },
  "rps": {
    "mean": 1325193.6540833076,
    "stddev": 105775.70320145502,
    "max": 1444851.7256917271,
    "percentiles": {
      "p10": 1274015.6703927682,
      "p25": 1311553.9884214366,
      "p50": 1340013.6681393844,
      "p75": 1364106.1384775543,
      "p90": 1385932.282250551,
      "p95": 1398288.3718251137,
      "p99": 1416350.7053552002,
      "p99.9": 1430525.2826012068,
      "p99.99": 1444851.7256917271
    }
  },
  "details": {
    "DNSDialup": {
      "average": 0.0001364386516255473,
      "fastest": 0.000016813,
      "slowest": 0.039500266
    },
    "DNSLookup": {
      "average": 5.6652539570875895e-6,
      "fastest": 1.158e-6,
      "slowest": 0.001862219
    }
  },
  "statusCodeDistribution": {
    "200": 19854432
  },
  "errorDistribution": {
    "aborted due to deadline": 100
  }
}