{
  "summary": {
    "successRate": 1.0,
    "total": 15.000601037,
    "slowest": 0.062440103,
    "fastest": 9.056e-6,
    "average": 0.00007955711328928893,
    "requestsPerSec": 1241070.4047178107,
    "totalData": 260633828,
    "sizePerRequest": 14,
    "sizePerSec": 17374892.336455654
  },
  "responseTimeHistogram": {
    "0.000009056": 1,
    "0.0062521607": 18616622,
    "0.0124952654": 0,
    "0.0187383701": 0,
    "0.0249814748": 0,
    "0.031224579500000002": 0,
    "0.0374676842": 0,
    "0.0437107889": 0,
    "0.0499538936": 0,
    "0.0561969983": 0,
    "0.062440103000000004": 79
  },
  "latencyPercentiles": {
    "p10": 0.00004055,
    "p25": 0.000053851,
    "p50": 0.000072996,
    "p75": 0.000096326,
    "p90": 0.000121943,
    "p95": 0.000141147,
    "p99": 0.000203805,
    "p99.9": 0.000472906,
    "p99.99": 0.00075071
  },
  "rps": {
    "mean": 1245256.3849859796,
    "stddev": 60647.952483358844,
    "max": 1333423.4682528796,
    "percentiles": {
      "p10": 1204035.9260233764,
      "p25": 1231305.171481737,
      "p50": 1254775.7884576237,
      "p75": 1273308.1491721775,
      "p90": 1289530.6418590772,
      "p95": 1297037.3562561304,
      "p99": 1312661.8263720358,
      "p99.9": 1327776.8414715026,
      "p99.99": 1333423.4682528796
    }
  },
  "details": {
    "DNSDialup": {
      "average": 0.0003380674254259105,
      "fastest": 0.000019171,
      "slowest": 0.062335656
    },
    "DNSLookup": {
      "average": 5.507122682952954e-6,
      "fastest": 1.324e-6,
      "slowest": 0.000362227
    }
  },
  "statusCodeDistribution": {
    "200": 18616702
  },
  "errorDistribution": {
    "aborted due to deadline": 100
  }
}