{
  "summary": {
    "successRate": 1.0,
    "total": 15.001071786,
    "slowest": 0.06067969,
    "fastest": 0.000032482,
    "average": 0.00026573113519712515,
    "requestsPerSec": 375042.73562977003,
    "totalData": 78763202,
    "sizePerRequest": 14,
    "sizePerSec": 5250504.972151861
  },
  "responseTimeHistogram": {
    "0.000032482": 1,
    "0.006097202800000001": 5625863,
    "0.012161923600000001": 0,
    "0.018226644400000002": 0,
    "0.0242913652": 0,
    "0.030356086": 0,
    "0.036420806800000004": 0,
    "0.0424855276": 0,
    "0.0485502484": 0,
    "0.0546149692": 0,
    "0.06067969": 79
  },
  "latencyPercentiles": {
    "p10": 0.000158915,
    "p25": 0.000194602,
    "p50": 0.000240389,
    "p75": 0.000298197,
    "p90": 0.000384082,
    "p95": 0.000478471,
    "p99": 0.000763668,
    "p99.9": 0.001123654,
    "p99.99": 0.00148007
  },
  "rps": {
    "mean": 376302.1162384435,
    "stddev": 14673.612052057675,
    "max": 399834.50154399505,
    "percentiles": {
      "p10": 361768.8446111783,
      "p25": 369973.1066858813,
      "p50": 378101.1343033705,
      "p75": 384924.13474327064,
      "p90": 389492.5478526903,
      "p95": 391557.9897382526,
      "p99": 395153.24042665516,
      "p99.9": 399051.8416172502,
      "p99.99": 399834.50154399505
    }
  },
  "details": {
    "DNSDialup": {
      "average": 0.00010640208951815344,
      "fastest": 0.00001136,
      "slowest": 0.060374782
    },
    "DNSLookup": {
      "average": 1.8621056539321087e-6,
      "fastest": 1.094e-6,
      "slowest": 0.001229193
    }
  },
  "statusCodeDistribution": {
    "200": 5625943
  },
  "errorDistribution": {
    "aborted due to deadline": 100
  }
}