{
  "summary": {
    "successRate": 1.0,
    "total": 15.0005675,
    "slowest": 0.045767814,
    "fastest": 8.76e-6,
    "average": 0.00007698564543292982,
    "requestsPerSec": 1282687.1383365996,
    "totalData": 269373090,
    "sizePerRequest": 14,
    "sizePerSec": 17957526.60691004
  },
  "responseTimeHistogram": {
    "0.00000876": 1,
    "0.0045846654": 19240778,
    "0.0091605708": 77,
    "0.0137364762": 0,
    "0.0183123816": 0,
    "0.022888287": 0,
    "0.0274641924": 0,
    "0.0320400978": 0,
    "0.0366160032": 0,
    "0.04119190859999999": 0,
    "0.045767814": 79
  },
  "latencyPercentiles": {
    "p10": 0.000039817,
    "p25": 0.00005256,
    "p50": 0.000070837,
    "p75": 0.000093078,
    "p90": 0.000117753,
    "p95": 0.000136287,
    "p99": 0.000195106,
    "p99.9": 0.000420354,
    "p99.99": 0.000697225
  },
  "rps": {
    "mean": 1285716.1325154977,
    "stddev": 66234.00149566217,
    "max": 1379634.928295984,
    "percentiles": {
      "p10": 1242203.1055077163,
      "p25": 1272327.736744723,
      "p50": 1296438.893166759,
      "p75": 1315906.7111243426,
      "p90": 1330823.954831186,
      "p95": 1338383.9166716526,
      "p99": 1354254.4083786767,
      "p99.9": 1367722.4306478647,
      "p99.99": 1379634.928295984
    }
  },
  "details": {
    "DNSDialup": {
      "average": 0.00025610883921995634,
      "fastest": 0.000020268,
      "slowest": 0.045516745
    },
    "DNSLookup": {
      "average": 5.406226855453583e-6,
      "fastest": 1.269e-6,
      "slowest": 0.00026359
    }
  },
  "statusCodeDistribution": {
    "200": 19240935
  },
  "errorDistribution": {
    "aborted due to deadline": 100
  }
}