{
  "summary": {
    "successRate": 1.0,
    "total": 15.000863217,
    "slowest": 0.045932848,
    "fastest": 0.000034334,
    "average": 0.0002791626465828379,
    "requestsPerSec": 357131.18121954275,
    "totalData": 75000464,
    "sizePerRequest": 14,
    "sizePerSec": 4999743.209111084
  },
  "responseTimeHistogram": {
    "0.000034334": 1,
    "0.0046241853999999995": 5357096,
    "0.0092140368": 0,
    "0.0138038882": 0,
    "0.0183937396": 0,
    "0.022983591": 0,
    "0.0275734424": 0,
    "0.0321632938": 0,
    "0.0367531452": 0,
    "0.041342996599999994": 0,
    "0.045932848": 79
  },
  "latencyPercentiles": {
    "p10": 0.000165453,
    "p25": 0.000203921,
    "p50": 0.000253386,
    "p75": 0.000315945,
    "p90": 0.000407789,
    "p95": 0.000503229,
    "p99": 0.000782373,
    "p99.9": 0.001133729,
    "p99.99": 0.001497815
  },
  "rps": {
    "mean": 357753.52302993793,
    "stddev": 16147.451510080005,
    "max": 377506.6864320591,
    "percentiles": {
      "p10": 344672.27777663723,
      "p25": 352494.4685175753,
      "p50": 359607.738478443,
      "p75": 365500.07392024924,
      "p90": 369731.61205285974,
      "p95": 372331.1059174584,
      "p99": 376009.58824450005,
      "p99.9": 377331.6581261218,
      "p99.99": 377506.6864320591
    }
  },
  "details": {
    "DNSDialup": {
      "average": 0.0001091518676179393,
      "fastest": 0.000011695,
      "slowest": 0.044877103
    },
    "DNSLookup": {
      "average": 1.8939012907174985e-6,
      "fastest": 1.111e-6,
      "slowest": 0.00132864
    }
  },
  "statusCodeDistribution": {
    "200": 5357176
  },
  "errorDistribution": {
    "aborted due to deadline": 100
  }
}