{
  "summary": {
    "successRate": 1.0,
    "total": 15.001080413,
    "slowest": 0.029664766,
    "fastest": 8.886e-6,
    "average": 0.00007809732000479185,
    "requestsPerSec": 1264480.4559251447,
    "totalData": 265558622,
    "sizePerRequest": 14,
    "sizePerSec": 17702633.05634078
  },
  "responseTimeHistogram": {
    "0.000008886": 1,
    "0.002974474": 18968226,
    "0.005940061999999999": 167,
    "0.00890565": 0,
    "0.011871238": 0,
    "0.014836826": 0,
    "0.017802414": 0,
    "0.020768002": 0,
    "0.02373359": 0,
    "0.026699177999999997": 0,
    "0.029664766": 79
  },
  "latencyPercentiles": {
    "p10": 0.000040305,
    "p25": 0.000053327,
    "p50": 0.000071953,
    "p75": 0.00009462,
    "p90": 0.000119795,
    "p95": 0.000138711,
    "p99": 0.000198114,
    "p99.9": 0.000407698,
    "p99.99": 0.000691688
  },
  "rps": {
    "mean": 1266114.4768044082,
    "stddev": 59474.74476875953,
    "max": 1351849.108956717,
    "percentiles": {
      "p10": 1226344.8313245531,
      "p25": 1251242.5644950327,
      "p50": 1274310.2278346876,
      "p75": 1293838.0599574987,
      "p90": 1309805.046364713,
      "p95": 1317143.5974529674,
      "p99": 1333299.7282992743,
      "p99.9": 1348038.149479583,
      "p99.99": 1351849.108956717
    }
  },
  "details": {
    "DNSDialup": {
      "average": 0.000196704678569551,
      "fastest": 0.000020343,
      "slowest": 0.029471884
    },
    "DNSLookup": {
      "average": 5.6803477254798694e-6,
      "fastest": 1.36e-6,
      "slowest": 0.000544914
    }
  },
  "statusCodeDistribution": {
    "200": 18968473
  },
  "errorDistribution": {
    "aborted due to deadline": 100
  }
}