{
  "summary": {
    "successRate": 1.0,
    "total": 15.001162048,
    "slowest": 0.035055244,
    "fastest": 0.000029098,
    "average": 0.00026779378115628495,
    "requestsPerSec": 372317.82325454155,
    "totalData": 78191400,
    "sizePerRequest": 14,
    "sizePerSec": 5212356.199460208
  },
  "responseTimeHistogram": {
    "0.000029098": 1,
    "0.0035317126": 5585019,
    "0.0070343272": 1,
    "0.0105369418": 0,
    "0.0140395564": 0,
    "0.017542171000000002": 0,
    "0.0210447856": 0,
    "0.024547400200000003": 0,
    "0.028050014800000002": 0,
    "0.0315526294": 0,
    "0.035055244": 79
  },
  "latencyPercentiles": {
    "p10": 0.000158113,
    "p25": 0.000193394,
    "p50": 0.000239079,
    "p75": 0.000297705,
    "p90": 0.000390661,
    "p95": 0.000506263,
    "p99": 0.000811765,
    "p99.9": 0.001220298,
    "p99.99": 0.001722531
  },
  "rps": {
    "mean": 372917.40499546693,
    "stddev": 19997.351229010525,
    "max": 397601.3120843233,
    "percentiles": {
      "p10": 360044.4294826364,
      "p25": 368009.2738336913,
      "p50": 375424.98107854027,
      "p75": 381528.84229000175,
      "p90": 386126.99027659826,
      "p95": 388600.11658003565,
      "p99": 392177.53349838697,
      "p99.9": 396108.51633311063,
      "p99.99": 397601.3120843233
    }
  },
  "details": {
    "DNSDialup": {
      "average": 0.00010849269689566894,
      "fastest": 9.151e-6,
      "slowest": 0.033387854
    },
    "DNSLookup": {
      "average": 1.8203335238401543e-6,
      "fastest": 9.36e-7,
      "slowest": 0.001126095
    }
  },
  "statusCodeDistribution": {
    "200": 5585100
  },
  "errorDistribution": {
    "aborted due to deadline": 100
  }
}