{
  "summary": {
    "successRate": 1.0,
    "total": 15.001027539,
    "slowest": 0.047921124,
    "fastest": 8.855e-6,
    "average": 0.00007698178088512846,
    "requestsPerSec": 1282719.9303496992,
    "totalData": 269388238,
    "sizePerRequest": 14,
    "sizePerSec": 17957985.697955593
  },
  "responseTimeHistogram": {
    "0.000008855": 1,
    "0.0048000819": 19241860,
    "0.0095913088": 77,
    "0.014382535699999999": 0,
    "0.019173762599999998": 0,
    "0.0239649895": 0,
    "0.028756216399999996": 0,
    "0.0335474433": 0,
    "0.0383386702": 0,
    "0.0431298971": 0,
    "0.047921124": 79
  },
  "latencyPercentiles": {
    "p10": 0.000039882,
    "p25": 0.000052678,
    "p50": 0.000071004,
    "p75": 0.000093282,
    "p90": 0.00011765,
    "p95": 0.000135583,
    "p99": 0.000190649,
    "p99.9": 0.000426815,
    "p99.99": 0.000715045
  },
  "rps": {
    "mean": 1285104.1594649185,
    "stddev": 70499.78943647968,
    "max": 1377059.988925924,
    "percentiles": {
      "p10": 1246051.586535675,
      "p25": 1272455.9880635007,
      "p50": 1294009.3437894303,
      "p75": 1313966.0853131826,
      "p90": 1329402.259983821,
      "p95": 1338602.409484327,
      "p99": 1355453.1221951786,
      "p99.9": 1371099.4047068143,
      "p99.99": 1377059.988925924
    }
  },
  "details": {
    "DNSDialup": {
      "average": 0.00014705462108099661,
      "fastest": 0.00002031,
      "slowest": 0.0477436
    },
    "DNSLookup": {
      "average": 5.421960045602912e-6,
      "fastest": 1.316e-6,
      "slowest": 0.000253296
    }
  },
  "statusCodeDistribution": {
    "200": 19242017
  },
  "errorDistribution": {
    "aborted due to deadline": 100
  }
}