{
  "summary": {
    "successRate": 1.0,
    "total": 15.000983335,
    "slowest": 0.033531484,
    "fastest": 8.7e-6,
    "average": 0.000085983341802005,
    "requestsPerSec": 1150181.1991047051,
    "totalData": 241552486,
    "sizePerRequest": 14,
    "sizePerSec": 16102443.460250666
  },
  "responseTimeHistogram": {
    "0.0000087": 1,
    "0.0033609784": 17253618,
    "0.0067132568": 51,
    "0.0100655352": 0,
    "0.0134178136": 0,
    "0.016770092": 0,
    "0.0201223704": 0,
    "0.0234746488": 2,
    "0.0268269272": 5,
    "0.030179205599999998": 21,
    "0.033531484": 51
  },
  "latencyPercentiles": {
    "p10": 0.000042853,
    "p25": 0.000056439,
    "p50": 0.000076735,
    "p75": 0.000102677,
    "p90": 0.000132554,
    "p95": 0.000158843,
    "p99": 0.000257874,
    "p99.9": 0.000585952,
    "p99.99": 0.001406092
  },
  "rps": {
    "mean": 1151071.8390787535,
    "stddev": 99537.71513094877,
    "max": 1280070.6599003882,
    "percentiles": {
      "p10": 1103876.2778508596,
      "p25": 1136641.943970124,
      "p50": 1164977.7040128447,
      "p75": 1189610.6337888236,
      "p90": 1210306.2998247403,
      "p95": 1222636.190031259,
      "p99": 1244409.9552796083,
      "p99.9": 1273028.1939391352,
      "p99.99": 1280070.6599003882
    }
  },
  "details": {
    "DNSDialup": {
      "average": 0.00017373125496765413,
      "fastest": 0.000020855,
      "slowest": 0.032298654
    },
    "DNSLookup": {
      "average": 8.12739920286508e-6,
      "fastest": 1.81e-6,
      "slowest": 0.002289232
    }
  },
  "statusCodeDistribution": {
    "200": 17253749
  },
  "errorDistribution": {
    "aborted due to deadline": 100
  }
}