{
  "summary": {
    "successRate": 1.0,
    "total": 15.000964548,
    "slowest": 0.035037036,
    "fastest": 0.000032992,
    "average": 0.0002667864183222094,
    "requestsPerSec": 373690.1038638465,
    "totalData": 78478568,
    "sizePerRequest": 14,
    "sizePerSec": 5231568.126761764
  },
  "responseTimeHistogram": {
    "0.000032992": 1,
    "0.0035333963999999995": 5605532,
    "0.007033800799999999": 0,
    "0.010534205199999999": 0,
    "0.0140346096": 0,
    "0.017535013999999998": 0,
    "0.021035418399999995": 0,
    "0.024535822799999996": 0,
    "0.028036227199999996": 0,
    "0.0315366316": 0,
    "0.035037036": 79
  },
  "latencyPercentiles": {
    "p10": 0.000158719,
    "p25": 0.00019527,
    "p50": 0.000242301,
    "p75": 0.000301563,
    "p90": 0.000388096,
    "p95": 0.000479005,
    "p99": 0.000755646,
    "p99.9": 0.001092652,
    "p99.99": 0.001444499
  },
  "rps": {
    "mean": 374287.58897315926,
    "stddev": 14887.171082398978,
    "max": 398214.09677903366,
    "percentiles": {
      "p10": 358534.38344735914,
      "p25": 367906.62231916934,
      "p50": 375820.3318799426,
      "p75": 382487.32185558,
      "p90": 387833.1985217929,
      "p95": 390070.9539065396,
      "p99": 393664.75785271864,
      "p99.9": 398034.7882405155,
      "p99.99": 398214.09677903366
    }
  },
  "details": {
    "DNSDialup": {
      "average": 0.00010453864821807195,
      "fastest": 0.000011311,
      "slowest": 0.034726485
    },
    "DNSLookup": {
      "average": 1.8761500662193416e-6,
      "fastest": 1.105e-6,
      "slowest": 0.001586655
    }
  },
  "statusCodeDistribution": {
    "200": 5605612
  },
  "errorDistribution": {
    "aborted due to deadline": 100
  }
}