{
  "summary": {
    "successRate": 1.0,
    "total": 15.000758118,
    "slowest": 0.027696566,
    "fastest": 8.454e-6,
    "average": 0.0000858090076734926,
    "requestsPerSec": 1152660.0765098743,
    "totalData": 242069450,
    "sizePerRequest": 14,
    "sizePerSec": 16137147.742521849
  },
  "responseTimeHistogram": {
    "0.000008454": 1,
    "0.0027772651999999998": 17290474,
    "0.005546076399999999": 39,
    "0.0083148876": 82,
    "0.011083698799999998": 0,
    "0.013852509999999997": 0,
    "0.0166213212": 0,
    "0.0193901324": 1,
    "0.022158943599999998": 3,
    "0.024927754799999997": 15,
    "0.027696565999999995": 60
  },
  "latencyPercentiles": {
    "p10": 0.000043729,
    "p25": 0.000057211,
    "p50": 0.000077099,
    "p75": 0.000102559,
    "p90": 0.000131789,
    "p95": 0.000156364,
    "p99": 0.000245876,
    "p99.9": 0.000557142,
    "p99.99": 0.001218132
  },
  "rps": {
    "mean": 1153872.9419703875,
    "stddev": 91795.3993175356,
    "max": 1264476.753738928,
    "percentiles": {
      "p10": 1101429.6284569858,
      "p25": 1139526.3230580888,
      "p50": 1169012.9628882208,
      "p75": 1194750.4184676118,
      "p90": 1212185.8227561645,
      "p95": 1222703.0567577037,
      "p99": 1245205.7279463478,
      "p99.9": 1258728.1955115774,
      "p99.99": 1264476.753738928
    }
  },
  "details": {
    "DNSDialup": {
      "average": 0.00016353345881132224,
      "fastest": 0.000020145,
      "slowest": 0.026922418
    },
    "DNSLookup": {
      "average": 8.30635937049636e-6,
      "fastest": 1.497e-6,
      "slowest": 0.001886742
    }
  },
  "statusCodeDistribution": {
    "200": 17290675
  },
  "errorDistribution": {
    "aborted due to deadline": 100
  }
}