{
  "summary": {
    "successRate": 1.0,
    "total": 15.000888398,
    "slowest": 0.036414258,
    "fastest": 0.000039175,
    "average": 0.00027694692611493986,
    "requestsPerSec": 360031.9432227803,
    "totalData": 75609786,
    "sizePerRequest": 14,
    "sizePerSec": 5040353.877313074
  },
  "responseTimeHistogram": {
    "0.000039175": 1,
    "0.0036766832999999993": 5400608,
    "0.007314191599999999": 5,
    "0.010951699899999999": 1,
    "0.014589208199999999": 0,
    "0.018226716499999997": 1,
    "0.021864224799999995": 4,
    "0.025501733099999997": 0,
    "0.029139241399999995": 0,
    "0.032776749699999996": 0,
    "0.036414258": 79
  },
  "latencyPercentiles": {
    "p10": 0.000163878,
    "p25": 0.000201775,
    "p50": 0.00025056,
    "p75": 0.000312719,
    "p90": 0.000405423,
    "p95": 0.000505079,
    "p99": 0.000785497,
    "p99.9": 0.001130578,
    "p99.99": 0.001507803
  },
  "rps": {
    "mean": 360655.40800161276,
    "stddev": 14849.950913113275,
    "max": 382793.7319077426,
    "percentiles": {
      "p10": 344625.94410228083,
      "p25": 354561.4809607915,
      "p50": 362768.3092726249,
      "p75": 369592.287194124,
      "p90": 373728.37569705973,
      "p95": 375849.2738397793,
      "p99": 378730.775736859,
      "p99.9": 382439.513934686,
      "p99.99": 382793.7319077426
    }
  },
  "details": {
    "DNSDialup": {
      "average": 0.0001087710926611608,
      "fastest": 0.000012302,
      "slowest": 0.036195955
    },
    "DNSLookup": {
      "average": 1.8725331028447365e-6,
      "fastest": 1.099e-6,
      "slowest": 0.001045831
    }
  },
  "statusCodeDistribution": {
    "200": 5400699
  },
  "errorDistribution": {
    "aborted due to deadline": 100
  }
}