{
  "summary": {
    "successRate": 1.0,
    "total": 15.000939644,
    "slowest": 0.049424146,
    "fastest": 8.138e-6,
    "average": 0.00007749123448099997,
    "requestsPerSec": 1272960.7246728549,
    "totalData": 267337098,
    "sizePerRequest": 14,
    "sizePerSec": 17821356.817932945
  },
  "responseTimeHistogram": {
    "0.000008138": 1,
    "0.004949738800000001": 19095350,
    "0.0098913396": 77,
    "0.0148329404": 0,
    "0.019774541200000002": 0,
    "0.024716142000000003": 0,
    "0.0296577428": 0,
    "0.0345993436": 0,
    "0.0395409444": 0,
    "0.0444825452": 0,
    "0.049424146": 79
  },
  "latencyPercentiles": {
    "p10": 0.000040239,
    "p25": 0.00005305,
    "p50": 0.000071329,
    "p75": 0.00009362,
    "p90": 0.000118284,
    "p95": 0.000136744,
    "p99": 0.000195369,
    "p99.9": 0.000435829,
    "p99.99": 0.000707131
  },
  "rps": {
    "mean": 1276286.18302051,
    "stddev": 64446.49309409147,
    "max": 1382213.2755084087,
    "percentiles": {
      "p10": 1232227.0426080695,
      "p25": 1264550.3291031339,
      "p50": 1286926.2474648338,
      "p75": 1305402.2006094295,
      "p90": 1320806.3398704305,
      "p95": 1329451.3168208527,
      "p99": 1344351.6428652343,
      "p99.9": 1371540.308573511,
      "p99.99": 1382213.2755084087
    }
  },
  "details": {
    "DNSDialup": {
      "average": 0.000277623949971276,
      "fastest": 0.000021061,
      "slowest": 0.049179654
    },
    "DNSLookup": {
      "average": 5.58666703222102e-6,
      "fastest": 1.296e-6,
      "slowest": 0.00067572
    }
  },
  "statusCodeDistribution": {
    "200": 19095507
  },
  "errorDistribution": {
    "aborted due to deadline": 100
  }
}