{
  "summary": {
    "successRate": 1.0,
    "total": 15.000468217,
    "slowest": 0.033747565,
    "fastest": 0.000033826,
    "average": 0.0002906615849205701,
    "requestsPerSec": 342719.43552893697,
    "totalData": 71971928,
    "sizePerRequest": 14,
    "sizePerSec": 4797978.766985044
  },
  "responseTimeHistogram": {
    "0.000033826": 1,
    "0.0034051998999999997": 5140772,
    "0.0067765737999999996": 0,
    "0.0101479477": 0,
    "0.0135193216": 0,
    "0.0168906955": 0,
    "0.0202620694": 0,
    "0.0236334433": 0,
    "0.0270048172": 0,
    "0.030376191099999998": 7,
    "0.033747565": 72
  },
  "latencyPercentiles": {
    "p10": 0.000173968,
    "p25": 0.000212213,
    "p50": 0.000261322,
    "p75": 0.000324164,
    "p90": 0.000423583,
    "p95": 0.000542096,
    "p99": 0.000839133,
    "p99.9": 0.001261706,
    "p99.99": 0.001765932
  },
  "rps": {
    "mean": 343230.8497312355,
    "stddev": 17795.54192965218,
    "max": 363519.092957348,
    "percentiles": {
      "p10": 333027.5080722019,
      "p25": 339102.3737166239,
      "p50": 345254.41209534794,
      "p75": 350610.9683715233,
      "p90": 354170.2142049455,
      "p95": 356354.66480561736,
      "p99": 359766.96230154985,
      "p99.9": 362618.3164899319,
      "p99.99": 363519.092957348
    }
  },
  "details": {
    "DNSDialup": {
      "average": 0.00011848559739027455,
      "fastest": 0.000010142,
      "slowest": 0.032159754
    },
    "DNSLookup": {
      "average": 2.53752028010126e-6,
      "fastest": 1.18e-6,
      "slowest": 0.001197921
    }
  },
  "statusCodeDistribution": {
    "200": 5140852
  },
  "errorDistribution": {
    "aborted due to deadline": 100
  }
}