{
  "summary": {
    "successRate": 1.0,
    "total": 15.001052977,
    "slowest": 0.038755254,
    "fastest": 0.000037357,
    "average": 0.000265746018862314,
    "requestsPerSec": 375131.1996983157,
    "totalData": 78781682,
    "sizePerRequest": 14,
    "sizePerSec": 5251743.468994483
  },
  "responseTimeHistogram": {
    "0.000037357": 1,
    "0.0039091467": 5627183,
    "0.007780936400000001": 0,
    "0.011652726100000002": 0,
    "0.015524515800000001": 0,
    "0.0193963055": 0,
    "0.0232680952": 0,
    "0.0271398849": 0,
    "0.0310116746": 0,
    "0.03488346430000001": 0,
    "0.038755254": 79
  },
  "latencyPercentiles": {
    "p10": 0.000157783,
    "p25": 0.000194023,
    "p50": 0.000240761,
    "p75": 0.000299908,
    "p90": 0.000387307,
    "p95": 0.000480432,
    "p99": 0.000759155,
    "p99.9": 0.001091612,
    "p99.99": 0.001441388
  },
  "rps": {
    "mean": 375611.45885930886,
    "stddev": 17412.562827148267,
    "max": 401833.0708617376,
    "percentiles": {
      "p10": 360854.0198467934,
      "p25": 369699.892911063,
      "p50": 377895.22959789215,
      "p75": 384370.91643408604,
      "p90": 388952.6250100467,
      "p95": 390945.7797508115,
      "p99": 395021.0546222076,
      "p99.9": 399354.38375552767,
      "p99.99": 401833.0708617376
    }
  },
  "details": {
    "DNSDialup": {
      "average": 0.00010403129351588145,
      "fastest": 0.000011162,
      "slowest": 0.038557583
    },
    "DNSLookup": {
      "average": 1.8615940063580257e-6,
      "fastest": 1.128e-6,
      "slowest": 0.001284073
    }
  },
  "statusCodeDistribution": {
    "200": 5627263
  },
  "errorDistribution": {
    "aborted due to deadline": 100
  }
}