{
  "summary": {
    "successRate": 1.0,
    "total": 15.001039459,
    "slowest": 0.051414155,
    "fastest": 9.049e-6,
    "average": 0.00007865882403324658,
    "requestsPerSec": 1255578.3918493593,
    "totalData": 263688334,
    "sizePerRequest": 14,
    "sizePerSec": 17578004.15902499
  },
  "responseTimeHistogram": {
    "0.000009049": 1,
    "0.0051495596": 18834724,
    "0.010290070200000001": 77,
    "0.015430580800000001": 0,
    "0.0205710914": 0,
    "0.025711602000000004": 0,
    "0.030852112600000002": 0,
    "0.0359926232": 0,
    "0.0411331338": 0,
    "0.0462736444": 0,
    "0.051414155": 79
  },
  "latencyPercentiles": {
    "p10": 0.000040314,
    "p25": 0.0000534,
    "p50": 0.00007227,
    "p75": 0.000095248,
    "p90": 0.000120435,
    "p95": 0.000139216,
    "p99": 0.000199758,
    "p99.9": 0.000456915,
    "p99.99": 0.000793832
  },
  "rps": {
    "mean": 1258197.136844164,
    "stddev": 69913.20205769618,
    "max": 1352720.020256303,
    "percentiles": {
      "p10": 1217193.4804593301,
      "p25": 1246013.6364437763,
      "p50": 1268759.5048207683,
      "p75": 1288451.4092112745,
      "p90": 1301785.6733743765,
      "p95": 1308991.629413995,
      "p99": 1324518.410805903,
      "p99.9": 1345197.423150254,
      "p99.99": 1352720.020256303
    }
  },
  "details": {
    "DNSDialup": {
      "average": 0.0001436613044422083,
      "fastest": 0.000021279,
      "slowest": 0.051323529
    },
    "DNSLookup": {
      "average": 5.479196802033141e-6,
      "fastest": 1.204e-6,
      "slowest": 0.000498564
    }
  },
  "statusCodeDistribution": {
    "200": 18834881
  },
  "errorDistribution": {
    "aborted due to deadline": 100
  }
}