{
  "summary": {
    "successRate": 1.0,
    "total": 15.000976863,
    "slowest": 0.059564196,
    "fastest": 0.000038119,
    "average": 0.0002911724183587942,
    "requestsPerSec": 341986.39507627644,
    "totalData": 71820420,
    "sizePerRequest": 14,
    "sizePerSec": 4787716.2038124
  },
  "responseTimeHistogram": {
    "0.000038119": 1,
    "0.005990726699999999": 5129949,
    "0.011943334399999998": 1,
    "0.017895942099999996": 0,
    "0.023848549799999997": 0,
    "0.029801157499999998": 0,
    "0.035753765199999996": 0,
    "0.0417063729": 0,
    "0.0476589806": 0,
    "0.0536115883": 4,
    "0.059564196": 75
  },
  "latencyPercentiles": {
    "p10": 0.000173847,
    "p25": 0.000212115,
    "p50": 0.000261374,
    "p75": 0.000324407,
    "p90": 0.000424148,
    "p95": 0.000540868,
    "p99": 0.000842912,
    "p99.9": 0.001259797,
    "p99.99": 0.00178143
  },
  "rps": {
    "mean": 343087.0961808883,
    "stddev": 16647.593478474035,
    "max": 362786.76262545807,
    "percentiles": {
      "p10": 332473.5098930436,
      "p25": 338996.3127647134,
      "p50": 345017.94093288813,
      "p75": 350236.5922709718,
      "p90": 354345.67515753,
      "p95": 356312.5760828916,
      "p99": 359961.30140965845,
      "p99.9": 362362.37458007113,
      "p99.99": 362786.76262545807
    }
  },
  "details": {
    "DNSDialup": {
      "average": 0.00011858418598194835,
      "fastest": 0.000010333,
      "slowest": 0.058569263
    },
    "DNSLookup": {
      "average": 2.556125193030029e-6,
      "fastest": 1.185e-6,
      "slowest": 0.001923086
    }
  },
  "statusCodeDistribution": {
    "200": 5130030
  },
  "errorDistribution": {
    "aborted due to deadline": 100
  }
}