{
  "summary": {
    "successRate": 1.0,
    "total": 15.000493544,
    "slowest": 0.042363437,
    "fastest": 0.000035256,
    "average": 0.0002902005503476235,
    "requestsPerSec": 343251.3726896345,
    "totalData": 72083760,
    "sizePerRequest": 14,
    "sizePerSec": 4805425.887392389
  },
  "responseTimeHistogram": {
    "0.000035256": 1,
    "0.0042680741": 5148760,
    "0.008500892199999999": 0,
    "0.0127337103": 0,
    "0.0169665284": 0,
    "0.0211993465": 0,
    "0.025432164599999998": 0,
    "0.0296649827": 0,
    "0.033897800799999996": 0,
    "0.038130618899999996": 18,
    "0.042363437": 61
  },
  "latencyPercentiles": {
    "p10": 0.000173846,
    "p25": 0.000212135,
    "p50": 0.000261252,
    "p75": 0.000324221,
    "p90": 0.000422659,
    "p95": 0.000537415,
    "p99": 0.000830688,
    "p99.9": 0.001240575,
    "p99.99": 0.001809011
  },
  "rps": {
    "mean": 343918.5329911113,
    "stddev": 14392.175192208577,
    "max": 363905.20384441694,
    "percentiles": {
      "p10": 332612.8055930185,
      "p25": 339442.6337947111,
      "p50": 345568.76818488794,
      "p75": 350977.30059813306,
      "p90": 354773.5445557661,
      "p95": 357082.30747183954,
      "p99": 359831.73715919844,
      "p99.9": 363502.3986257143,
      "p99.99": 363905.20384441694
    }
  },
  "details": {
    "DNSDialup": {
      "average": 0.00011801697860837843,
      "fastest": 0.0000102,
      "slowest": 0.03940921
    },
    "DNSLookup": {
      "average": 2.5432368832589233e-6,
      "fastest": 1.176e-6,
      "slowest": 0.002182429
    }
  },
  "statusCodeDistribution": {
    "200": 5148840
  },
  "errorDistribution": {
    "aborted due to deadline": 100
  }
}