{
  "summary": {
    "successRate": 1.0,
    "total": 15.000606317,
    "slowest": 0.051170864,
    "fastest": 0.000033048,
    "average": 0.0002917701642856456,
    "requestsPerSec": 341341.40259365353,
    "totalData": 71683192,
    "sizePerRequest": 14,
    "sizePerSec": 4778686.306750303
  },
  "responseTimeHistogram": {
    "0.000033048": 1,
    "0.0051468296000000005": 5120147,
    "0.010260611200000002": 0,
    "0.015374392800000003": 1,
    "0.020488174400000003": 0,
    "0.025601956000000002": 0,
    "0.030715737600000004": 0,
    "0.03582951920000001": 0,
    "0.040943300800000006": 0,
    "0.046057082400000005": 6,
    "0.051170864": 73
  },
  "latencyPercentiles": {
    "p10": 0.000173967,
    "p25": 0.000212295,
    "p50": 0.000261671,
    "p75": 0.000325012,
    "p90": 0.000425257,
    "p95": 0.000544366,
    "p99": 0.000847359,
    "p99.9": 0.001299723,
    "p99.99": 0.001918946
  },
  "rps": {
    "mean": 342240.21622451185,
    "stddev": 19806.178053416086,
    "max": 362952.0635015963,
    "percentiles": {
      "p10": 332141.6916456752,
      "p25": 338655.2007977326,
      "p50": 344418.25416745903,
      "p75": 349814.8442133576,
      "p90": 353724.61923346965,
      "p95": 355533.4201414872,
      "p99": 359478.00672747236,
      "p99.9": 362920.743731429,
      "p99.99": 362952.0635015963
    }
  },
  "details": {
    "DNSDialup": {
      "average": 0.00011923552738373563,
      "fastest": 0.000011302,
      "slowest": 0.049310204
    },
    "DNSLookup": {
      "average": 2.5470069235196854e-6,
      "fastest": 1.187e-6,
      "slowest": 0.00195243
    }
  },
  "statusCodeDistribution": {
    "200": 5120228
  },
  "errorDistribution": {
    "aborted due to deadline": 100
  }
}