{
  "summary": {
    "successRate": 1.0,
    "total": 15.00039589,
    "slowest": 0.04647796,
    "fastest": 0.000029919,
    "average": 0.0002909507164205111,
    "requestsPerSec": 342314.83206540893,
    "totalData": 71886612,
    "sizePerRequest": 14,
    "sizePerSec": 4792314.318045642
  },
  "responseTimeHistogram": {
    "0.000029919": 1,
    "0.004674723099999999": 5134678,
    "0.009319527199999999": 0,
    "0.013964331299999997": 0,
    "0.018609135399999997": 0,
    "0.023253939499999998": 0,
    "0.027898743599999994": 0,
    "0.0325435477": 0,
    "0.0371883518": 0,
    "0.041833155899999995": 0,
    "0.04647796": 79
  },
  "latencyPercentiles": {
    "p10": 0.000173844,
    "p25": 0.000211985,
    "p50": 0.000261171,
    "p75": 0.000324085,
    "p90": 0.000423986,
    "p95": 0.000542795,
    "p99": 0.000844248,
    "p99.9": 0.001254952,
    "p99.99": 0.001772014
  },
  "rps": {
    "mean": 342879.61764765537,
    "stddev": 16512.40114526551,
    "max": 364613.964714846,
    "percentiles": {
      "p10": 330838.03796831844,
      "p25": 338313.2618798885,
      "p50": 344565.2951234496,
      "p75": 350134.0313071485,
      "p90": 354782.30949581455,
      "p95": 356376.6209734627,
      "p99": 359620.21065579396,
      "p99.9": 363731.92556940793,
      "p99.99": 364613.964714846
    }
  },
  "details": {
    "DNSDialup": {
      "average": 0.0001185553996936121,
      "fastest": 9.86e-6,
      "slowest": 0.045531517
    },
    "DNSLookup": {
      "average": 2.5334071775145694e-6,
      "fastest": 1.185e-6,
      "slowest": 0.002056272
    }
  },
  "statusCodeDistribution": {
    "200": 5134758
  },
  "errorDistribution": {
    "aborted due to deadline": 100
  }
}