{
  "summary": {
    "successRate": 1.0,
    "total": 15.000305848,
    "slowest": 0.043546707,
    "fastest": 0.000035751,
    "average": 0.00029015520112657183,
    "requestsPerSec": 343292.93363618886,
    "totalData": 72091586,
    "sizePerRequest": 14,
    "sizePerSec": 4806007.739476327
  },
  "responseTimeHistogram": {
    "0.000035751": 1,
    "0.004386846599999999": 5149318,
    "0.0087379422": 1,
    "0.013089037799999998": 0,
    "0.0174401334": 0,
    "0.021791229": 0,
    "0.026142324599999996": 0,
    "0.030493420199999996": 0,
    "0.034844515799999996": 0,
    "0.0391956114": 1,
    "0.043546707": 78
  },
  "latencyPercentiles": {
    "p10": 0.000174079,
    "p25": 0.000212343,
    "p50": 0.000261404,
    "p75": 0.000323865,
    "p90": 0.000421319,
    "p95": 0.000535856,
    "p99": 0.000833837,
    "p99.9": 0.001224117,
    "p99.99": 0.001704683
  },
  "rps": {
    "mean": 343806.5595361319,
    "stddev": 16176.233929967811,
    "max": 362343.9731337146,
    "percentiles": {
      "p10": 331845.7649735442,
      "p25": 339206.27332543593,
      "p50": 345990.64955019177,
      "p75": 351100.5617608904,
      "p90": 354607.1630646957,
      "p95": 356209.4395501141,
      "p99": 358845.10682990745,
      "p99.9": 361318.6440420104,
      "p99.99": 362343.9731337146
    }
  },
  "details": {
    "DNSDialup": {
      "average": 0.00011830092987220634,
      "fastest": 0.000010209,
      "slowest": 0.042811903
    },
    "DNSLookup": {
      "average": 2.5387989493531336e-6,
      "fastest": 1.182e-6,
      "slowest": 0.001444
    }
  },
  "statusCodeDistribution": {
    "200": 5149399
  },
  "errorDistribution": {
    "aborted due to deadline": 100
  }
}