{
  "summary": {
    "successRate": 1.0,
    "total": 15.000920504,
    "slowest": 0.040124789,
    "fastest": 0.00003123,
    "average": 0.0002904469516746178,
    "requestsPerSec": 342942.82131741376,
    "totalData": 72021012,
    "sizePerRequest": 14,
    "sizePerSec": 4801106.170837688
  },
  "responseTimeHistogram": {
    "0.00003123": 1,
    "0.0040405859": 5144275,
    "0.0080499418": 3,
    "0.012059297699999999": 0,
    "0.0160686536": 0,
    "0.0200780095": 0,
    "0.024087365399999998": 0,
    "0.0280967213": 0,
    "0.0321060772": 0,
    "0.0361154331": 0,
    "0.040124789": 79
  },
  "latencyPercentiles": {
    "p10": 0.000174011,
    "p25": 0.000212207,
    "p50": 0.000261246,
    "p75": 0.000324188,
    "p90": 0.000423073,
    "p95": 0.000539695,
    "p99": 0.000834575,
    "p99.9": 0.001242325,
    "p99.99": 0.001746668
  },
  "rps": {
    "mean": 343592.2287506633,
    "stddev": 16528.65016833896,
    "max": 362647.94205792056,
    "percentiles": {
      "p10": 333223.5589056176,
      "p25": 339433.2984065625,
      "p50": 345602.24643465644,
      "p75": 350663.6103788987,
      "p90": 354786.7808465983,
      "p95": 356802.15245627833,
      "p99": 359776.05665838317,
      "p99.9": 361408.8183751353,
      "p99.99": 362647.94205792056
    }
  },
  "details": {
    "DNSDialup": {
      "average": 0.0001181164750065997,
      "fastest": 0.000010215,
      "slowest": 0.038266834
    },
    "DNSLookup": {
      "average": 2.5411264136360914e-6,
      "fastest": 1.193e-6,
      "slowest": 0.001572323
    }
  },
  "statusCodeDistribution": {
    "200": 5144358
  },
  "errorDistribution": {
    "aborted due to deadline": 100
  }
}