{
  "summary": {
    "successRate": 1.0,
    "total": 15.000921357,
    "slowest": 0.038869907,
    "fastest": 0.000034725,
    "average": 0.0002902955567143587,
    "requestsPerSec": 343112.59138747584,
    "totalData": 72056670,
    "sizePerRequest": 14,
    "sizePerSec": 4803482.951823864
  },
  "responseTimeHistogram": {
    "0.000034725": 1,
    "0.0039182432": 5146823,
    "0.007801761400000001": 2,
    "0.011685279600000001": 0,
    "0.0155687978": 0,
    "0.019452316": 0,
    "0.023335834200000002": 0,
    "0.0272193524": 0,
    "0.031102870600000002": 0,
    "0.034986388800000004": 5,
    "0.038869907": 74
  },
  "latencyPercentiles": {
    "p10": 0.000173321,
    "p25": 0.00021153,
    "p50": 0.000260623,
    "p75": 0.000323618,
    "p90": 0.000423481,
    "p95": 0.000541315,
    "p99": 0.000841928,
    "p99.9": 0.001283683,
    "p99.99": 0.001840838
  },
  "rps": {
    "mean": 343521.40589275985,
    "stddev": 21066.046816321534,
    "max": 366410.77247669874,
    "percentiles": {
      "p10": 333003.4632360155,
      "p25": 339641.67403336,
      "p50": 345963.50235122663,
      "p75": 351322.96303707204,
      "p90": 355232.46618662914,
      "p95": 357294.96900275623,
      "p99": 360619.6537711629,
      "p99.9": 365268.1537722251,
      "p99.99": 366410.77247669874
    }
  },
  "details": {
    "DNSDialup": {
      "average": 0.00011771906953887313,
      "fastest": 0.000010908,
      "slowest": 0.037939078
    },
    "DNSLookup": {
      "average": 2.5397470582804787e-6,
      "fastest": 1.2e-6,
      "slowest": 0.002056517
    }
  },
  "statusCodeDistribution": {
    "200": 5146905
  },
  "errorDistribution": {
    "aborted due to deadline": 100
  }
}