{
  "summary": {
    "successRate": 1.0,
    "total": 15.000881223,
    "slowest": 0.033737895,
    "fastest": 0.000033916,
    "average": 0.0002906347593312998,
    "requestsPerSec": 342769.52957378933,
    "totalData": 71984430,
    "sizePerRequest": 14,
    "sizePerSec": 4798680.086182561
  },
  "responseTimeHistogram": {
    "0.000033916": 1,
    "0.0034043139": 5141660,
    "0.0067747117999999995": 5,
    "0.0101451097": 0,
    "0.013515507599999999": 0,
    "0.016885905499999996": 0,
    "0.020256303399999998": 0,
    "0.023626701299999997": 0,
    "0.026997099199999996": 0,
    "0.030367497099999995": 5,
    "0.033737895": 74
  },
  "latencyPercentiles": {
    "p10": 0.000174209,
    "p25": 0.000212464,
    "p50": 0.00026159,
    "p75": 0.000324485,
    "p90": 0.000423347,
    "p95": 0.000539676,
    "p99": 0.000835736,
    "p99.9": 0.001234781,
    "p99.99": 0.001735276
  },
  "rps": {
    "mean": 343285.47189703747,
    "stddev": 16518.678442527358,
    "max": 364053.958419022,
    "percentiles": {
      "p10": 332631.9991983187,
      "p25": 338868.0447033704,
      "p50": 345319.57962016534,
      "p75": 350327.74595748045,
      "p90": 354343.8949028756,
      "p95": 356588.71927335573,
      "p99": 359987.94505497126,
      "p99.9": 362101.0863032922,
      "p99.99": 364053.958419022
    }
  },
  "details": {
    "DNSDialup": {
      "average": 0.00011843391008596798,
      "fastest": 0.000010878,
      "slowest": 0.031417968
    },
    "DNSLookup": {
      "average": 2.556267609926407e-6,
      "fastest": 1.194e-6,
      "slowest": 0.001054276
    }
  },
  "statusCodeDistribution": {
    "200": 5141745
  },
  "errorDistribution": {
    "aborted due to deadline": 100
  }
}