{
  "summary": {
    "successRate": 1.0,
    "total": 15.000583534,
    "slowest": 0.031983713,
    "fastest": 0.00003085,
    "average": 0.0002911262679634036,
    "requestsPerSec": 342190.08802994475,
    "totalData": 71861314,
    "sizePerRequest": 14,
    "sizePerSec": 4790567.90271663
  },
  "responseTimeHistogram": {
    "0.00003085": 1,
    "0.0032261362999999998": 5132855,
    "0.0064214226": 16,
    "0.009616708900000001": 0,
    "0.0128119952": 0,
    "0.016007281499999998": 0,
    "0.0192025678": 0,
    "0.0223978541": 0,
    "0.0255931404": 6,
    "0.028788426699999998": 35,
    "0.031983713": 38
  },
  "latencyPercentiles": {
    "p10": 0.000173747,
    "p25": 0.000212018,
    "p50": 0.000261157,
    "p75": 0.000324213,
    "p90": 0.000424756,
    "p95": 0.000544627,
    "p99": 0.000847326,
    "p99.9": 0.001330826,
    "p99.99": 0.002060786
  },
  "rps": {
    "mean": 342620.36428111227,
    "stddev": 21517.501294912934,
    "max": 363050.8634259258,
    "percentiles": {
      "p10": 331809.69628559845,
      "p25": 338865.2993431911,
      "p50": 345405.38832405856,
      "p75": 350277.48137889046,
      "p90": 354630.00169811375,
      "p95": 356505.63278899674,
      "p99": 359335.39453636185,
      "p99.9": 361789.4343481556,
      "p99.99": 363050.8634259258
    }
  },
  "details": {
    "DNSDialup": {
      "average": 0.00011880312475962649,
      "fastest": 0.000010873,
      "slowest": 0.029046423
    },
    "DNSLookup": {
      "average": 2.545743456346974e-6,
      "fastest": 1.194e-6,
      "slowest": 0.001529345
    }
  },
  "statusCodeDistribution": {
    "200": 5132951
  },
  "errorDistribution": {
    "aborted due to deadline": 100
  }
}