{
  "summary": {
    "successRate": 1.0,
    "total": 15.00103027,
    "slowest": 0.070678396,
    "fastest": 0.000016092,
    "average": 0.0004599231209939961,
    "requestsPerSec": 217069.15734395088,
    "totalData": 45586254,
    "sizePerRequest": 14,
    "sizePerSec": 3038874.875892108
  },
  "responseTimeHistogram": {
    "0.000016092": 1,
    "0.0070823224": 3256058,
    "0.014148552800000002": 0,
    "0.0212147832": 0,
    "0.028281013600000002": 0,
    "0.03534724400000001": 2,
    "0.042413474400000005": 23,
    "0.04947970480000001": 0,
    "0.05654593520000001": 0,
    "0.0636121656": 0,
    "0.070678396": 77
  },
  "latencyPercentiles": {
    "p10": 0.00006574,
    "p25": 0.000156841,
    "p50": 0.00042071,
    "p75": 0.000662336,
    "p90": 0.00087845,
    "p95": 0.000964846,
    "p99": 0.001752362,
    "p99.9": 0.002140858,
    "p99.99": 0.004001175
  },
  "rps": {
    "mean": 217581.97206770512,
    "stddev": 34580.79911518748,
    "max": 271256.0686293808,
    "percentiles": {
      "p10": 175005.21515541166,
      "p25": 207123.09422500813,
      "p50": 225490.87282174043,
      "p75": 239500.04790001333,
      "p90": 250331.54177425508,
      "p95": 256116.92932902448,
      "p99": 263170.77151364076,
      "p99.9": 268903.4150733731,
      "p99.99": 271256.0686293808
    }
  },
  "details": {
    "DNSDialup": {
      "average": 0.0000236800959353672,
      "fastest": 7.821e-6,
      "slowest": 0.032944935
    },
    "DNSLookup": {
      "average": 1.6637374678339756e-6,
      "fastest": 9.51e-7,
      "slowest": 0.001326838
    }
  },
  "statusCodeDistribution": {
    "200": 3256161
  },
  "errorDistribution": {
    "aborted due to deadline": 100
  }
}