{
  "summary": {
    "successRate": 1.0,
    "total": 15.000955567,
    "slowest": 0.040658152,
    "fastest": 0.00002362,
    "average": 0.00026364475840782943,
    "requestsPerSec": 378425.29261856055,
    "totalData": 79472974,
    "sizePerRequest": 14,
    "sizePerSec": 5297860.769271886
  },
  "responseTimeHistogram": {
    "0.00002362": 1,
    "0.0040870732": 5676540,
    "0.0081505264": 0,
    "0.0122139796": 8,
    "0.016277432799999998": 6,
    "0.020340886": 8,
    "0.024404339199999996": 62,
    "0.028467792399999997": 3,
    "0.0325312456": 4,
    "0.0365946988": 2,
    "0.040658152": 7
  },
  "latencyPercentiles": {
    "p10": 0.000171842,
    "p25": 0.000207602,
    "p50": 0.000262639,
    "p75": 0.000318479,
    "p90": 0.000354504,
    "p95": 0.00036763,
    "p99": 0.000382265,
    "p99.9": 0.000429045,
    "p99.99": 0.000712519
  },
  "rps": {
    "mean": 378713.97103632725,
    "stddev": 14197.163748679917,
    "max": 389224.1458686813,
    "percentiles": {
      "p10": 375227.46665055864,
      "p25": 377246.81632990146,
      "p50": 380348.87483041815,
      "p75": 382005.7063929727,
      "p90": 383061.06003349565,
      "p95": 383728.43427698914,
      "p99": 385320.9522469094,
      "p99.9": 389077.9962282999,
      "p99.99": 389224.1458686813
    }
  },
  "details": {
    "DNSDialup": {
      "average": 0.0158120049,
      "fastest": 0.000265734,
      "slowest": 0.020592658
    },
    "DNSLookup": {
      "average": 0.000023594380000000008,
      "fastest": 5.219e-6,
      "slowest": 0.000100822
    }
  },
  "statusCodeDistribution": {
    "200": 5676641
  },
  "errorDistribution": {
    "aborted due to deadline": 100
  }
}