{
  "summary": {
    "successRate": 1.0,
    "total": 15.000734659,
    "slowest": 0.024453407,
    "fastest": 0.000010702,
    "average": 0.00014330017326449787,
    "requestsPerSec": 695036.2923554996,
    "totalData": 145963370,
    "sizePerRequest": 14,
    "sizePerSec": 9730414.764214648
  },
  "responseTimeHistogram": {
    "0.000010702": 1,
    "0.0024549725": 10425844,
    "0.004899242999999999": 31,
    "0.007343513499999999": 0,
    "0.009787783999999999": 0,
    "0.012232054499999999": 0,
    "0.014676324999999999": 0,
    "0.017120595500000002": 0,
    "0.019564866": 0,
    "0.0220091365": 2,
    "0.024453407": 77
  },
  "latencyPercentiles": {
    "p10": 0.000130821,
    "p25": 0.000133334,
    "p50": 0.000143446,
    "p75": 0.000150134,
    "p90": 0.000153065,
    "p95": 0.000155331,
    "p99": 0.000187614,
    "p99.9": 0.000341926,
    "p99.99": 0.000759611
  },
  "rps": {
    "mean": 695188.2973957484,
    "stddev": 42666.13246277334,
    "max": 711485.9475025072,
    "percentiles": {
      "p10": 693073.2094591706,
      "p25": 700068.9158491162,
      "p50": 702615.0883514693,
      "p75": 704386.6395565919,
      "p90": 705984.2239179998,
      "p95": 706838.1692611743,
      "p99": 708757.1967057375,
      "p99.9": 711325.4654516373,
      "p99.99": 711485.9475025072
    }
  },
  "details": {
    "DNSDialup": {
      "average": 0.009767697379999999,
      "fastest": 0.000173466,
      "slowest": 0.022608061
    },
    "DNSLookup": {
      "average": 0.000029405589999999998,
      "fastest": 5.365e-6,
      "slowest": 0.000564947
    }
  },
  "statusCodeDistribution": {
    "200": 10425955
  },
  "errorDistribution": {
    "aborted due to deadline": 100
  }
}