{
  "summary": {
    "successRate": 0.9368273390876946,
    "total": 15.001485535,
    "slowest": 0.217702515,
    "fastest": 0.000189435,
    "average": 0.0032904347448789364,
    "requestsPerSec": 31037.059557448687,
    "totalData": 6105330,
    "sizePerRequest": 14,
    "sizePerSec": 406981.6942965842
  },
  "responseTimeHistogram": {
    "0.000189435": 1,
    "0.021940743000000006": 434934,
    "0.04369205100000001": 91,
    "0.06544335900000002": 0,
    "0.08719466700000002": 0,
    "0.10894597500000001": 0,
    "0.13069728300000003": 0,
    "0.15244859100000002": 0,
    "0.17419989900000002": 5,
    "0.19595120700000002": 654,
    "0.217702515": 410
  },
  "latencyPercentiles": {
    "p10": 0.00093032,
    "p25": 0.000939002,
    "p50": 0.001303865,
    "p75": 0.004655321,
    "p90": 0.005669845,
    "p95": 0.006347637,
    "p99": 0.007837152,
    "p99.9": 0.195647815,
    "p99.99": 0.212380877
  },
  "rps": {
    "mean": 34796.58626676319,
    "stddev": 31728.033551878656,
    "max": 226014.23888911933,
    "percentiles": {
      "p10": 18997.155404553585,
      "p25": 20184.573798184225,
      "p50": 21435.869112784334,
      "p75": 22438.400051518136,
      "p90": 103743.30245445443,
      "p95": 106061.40955612942,
      "p99": 107262.15842080092,
      "p99.9": 108363.34921395057,
      "p99.99": 226014.23888911933
    }
  },
  "details": {
    "DNSDialup": {
      "average": 0.0013831721245439767,
      "fastest": 7.827e-6,
      "slowest": 0.215060172
    },
    "DNSLookup": {
      "average": 1.7177121796856167e-6,
      "fastest": 9.23e-7,
      "slowest": 0.003306645
    }
  },
  "statusCodeDistribution": {
    "200": 436095
  },
  "errorDistribution": {
    "Address not available (os error 99)": 29407,
    "aborted due to deadline": 100
  }
}