{
  "summary": {
    "successRate": 1.0,
    "total": 15.005303227,
    "slowest": 0.018615749,
    "fastest": 0.000023543,
    "average": 0.0002818851596691699,
    "requestsPerSec": 353534.2751657677,
    "totalData": 74267116,
    "sizePerRequest": 14,
    "sizePerSec": 4949391.216990965
  },
  "responseTimeHistogram": {
    "0.000023543": 1,
    "0.0018827636": 5304540,
    "0.0037419842": 171,
    "0.0056012048": 25,
    "0.0074604254": 17,
    "0.009319646000000001": 12,
    "0.0111788666": 18,
    "0.0130380872": 1,
    "0.014897307799999999": 0,
    "0.0167565284": 0,
    "0.018615749": 9
  },
  "latencyPercentiles": {
    "p10": 0.000273735,
    "p25": 0.000279285,
    "p50": 0.000282866,
    "p75": 0.000285792,
    "p90": 0.000288388,
    "p95": 0.000289994,
    "p99": 0.000293999,
    "p99.9": 0.00030225,
    "p99.99": 0.001015383
  },
  "firstByteHistogram": {
    "0.000023497": 1,
    "0.0018827146999999998": 5304540,
    "0.0037419323999999996": 171,
    "0.0056011501": 25,
    "0.007460367799999999": 17,
    "0.0093195855": 12,
    "0.0111788032": 18,
    "0.013038020899999999": 1,
    "0.0148972386": 0,
    "0.0167564563": 0,
    "0.018615674": 9
  },
  "firstBytePercentiles": {
    "p10": 0.000273687,
    "p25": 0.000279238,
    "p50": 0.000282819,
    "p75": 0.000285746,
    "p90": 0.000288341,
    "p95": 0.000289947,
    "p99": 0.000293951,
    "p99.9": 0.000302205,
    "p99.99": 0.00101534
  },
  "rps": {
    "mean": 353634.14556338685,
    "stddev": 6023.286527428278,
    "max": 373441.0735321166,
    "min": 308776.5765909946,
    "percentiles": {
      "p10": 348123.88129823067,
      "p25": 350179.6421564305,
      "p50": 351818.7871232319,
      "p75": 354768.25741270964,
      "p90": 363072.57427430694,
      "p95": 366606.8555481877,
      "p99": 371202.86610666505,
      "p99.9": 373002.0057693135,
      "p99.99": 373441.0735321166
    }
  },
  "details": {
    "DNSDialup": {
      "average": 0.0030723755099999997,
      "fastest": 0.000024136,
      "slowest": 0.018480288
    },
    "DNSLookup": {
      "average": 4.827869999999999e-6,
      "fastest": 8.75e-7,
      "slowest": 0.000022457
    },
    "firstByte": {
      "average": 0.00028183839066323773,
      "fastest": 0.000023497,
      "slowest": 0.018615674
    }
  },
  "statusCodeDistribution": {
    "200": 5304794
  },
  "errorDistribution": {
    "aborted due to deadline": 95
  }
}