{
  "summary": {
    "successRate": 1.0,
    "total": 15.00245727,
    "slowest": 0.024555069,
    "fastest": 0.00077598,
    "average": 0.0038690161839841164,
    "requestsPerSec": 25814.037862612087,
    "totalData": 5420520,
    "sizePerRequest": 14,
    "sizePerSec": 361308.81111318106
  },
  "responseTimeHistogram": {
    "0.00077598": 1,
    "0.0031538889": 225138,
    "0.0055317978": 6485,
    "0.007909706700000001": 131661,
    "0.010287615600000001": 23523,
    "0.0126655245": 340,
    "0.015043433400000002": 8,
    "0.0174213423": 0,
    "0.0197992512": 9,
    "0.0221771601": 0,
    "0.024555069": 15
  },
  "latencyPercentiles": {
    "p10": 0.001645468,
    "p25": 0.001656964,
    "p50": 0.001703483,
    "p75": 0.006829388,
    "p90": 0.007315621,
    "p95": 0.008146127,
    "p99": 0.008608357,
    "p99.9": 0.010240418,
    "p99.99": 0.012189973
  },
  "rps": {
    "mean": 25681.666825376655,
    "stddev": 19443.084999358638,
    "max": 61192.412781783096,
    "min": 51.667549492862335,
    "percentiles": {
      "p10": 13933.303381742902,
      "p25": 14217.68395530352,
      "p50": 14653.10431534907,
      "p75": 35732.89386964058,
      "p90": 60036.68241295128,
      "p95": 60314.077305644045,
      "p99": 60732.78355656389,
      "p99.9": 61138.79868164326,
      "p99.99": 61192.412781783096
    }
  },
  "details": {
    "DNSDialup": {
      "average": 0.0010873959408182175,
      "fastest": 0.000016478,
      "slowest": 0.018640706
    },
    "DNSLookup": {
      "average": 1.4107555271450057e-6,
      "fastest": 7.86e-7,
      "slowest": 0.000067825
    }
  },
  "statusCodeDistribution": {
    "200": 387180
  },
  "errorDistribution": {
    "aborted due to deadline": 94
  }
}