{
  "summary": {
    "successRate": 1.0,
    "total": 15.000264972,
    "slowest": 0.028286334,
    "fastest": 0.000023882,
    "average": 0.000264845698393088,
    "requestsPerSec": 376677.4794009952,
    "totalData": 79102268,
    "sizePerRequest": 14,
    "sizePerSec": 5273391.3799292855
  },
  "responseTimeHistogram": {
    "0.000023882": 1,
    "0.0028501271999999997": 5650077,
    "0.0056763724": 3,
    "0.008502617599999998": 1,
    "0.011328862799999999": 0,
    "0.014155108": 1,
    "0.016981353199999997": 0,
    "0.019807598399999998": 0,
    "0.0226338436": 0,
    "0.0254600888": 5,
    "0.028286334": 74
  },
  "latencyPercentiles": {
    "p10": 0.000172155,
    "p25": 0.000208566,
    "p50": 0.000263603,
    "p75": 0.000319646,
    "p90": 0.000356033,
    "p95": 0.000369373,
    "p99": 0.000384566,
    "p99.9": 0.000453841,
    "p99.99": 0.001393322
  },
  "rps": {
    "mean": 377092.48361530935,
    "stddev": 16285.363319086891,
    "max": 386658.1147146418,
    "percentiles": {
      "p10": 374071.9128734478,
      "p25": 376232.5467261927,
      "p50": 378413.43671800446,
      "p75": 380832.67718489905,
      "p90": 382435.22971475223,
      "p95": 383229.7230809326,
      "p99": 384745.3614781207,
      "p99.9": 386321.0931317229,
      "p99.99": 386658.1147146418
    }
  },
  "details": {
    "DNSDialup": {
      "average": 0.01954915787,
      "fastest": 0.000198103,
      "slowest": 0.026193575
    },
    "DNSLookup": {
      "average": 0.00005248933000000001,
      "fastest": 5.463e-6,
      "slowest": 0.000769088
    }
  },
  "statusCodeDistribution": {
    "200": 5650162
  },
  "errorDistribution": {
    "aborted due to deadline": 100
  }
}