{
  "summary": {
    "successRate": 1.0,
    "total": 15.004778492,
    "slowest": 0.025996964,
    "fastest": 0.000066898,
    "average": 0.004117737228441192,
    "requestsPerSec": 24251.074428989978,
    "totalData": 5092962,
    "sizePerRequest": 14,
    "sizePerSec": 339422.6714319962
  },
  "responseTimeHistogram": {
    "0.000066898": 1,
    "0.0026599046000000005": 198447,
    "0.005252911200000001": 12134,
    "0.007845917800000001": 101335,
    "0.0104389244": 44099,
    "0.013031931": 2482,
    "0.015624937600000001": 3596,
    "0.018217944200000002": 1486,
    "0.020810950800000002": 196,
    "0.0234039574": 1,
    "0.025996964": 6
  },
  "latencyPercentiles": {
    "p10": 0.000881652,
    "p25": 0.000998492,
    "p50": 0.001995115,
    "p75": 0.007508242,
    "p90": 0.008016452,
    "p95": 0.008371507,
    "p99": 0.014024148,
    "p99.9": 0.017724008,
    "p99.99": 0.019427414
  },
  "firstByteHistogram": {
    "0.00006685": 1,
    "0.0026598448": 198447,
    "0.005252839600000001": 12134,
    "0.007845834400000001": 101333,
    "0.010438829200000001": 44101,
    "0.013031824000000001": 2482,
    "0.015624818800000002": 3596,
    "0.0182178136": 1486,
    "0.020810808400000002": 196,
    "0.023403803200000003": 1,
    "0.025996798": 6
  },
  "firstBytePercentiles": {
    "p10": 0.000881603,
    "p25": 0.000998444,
    "p50": 0.001995043,
    "p75": 0.007508185,
    "p90": 0.008016347,
    "p95": 0.008371419,
    "p99": 0.014024091,
    "p99.9": 0.017723951,
    "p99.99": 0.019427339
  },
  "rps": {
    "mean": 24116.72591060442,
    "stddev": 25752.665232989413,
    "max": 112326.81241012336,
    "min": 71.15826152397372,
    "percentiles": {
      "p10": 11831.872823559688,
      "p25": 12257.434661593628,
      "p50": 12749.749522637321,
      "p75": 13491.908228038932,
      "p90": 72017.61562914772,
      "p95": 85717.53677175773,
      "p99": 110038.20526486974,
      "p99.9": 111533.93977787408,
      "p99.99": 112326.81241012336
    }
  },
  "details": {
    "DNSDialup": {
      "average": 0.0015946419264286783,
      "fastest": 8.598e-6,
      "slowest": 0.024283104
    },
    "DNSLookup": {
      "average": 1.3725388102247775e-6,
      "fastest": 7.27e-7,
      "slowest": 0.00276007
    },
    "firstByte": {
      "average": 0.004117672656064316,
      "fastest": 0.00006685,
      "slowest": 0.025996798
    }
  },
  "statusCodeDistribution": {
    "200": 363783
  },
  "errorDistribution": {
    "aborted due to deadline": 99
  }
}