{
  "summary": {
    "successRate": 1.0,
    "total": 15.004019639,
    "slowest": 0.017913194,
    "fastest": 0.000069935,
    "average": 0.000499414892242547,
    "requestsPerSec": 199951.55112979788,
    "totalData": 41999692,
    "sizePerRequest": 14,
    "sizePerSec": 2799229.340571513
  },
  "responseTimeHistogram": {
    "0.000069935": 1,
    "0.0018542609": 2999850,
    "0.0036385868000000003": 45,
    "0.005422912700000001": 6,
    "0.0072072386000000006": 25,
    "0.0089915645": 10,
    "0.010775890400000002": 6,
    "0.012560216300000001": 17,
    "0.014344542200000001": 4,
    "0.016128868100000002": 3,
    "0.017913194": 11
  },
  "latencyPercentiles": {
    "p10": 0.000260498,
    "p25": 0.000353407,
    "p50": 0.000499054,
    "p75": 0.000644629,
    "p90": 0.000737746,
    "p95": 0.000768742,
    "p99": 0.000795,
    "p99.9": 0.000810506,
    "p99.99": 0.001133055
  },
  "rps": {
    "mean": 200018.77334573522,
    "stddev": 5472.1489063593335,
    "max": 205985.51439825675,
    "min": 82.60021512400027,
    "percentiles": {
      "p10": 198207.3336713583,
      "p25": 199402.6919363202,
      "p50": 200409.0348401012,
      "p75": 201221.37349282147,
      "p90": 201932.87467199482,
      "p95": 202379.90675141916,
      "p99": 203146.4172456332,
      "p99.9": 205021.21969621413,
      "p99.99": 205985.51439825675
    }
  },
  "details": {
    "DNSDialup": {
      "average": 0.0046132311199999975,
      "fastest": 0.00005132,
      "slowest": 0.017512639
    },
    "DNSLookup": {
      "average": 6.379030000000001e-6,
      "fastest": 8.7e-7,
      "slowest": 0.000035005
    }
  },
  "statusCodeDistribution": {
    "200": 2999978
  },
  "errorDistribution": {
    "aborted due to deadline": 99
  }
}