{
  "summary": {
    "successRate": 1.0,
    "total": 15.001009958,
    "slowest": 0.0424251,
    "fastest": 0.000018692,
    "average": 0.0002900732214877379,
    "requestsPerSec": 343952.57482302916,
    "totalData": 72233504,
    "sizePerRequest": 14,
    "sizePerSec": 4815242.720472835
  },
  "responseTimeHistogram": {
    "0.000018692": 1,
    "0.0042593328": 5159450,
    "0.0084999736": 3,
    "0.0127406144": 1,
    "0.0169812552": 2,
    "0.021221896": 0,
    "0.025462536799999998": 0,
    "0.0297031776": 1,
    "0.0339438184": 61,
    "0.0381844592": 15,
    "0.0424251": 2
  },
  "latencyPercentiles": {
    "p10": 0.000197215,
    "p25": 0.000233232,
    "p50": 0.000288593,
    "p75": 0.000344845,
    "p90": 0.000381179,
    "p95": 0.000394452,
    "p99": 0.000409591,
    "p99.9": 0.0005233,
    "p99.99": 0.001638401
  },
  "rps": {
    "mean": 344354.1924779847,
    "stddev": 16213.330207422896,
    "max": 354719.4623353396,
    "percentiles": {
      "p10": 340401.4296860093,
      "p25": 342310.81702180806,
      "p50": 345143.50102397974,
      "p75": 349343.6432278653,
      "p90": 351047.1800769472,
      "p95": 351656.7926324042,
      "p99": 352898.18391922704,
      "p99.9": 354455.6280003966,
      "p99.99": 354719.4623353396
    }
  },
  "details": {
    "DNSDialup": {
      "average": 0.010129726599999996,
      "fastest": 0.000012185,
      "slowest": 0.033273488
    },
    "DNSLookup": {
      "average": 0.000026372700000000002,
      "fastest": 1.091e-6,
      "slowest": 0.000534707
    }
  },
  "statusCodeDistribution": {
    "200": 5159536
  },
  "errorDistribution": {
    "aborted due to deadline": 100
  }
}