{
  "summary": {
    "successRate": 0.9342442009757768,
    "total": 15.003778203,
    "slowest": 0.229318043,
    "fastest": 0.000088432,
    "average": 0.00328152806170301,
    "requestsPerSec": 31153.486386951492,
    "totalData": 6112274,
    "sizePerRequest": 14,
    "sizePerSec": 407382.32179264375
  },
  "responseTimeHistogram": {
    "0.000088432": 1,
    "0.0230113931": 435439,
    "0.0459343542": 82,
    "0.0688573153": 0,
    "0.0917802764": 0,
    "0.1147032375": 5,
    "0.1376261986": 0,
    "0.1605491597": 0,
    "0.1834721208": 5,
    "0.2063950819": 742,
    "0.229318043": 317
  },
  "latencyPercentiles": {
    "p10": 0.00089341,
    "p25": 0.000900076,
    "p50": 0.001178479,
    "p75": 0.004635627,
    "p90": 0.005670844,
    "p95": 0.006362851,
    "p99": 0.007839799,
    "p99.9": 0.202891384,
    "p99.99": 0.225219538
  },
  "rps": {
    "mean": 34932.70996473881,
    "stddev": 32740.517198071237,
    "max": 111905.74076450152,
    "percentiles": {
      "p10": 18861.636681707485,
      "p25": 20261.588191989274,
      "p50": 21529.495813575235,
      "p75": 22547.878164495178,
      "p90": 108744.7158271414,
      "p95": 110722.7535258464,
      "p99": 111480.58931803459,
      "p99.9": 111871.51946239026,
      "p99.99": 111905.74076450152
    }
  },
  "details": {
    "DNSDialup": {
      "average": 0.0013944820569915415,
      "fastest": 7.915e-6,
      "slowest": 0.227802115
    },
    "DNSLookup": {
      "average": 1.7283513356894319e-6,
      "fastest": 9.28e-7,
      "slowest": 0.008493203
    }
  },
  "statusCodeDistribution": {
    "200": 436591
  },
  "errorDistribution": {
    "Address not available (os error 99)": 30729,
    "aborted due to deadline": 100
  }
}