{
  "summary": {
    "successRate": 0.938439022503229,
    "total": 15.002471738,
    "slowest": 0.219450441,
    "fastest": 0.000229155,
    "average": 0.003288462515233641,
    "requestsPerSec": 31022.28806878223,
    "totalData": 6113324,
    "sizePerRequest": 14,
    "sizePerSec": 407487.7864635775
  },
  "responseTimeHistogram": {
    "0.000229155": 1,
    "0.022151283600000002": 435505,
    "0.0440734122": 89,
    "0.06599554079999999": 1,
    "0.0879176694": 1,
    "0.109839798": 5,
    "0.1317619266": 0,
    "0.1536840552": 0,
    "0.1756061838": 0,
    "0.19752831240000002": 851,
    "0.21945044100000002": 213
  },
  "latencyPercentiles": {
    "p10": 0.000899515,
    "p25": 0.000906797,
    "p50": 0.001214292,
    "p75": 0.004702049,
    "p90": 0.005731948,
    "p95": 0.006418851,
    "p99": 0.007876733,
    "p99.9": 0.194201137,
    "p99.99": 0.216097717
  },
  "rps": {
    "mean": 34635.70840318,
    "stddev": 32508.29941280274,
    "max": 111430.62113468768,
    "percentiles": {
      "p10": 18704.322568944895,
      "p25": 20052.700502190713,
      "p50": 21190.95834784717,
      "p75": 22175.10041256739,
      "p90": 108063.07641770502,
      "p95": 109832.75485079043,
      "p99": 110917.57591691977,
      "p99.9": 111336.49610341885,
      "p99.99": 111430.62113468768
    }
  },
  "details": {
    "DNSDialup": {
      "average": 0.0013837256976934162,
      "fastest": 8.105e-6,
      "slowest": 0.216798984
    },
    "DNSLookup": {
      "average": 1.6753463951852973e-6,
      "fastest": 9.27e-7,
      "slowest": 0.002630903
    }
  },
  "statusCodeDistribution": {
    "200": 436666
  },
  "errorDistribution": {
    "Address not available (os error 99)": 28645,
    "aborted due to deadline": 100
  }
}