{
  "summary": {
    "successRate": 1.0,
    "total": 15.000809525,
    "slowest": 0.042215732,
    "fastest": 0.000093834,
    "average": 0.0010319016594736567,
    "requestsPerSec": 96799.24257287709,
    "totalData": 20327538,
    "sizePerRequest": 14,
    "sizePerSec": 1355096.0677237185
  },
  "responseTimeHistogram": {
    "0.000093834": 1,
    "0.0043060238": 1451557,
    "0.0085182136": 311,
    "0.0127304034": 19,
    "0.0169425932": 0,
    "0.021154783000000003": 0,
    "0.025366972800000002": 0,
    "0.0295791626": 0,
    "0.0337913524": 3,
    "0.038003542200000004": 37,
    "0.042215732000000006": 39
  },
  "latencyPercentiles": {
    "p10": 0.000730407,
    "p25": 0.000741969,
    "p50": 0.000932467,
    "p75": 0.001367531,
    "p90": 0.001597098,
    "p95": 0.001618576,
    "p99": 0.002087808,
    "p99.9": 0.002619903,
    "p99.99": 0.007185877
  },
  "rps": {
    "mean": 96961.4365759092,
    "stddev": 5848.776941301254,
    "max": 104177.47331793726,
    "percentiles": {
      "p10": 92555.74632601485,
      "p25": 95093.68038458911,
      "p50": 97612.04532640365,
      "p75": 99754.08048179581,
      "p90": 101865.79983481919,
      "p95": 102308.81902020446,
      "p99": 102933.59738421014,
      "p99.9": 103629.58351676217,
      "p99.99": 104177.47331793726
    }
  },
  "details": {
    "DNSDialup": {
      "average": 0.000018118084857988246,
      "fastest": 8.973e-6,
      "slowest": 0.030393541
    },
    "DNSLookup": {
      "average": 1.970764903059031e-6,
      "fastest": 1.157e-6,
      "slowest": 0.001261973
    }
  },
  "statusCodeDistribution": {
    "200": 1451967
  },
  "errorDistribution": {
    "aborted due to deadline": 100
  }
}