{
  "summary": {
    "successRate": 1.0,
    "total": 15.000916322,
    "slowest": 0.03272142,
    "fastest": 0.000026664,
    "average": 0.00021373793972236923,
    "requestsPerSec": 466039.2638646438,
    "totalData": 97872824,
    "sizePerRequest": 14,
    "sizePerSec": 6524456.366472891
  },
  "responseTimeHistogram": {
    "0.000026664": 1,
    "0.0032961396": 6990826,
    "0.0065656151999999995": 10,
    "0.009835090799999998": 0,
    "0.013104566399999998": 0,
    "0.016374042": 0,
    "0.019643517599999997": 0,
    "0.0229129932": 0,
    "0.026182468799999997": 1,
    "0.029451944399999996": 5,
    "0.03272142": 73
  },
  "latencyPercentiles": {
    "p10": 0.000098374,
    "p25": 0.000134028,
    "p50": 0.000190031,
    "p75": 0.000265742,
    "p90": 0.000354259,
    "p95": 0.000421606,
    "p99": 0.000590422,
    "p99.9": 0.000901246,
    "p99.99": 0.001551985
  },
  "rps": {
    "mean": 466717.4677198967,
    "stddev": 27395.38148248701,
    "max": 508170.2573790311,
    "percentiles": {
      "p10": 447355.4273374337,
      "p25": 458726.7367538679,
      "p50": 469404.6001651387,
      "p75": 479251.1078743113,
      "p90": 487203.4332888878,
      "p95": 491561.2485314934,
      "p99": 502059.76572278433,
      "p99.9": 507904.2156049897,
      "p99.99": 508170.2573790311
    }
  },
  "details": {
    "DNSDialup": {
      "average": 0.007607688210000001,
      "fastest": 0.000130203,
      "slowest": 0.031206551
    },
    "DNSLookup": {
      "average": 0.00007485353,
      "fastest": 6.299e-6,
      "slowest": 0.000903093
    }
  },
  "statusCodeDistribution": {
    "200": 6990916
  },
  "errorDistribution": {
    "aborted due to deadline": 100
  }
}