{
  "summary": {
    "successRate": 1.0,
    "total": 15.000611333,
    "slowest": 0.030457986,
    "fastest": 0.000029072,
    "average": 0.00021107093887529787,
    "requestsPerSec": 471962.36492210435,
    "totalData": 99114736,
    "sizePerRequest": 14,
    "sizePerSec": 6607379.779379822
  },
  "responseTimeHistogram": {
    "0.000029072": 1,
    "0.0030719634": 7079520,
    "0.0061148548": 24,
    "0.009157746199999999": 0,
    "0.0122006376": 0,
    "0.015243529": 0,
    "0.0182864204": 0,
    "0.0213293118": 0,
    "0.0243722032": 0,
    "0.027415094600000002": 7,
    "0.030457986000000003": 72
  },
  "latencyPercentiles": {
    "p10": 0.000097575,
    "p25": 0.00013269,
    "p50": 0.00018762,
    "p75": 0.000261921,
    "p90": 0.000348689,
    "p95": 0.00041572,
    "p99": 0.000586073,
    "p99.9": 0.000912556,
    "p99.99": 0.001566347
  },
  "rps": {
    "mean": 472517.37993270945,
    "stddev": 29430.485737166106,
    "max": 519427.37382260145,
    "percentiles": {
      "p10": 455554.4387554136,
      "p25": 465630.96445913403,
      "p50": 475332.903079731,
      "p75": 483996.46049457235,
      "p90": 491102.54221084644,
      "p95": 495826.1300370236,
      "p99": 503718.46269726683,
      "p99.9": 515422.7301423997,
      "p99.99": 519427.37382260145
    }
  },
  "details": {
    "DNSDialup": {
      "average": 0.020893870150000007,
      "fastest": 0.000398224,
      "slowest": 0.027461475
    },
    "DNSLookup": {
      "average": 0.00005960747999999999,
      "fastest": 6.617e-6,
      "slowest": 0.000926348
    }
  },
  "statusCodeDistribution": {
    "200": 7079624
  },
  "errorDistribution": {
    "aborted due to deadline": 100
  }
}