{
  "summary": {
    "successRate": 1.0,
    "total": 15.00138483,
    "slowest": 0.031026804,
    "fastest": 0.000069649,
    "average": 0.0005071955507276677,
    "requestsPerSec": 196801.43089829662,
    "totalData": 41330716,
    "sizePerRequest": 14,
    "sizePerSec": 2755126.707858744
  },
  "responseTimeHistogram": {
    "0.000069649": 1,
    "0.0031653645": 2951600,
    "0.00626108": 262,
    "0.009356795499999999": 132,
    "0.012452511": 75,
    "0.0155482265": 0,
    "0.018643942": 20,
    "0.021739657500000002": 4,
    "0.024835373": 0,
    "0.0279310885": 0,
    "0.031026804": 100
  },
  "latencyPercentiles": {
    "p10": 0.000182849,
    "p25": 0.00025555,
    "p50": 0.000401403,
    "p75": 0.000664909,
    "p90": 0.00097444,
    "p95": 0.001183949,
    "p99": 0.001652044,
    "p99.9": 0.002365282,
    "p99.99": 0.007553055
  },
  "rps": {
    "mean": 197131.96975303694,
    "stddev": 16275.87040410979,
    "max": 219005.08091787732,
    "min": 33.86271938428362,
    "percentiles": {
      "p10": 187946.09049613183,
      "p25": 198404.93245474066,
      "p50": 201343.05424003975,
      "p75": 203442.0514720401,
      "p90": 205268.3267567363,
      "p95": 206909.08330875976,
      "p99": 214335.64401760022,
      "p99.9": 216609.35752424505,
      "p99.99": 219005.08091787732
    }
  },
  "details": {
    "DNSDialup": {
      "average": 0.00004296075263719252,
      "fastest": 0.000013523,
      "slowest": 0.018535599
    },
    "DNSLookup": {
      "average": 1.7807668994652945e-6,
      "fastest": 8.49e-7,
      "slowest": 0.001041353
    }
  },
  "statusCodeDistribution": {
    "200": 2952194
  },
  "errorDistribution": {
    "aborted due to deadline": 100
  }
}