{
  "summary": {
    "successRate": 1.0,
    "total": 15.001134957,
    "slowest": 0.100533833,
    "fastest": 0.000055256,
    "average": 0.00046898235690687277,
    "requestsPerSec": 212588.9147148748,
    "totalData": 44645650,
    "sizePerRequest": 14,
    "sizePerSec": 2976151.479736334
  },
  "responseTimeHistogram": {
    "0.000055256": 1,
    "0.0101031137": 3188629,
    "0.0201509714": 88,
    "0.030198829099999998": 2,
    "0.040246686799999994": 55,
    "0.05029454449999999": 45,
    "0.06034240219999999": 100,
    "0.0703902599": 24,
    "0.0804381176": 6,
    "0.0904859753": 10,
    "0.10053383299999999": 15
  },
  "latencyPercentiles": {
    "p10": 0.000255226,
    "p25": 0.000321095,
    "p50": 0.000414698,
    "p75": 0.0005448,
    "p90": 0.000715075,
    "p95": 0.000860092,
    "p99": 0.001294463,
    "p99.9": 0.002440881,
    "p99.99": 0.011669442
  },
  "rps": {
    "mean": 213985.71594627126,
    "stddev": 22048.38278631922,
    "max": 230315.89179654457,
    "percentiles": {
      "p10": 209532.9905891364,
      "p25": 213392.48430269648,
      "p50": 217017.86056994242,
      "p75": 220226.44919655088,
      "p90": 223008.48296921887,
      "p95": 224706.51088615617,
      "p99": 226728.01063480857,
      "p99.9": 229068.25063005686,
      "p99.99": 230315.89179654457
    }
  },
  "details": {
    "DNSDialup": {
      "average": 0.0001248268027824045,
      "fastest": 9.415e-6,
      "slowest": 0.02133959
    },
    "DNSLookup": {
      "average": 2.7931179554559096e-6,
      "fastest": 1.167e-6,
      "slowest": 0.002092477
    }
  },
  "statusCodeDistribution": {
    "200": 3188975
  },
  "errorDistribution": {
    "aborted due to deadline": 100
  }
}