{
  "summary": {
    "successRate": 1.0,
    "total": 15.000288797,
    "slowest": 0.056428715,
    "fastest": 0.000035759,
    "average": 0.0003086788127595709,
    "requestsPerSec": 322757.3192436316,
    "totalData": 67778942,
    "sizePerRequest": 14,
    "sizePerSec": 4518509.137874434
  },
  "responseTimeHistogram": {
    "0.000035759": 1,
    "0.005675054599999999": 4841235,
    "0.011314350199999998": 5,
    "0.016953645799999997": 0,
    "0.022592941399999997": 30,
    "0.028232236999999997": 3,
    "0.0338715326": 0,
    "0.0395108282": 12,
    "0.0451501238": 0,
    "0.050789419399999994": 1,
    "0.056428715": 66
  },
  "latencyPercentiles": {
    "p10": 0.000181384,
    "p25": 0.000222926,
    "p50": 0.000276913,
    "p75": 0.000348668,
    "p90": 0.000465712,
    "p95": 0.000576759,
    "p99": 0.000835031,
    "p99.9": 0.001241325,
    "p99.99": 0.00183936
  },
  "rps": {
    "mean": 323094.4194289109,
    "stddev": 19645.08194680806,
    "max": 348516.90306979645,
    "percentiles": {
      "p10": 313305.8105869242,
      "p25": 319322.7357787752,
      "p50": 324934.78030414856,
      "p75": 329956.6205560903,
      "p90": 334702.5619905175,
      "p95": 336752.3649927893,
      "p99": 341121.643978256,
      "p99.9": 344731.10123780125,
      "p99.99": 348516.90306979645
    }
  },
  "details": {
    "DNSDialup": {
      "average": 0.00011011850844877354,
      "fastest": 9.556e-6,
      "slowest": 0.035945217
    },
    "DNSLookup": {
      "average": 2.5833698375229055e-6,
      "fastest": 1.183e-6,
      "slowest": 0.001665852
    }
  },
  "statusCodeDistribution": {
    "200": 4841353
  },
  "errorDistribution": {
    "aborted due to deadline": 100
  }
}