{
  "summary": {
    "successRate": 1.0,
    "total": 15.000864292,
    "slowest": 0.030528485,
    "fastest": 0.000026796,
    "average": 0.00021141073484280578,
    "requestsPerSec": 471210.1824539325,
    "totalData": 98958440,
    "sizePerRequest": 14,
    "sizePerSec": 6596849.226399228
  },
  "responseTimeHistogram": {
    "0.000026796": 1,
    "0.0030769649": 7068330,
    "0.0061271338": 46,
    "0.0091773027": 4,
    "0.012227471600000001": 0,
    "0.015277640500000002": 0,
    "0.0183278094": 0,
    "0.0213779783": 0,
    "0.0244281472": 0,
    "0.0274783161": 11,
    "0.030528485": 68
  },
  "latencyPercentiles": {
    "p10": 0.000095942,
    "p25": 0.000131324,
    "p50": 0.000187207,
    "p75": 0.000263165,
    "p90": 0.000352338,
    "p95": 0.000420494,
    "p99": 0.00059321,
    "p99.9": 0.00091486,
    "p99.99": 0.001638067
  },
  "rps": {
    "mean": 471809.8337511823,
    "stddev": 27906.88017788714,
    "max": 516238.99160917394,
    "percentiles": {
      "p10": 453456.2610275505,
      "p25": 463528.1053376583,
      "p50": 474594.77369510586,
      "p75": 484140.3878662613,
      "p90": 492518.7157111813,
      "p95": 497029.22759917355,
      "p99": 505262.04617920966,
      "p99.9": 510682.9859852054,
      "p99.99": 516238.99160917394
    }
  },
  "details": {
    "DNSDialup": {
      "average": 0.021043676900000006,
      "fastest": 0.00023272,
      "slowest": 0.028822206
    },
    "DNSLookup": {
      "average": 0.00008260913000000006,
      "fastest": 6.698e-6,
      "slowest": 0.001991809
    }
  },
  "statusCodeDistribution": {
    "200": 7068460
  },
  "errorDistribution": {
    "aborted due to deadline": 100
  }
}