{
  "summary": {
    "successRate": 1.0,
    "total": 15.000980476,
    "slowest": 0.041112007,
    "fastest": 0.000026626,
    "average": 0.0002023691220193082,
    "requestsPerSec": 492684.46231394185,
    "totalData": 103469100,
    "sizePerRequest": 14,
    "sizePerSec": 6897489.145162194
  },
  "responseTimeHistogram": {
    "0.000026626": 1,
    "0.0041351641": 7390570,
    "0.0082437022": 0,
    "0.0123522403": 0,
    "0.016460778399999997": 0,
    "0.020569316499999997": 0,
    "0.024677854599999997": 0,
    "0.028786392699999996": 0,
    "0.0328949308": 0,
    "0.0370034689": 0,
    "0.041112007": 79
  },
  "latencyPercentiles": {
    "p10": 0.000092926,
    "p25": 0.000127321,
    "p50": 0.000181004,
    "p75": 0.000253391,
    "p90": 0.000333997,
    "p95": 0.000392811,
    "p99": 0.000540984,
    "p99.9": 0.000843061,
    "p99.99": 0.001602622
  },
  "rps": {
    "mean": 493750.91849725205,
    "stddev": 28092.282165672816,
    "max": 653833.2877118654,
    "percentiles": {
      "p10": 475438.5580670504,
      "p25": 486197.72574285214,
      "p50": 496403.8223094059,
      "p75": 505250.87876349373,
      "p90": 512939.29114972934,
      "p95": 517726.83670605515,
      "p99": 527234.0391899971,
      "p99.9": 545119.2175728831,
      "p99.99": 653833.2877118654
    }
  },
  "details": {
    "DNSDialup": {
      "average": 0.03002327439,
      "fastest": 0.000146545,
      "slowest": 0.03947296
    },
    "DNSLookup": {
      "average": 0.00004157209999999999,
      "fastest": 5.708e-6,
      "slowest": 0.000648285
    }
  },
  "statusCodeDistribution": {
    "200": 7390650
  },
  "errorDistribution": {
    "aborted due to deadline": 100
  }
}