{
  "summary": {
    "successRate": 1.0,
    "total": 15.003449279,
    "slowest": 0.011729401,
    "fastest": 0.000020042,
    "average": 0.00017072225246655344,
    "requestsPerSec": 582342.9557781224,
    "totalData": 113581702,
    "sizePerRequest": 13,
    "sizePerSec": 7570372.6448409315
  },
  "responseTimeHistogram": {
    "0.000020042": 1,
    "0.0011909779": 8733739,
    "0.0023619138": 2095,
    "0.0035328497": 844,
    "0.0047037856": 309,
    "0.005874721499999999": 48,
    "0.0070456574": 1,
    "0.0082165933": 1,
    "0.0093875292": 0,
    "0.010558465099999999": 0,
    "0.011729400999999999": 16
  },
  "latencyPercentiles": {
    "p10": 0.000069465,
    "p25": 0.00010069,
    "p50": 0.000149841,
    "p75": 0.000216991,
    "p90": 0.000294819,
    "p95": 0.000350643,
    "p99": 0.000482908,
    "p99.9": 0.000777918,
    "p99.99": 0.00308211
  },
  "firstByteHistogram": {
    "0.000019997": 1,
    "0.0011909324": 8733739,
    "0.0023618678": 2095,
    "0.0035328032000000002": 844,
    "0.0047037386": 309,
    "0.005874674": 48,
    "0.0070456094000000006": 1,
    "0.008216544800000001": 1,
    "0.009387480200000001": 0,
    "0.010558415600000001": 0,
    "0.011729351": 16
  },
  "firstBytePercentiles": {
    "p10": 0.000069404,
    "p25": 0.000100625,
    "p50": 0.000149773,
    "p75": 0.000216922,
    "p90": 0.000294746,
    "p95": 0.00035057,
    "p99": 0.000482823,
    "p99.9": 0.000777847,
    "p99.99": 0.003082052
  },
  "rps": {
    "mean": 582416.5942869106,
    "stddev": 18040.213912971776,
    "max": 639753.3488777264,
    "min": 234542.2645160658,
    "percentiles": {
      "p10": 568378.3793784509,
      "p25": 579565.0851590044,
      "p50": 585525.3024146957,
      "p75": 590817.488197654,
      "p90": 594956.1759961873,
      "p95": 597960.911281275,
      "p99": 609383.4244107478,
      "p99.9": 630300.1260600252,
      "p99.99": 639753.3488777264
    }
  },
  "details": {
    "DNSDialup": {
      "average": 0.0018715178600000007,
      "fastest": 0.000022612,
      "slowest": 0.011568032
    },
    "DNSLookup": {
      "average": 5.143509999999998e-6,
      "fastest": 7.59e-7,
      "slowest": 0.0000303
    },
    "firstByte": {
      "average": 0.00017065464888839672,
      "fastest": 0.000019997,
      "slowest": 0.011729351
    }
  },
  "statusCodeDistribution": {
    "200": 8737054
  },
  "errorDistribution": {
    "aborted due to deadline": 99
  }
}