{
  "summary": {
    "successRate": 1.0,
    "total": 15.000799613,
    "slowest": 0.025964048,
    "fastest": 9.067e-6,
    "average": 0.000091824993633198,
    "requestsPerSec": 1077967.2028940662,
    "totalData": 226383780,
    "sizePerRequest": 14,
    "sizePerSec": 15091447.512158697
  },
  "responseTimeHistogram": {
    "0.000009067": 1,
    "0.0026045651": 16170190,
    "0.0052000632": 0,
    "0.0077955613": 0,
    "0.0103910594": 0,
    "0.012986557499999999": 0,
    "0.0155820556": 0,
    "0.0181775537": 0,
    "0.0207730518": 0,
    "0.0233685499": 5,
    "0.025964048": 74
  },
  "latencyPercentiles": {
    "p10": 0.000045332,
    "p25": 0.00005949,
    "p50": 0.000080074,
    "p75": 0.000108664,
    "p90": 0.000148349,
    "p95": 0.000183309,
    "p99": 0.000288715,
    "p99.9": 0.000511246,
    "p99.99": 0.000783769
  },
  "rps": {
    "mean": 1079082.7036093157,
    "stddev": 78548.89493907268,
    "max": 1168428.5096556325,
    "percentiles": {
      "p10": 1044071.101241965,
      "p25": 1067739.8739234628,
      "p50": 1088903.7022725788,
      "p75": 1105854.076264309,
      "p90": 1122247.1343796556,
      "p95": 1129053.6300472757,
      "p99": 1145100.9160807314,
      "p99.9": 1159617.278297459,
      "p99.99": 1168428.5096556325
    }
  },
  "details": {
    "DNSDialup": {
      "average": 0.00861757082,
      "fastest": 0.000229414,
      "slowest": 0.025187442
    },
    "DNSLookup": {
      "average": 0.00006239637999999999,
      "fastest": 8.117e-6,
      "slowest": 0.000990934
    }
  },
  "statusCodeDistribution": {
    "200": 16170270
  },
  "errorDistribution": {
    "aborted due to deadline": 100
  }
}