{
  "summary": {
    "successRate": 1.0,
    "total": 15.000655679,
    "slowest": 0.030705054,
    "fastest": 9.622e-6,
    "average": 0.0000903532147958733,
    "requestsPerSec": 1095220.0591471225,
    "totalData": 230004866,
    "sizePerRequest": 14,
    "sizePerSec": 15332987.498805985
  },
  "responseTimeHistogram": {
    "0.000009622": 1,
    "0.0030791651999999997": 16428835,
    "0.006148708399999999": 4,
    "0.0092182516": 0,
    "0.0122877948": 0,
    "0.015357338": 0,
    "0.0184268812": 0,
    "0.0214964244": 0,
    "0.0245659676": 0,
    "0.0276355108": 0,
    "0.030705054": 79
  },
  "latencyPercentiles": {
    "p10": 0.000045431,
    "p25": 0.000059487,
    "p50": 0.000079714,
    "p75": 0.000107215,
    "p90": 0.000143956,
    "p95": 0.000175499,
    "p99": 0.000273187,
    "p99.9": 0.000495153,
    "p99.99": 0.000778045
  },
  "rps": {
    "mean": 1096686.1013887003,
    "stddev": 74581.9980574014,
    "max": 1176270.929137018,
    "percentiles": {
      "p10": 1066556.1008508329,
      "p25": 1087831.4905410402,
      "p50": 1104981.2233262626,
      "p75": 1121436.3345372812,
      "p90": 1134901.4601905937,
      "p95": 1141669.7662942242,
      "p99": 1156936.4434979788,
      "p99.9": 1173176.7977434853,
      "p99.99": 1176270.929137018
    }
  },
  "details": {
    "DNSDialup": {
      "average": 0.013130598360000004,
      "fastest": 0.000175071,
      "slowest": 0.029560102
    },
    "DNSLookup": {
      "average": 0.00003146947,
      "fastest": 7.54e-6,
      "slowest": 0.00014931
    }
  },
  "statusCodeDistribution": {
    "200": 16428919
  },
  "errorDistribution": {
    "aborted due to deadline": 100
  }
}