{
  "summary": {
    "successRate": 1.0,
    "total": 15.00925618,
    "slowest": 0.022207562,
    "fastest": 0.000032931,
    "average": 0.00021841077392067637,
    "requestsPerSec": 456448.1355930857,
    "totalData": 95911858,
    "sizePerRequest": 14,
    "sizePerSec": 6390180.622528358
  },
  "responseTimeHistogram": {
    "0.000032931": 1,
    "0.0022503940999999998": 6850201,
    "0.0044678572": 571,
    "0.0066853202999999995": 16,
    "0.0089027834": 40,
    "0.0111202465": 0,
    "0.013337709599999999": 0,
    "0.015555172699999998": 7,
    "0.0177726358": 0,
    "0.0199900989": 0,
    "0.022207562": 11
  },
  "latencyPercentiles": {
    "p10": 0.000088978,
    "p25": 0.0001217,
    "p50": 0.000176328,
    "p75": 0.000267398,
    "p90": 0.000400496,
    "p95": 0.000505901,
    "p99": 0.000755193,
    "p99.9": 0.001164399,
    "p99.99": 0.002159325
  },
  "rps": {
    "mean": 456831.2343921009,
    "stddev": 37541.24998997654,
    "max": 510196.93741809763,
    "min": 66.64263089112526,
    "percentiles": {
      "p10": 435061.5154769613,
      "p25": 461929.54053425096,
      "p50": 468346.6861821126,
      "p75": 472710.2833091622,
      "p90": 476402.80162072484,
      "p95": 479019.2086702505,
      "p99": 487621.27141019906,
      "p99.9": 507395.29644959455,
      "p99.99": 510196.93741809763
    }
  },
  "details": {
    "DNSDialup": {
      "average": 0.006167892840000002,
      "fastest": 0.000052009,
      "slowest": 0.021262626
    },
    "DNSLookup": {
      "average": 6.824520000000002e-6,
      "fastest": 1.043e-6,
      "slowest": 0.000030924
    }
  },
  "statusCodeDistribution": {
    "200": 6850847
  },
  "errorDistribution": {
    "aborted due to deadline": 100
  }
}