{
  "summary": {
    "successRate": 1.0,
    "total": 15.000352344,
    "slowest": 0.033450141,
    "fastest": 0.000037633,
    "average": 0.0003082042253512124,
    "requestsPerSec": 323276.07304102136,
    "totalData": 67888170,
    "sizePerRequest": 14,
    "sizePerSec": 4525771.691433277
  },
  "responseTimeHistogram": {
    "0.000037633": 1,
    "0.0033788838": 4849039,
    "0.006720134599999999": 35,
    "0.0100613854": 1,
    "0.0134026362": 0,
    "0.016743887": 0,
    "0.020085137799999996": 0,
    "0.023426388599999997": 0,
    "0.026767639399999998": 0,
    "0.0301088902": 4,
    "0.033450141": 75
  },
  "latencyPercentiles": {
    "p10": 0.000181042,
    "p25": 0.000222426,
    "p50": 0.000276401,
    "p75": 0.000348961,
    "p90": 0.000465579,
    "p95": 0.000575897,
    "p99": 0.000840896,
    "p99.9": 0.001297619,
    "p99.99": 0.001858417
  },
  "rps": {
    "mean": 323747.7048988439,
    "stddev": 18463.912050995343,
    "max": 348507.56261410733,
    "percentiles": {
      "p10": 314597.5567023088,
      "p25": 320287.2142084263,
      "p50": 325622.53307930945,
      "p75": 330548.6205878787,
      "p90": 334623.86336457497,
      "p95": 336538.3990313304,
      "p99": 340299.26529568614,
      "p99.9": 345469.31451106654,
      "p99.99": 348507.56261410733
    }
  },
  "details": {
    "DNSDialup": {
      "average": 0.00011038911635140495,
      "fastest": 0.000010101,
      "slowest": 0.031812024
    },
    "DNSLookup": {
      "average": 2.5799728167073843e-6,
      "fastest": 1.194e-6,
      "slowest": 0.001320847
    }
  },
  "statusCodeDistribution": {
    "200": 4849155
  },
  "errorDistribution": {
    "aborted due to deadline": 100
  }
}