{
  "summary": {
    "successRate": 1.0,
    "total": 15.00125621,
    "slowest": 0.102498323,
    "fastest": 0.0000549,
    "average": 0.00044054798873454314,
    "requestsPerSec": 226431.77027639074,
    "totalData": 47553254,
    "sizePerRequest": 14,
    "sizePerSec": 3169951.4583519003
  },
  "responseTimeHistogram": {
    "0.0000549": 1,
    "0.0102992423": 3396315,
    "0.0205435846": 115,
    "0.030787926900000002": 17,
    "0.0410322692": 10,
    "0.0512766115": 105,
    "0.0615209538": 31,
    "0.0717652961": 8,
    "0.0820096384": 1,
    "0.0922539807": 31,
    "0.102498323": 27
  },
  "latencyPercentiles": {
    "p10": 0.000232662,
    "p25": 0.000295774,
    "p50": 0.000387227,
    "p75": 0.000516118,
    "p90": 0.00068585,
    "p95": 0.000825808,
    "p99": 0.001228671,
    "p99.9": 0.002219316,
    "p99.99": 0.010477824
  },
  "rps": {
    "mean": 227759.64202756694,
    "stddev": 23225.864307704498,
    "max": 252016.1290321419,
    "percentiles": {
      "p10": 222508.78454475774,
      "p25": 227004.98980778796,
      "p50": 230903.44046126533,
      "p75": 234604.95088509453,
      "p90": 237138.4651498049,
      "p95": 238857.80358846163,
      "p99": 241925.81355436673,
      "p99.9": 245276.28006248118,
      "p99.99": 252016.1290321419
    }
  },
  "details": {
    "DNSDialup": {
      "average": 0.00011309192346984364,
      "fastest": 8.691e-6,
      "slowest": 0.033556569
    },
    "DNSLookup": {
      "average": 1.977458396348731e-6,
      "fastest": 9.34e-7,
      "slowest": 0.002188533
    }
  },
  "statusCodeDistribution": {
    "200": 3396661
  },
  "errorDistribution": {
    "aborted due to deadline": 100
  }
}