{
  "summary": {
    "successRate": 1.0,
    "total": 15.000858391,
    "slowest": 0.103331393,
    "fastest": 0.000067296,
    "average": 0.0004719992614848884,
    "requestsPerSec": 211208.04672757076,
    "totalData": 44354828,
    "sizePerRequest": 14,
    "sizePerSec": 2956819.3261934514
  },
  "responseTimeHistogram": {
    "0.000067296": 1,
    "0.0103937057": 3167923,
    "0.020720115400000003": 53,
    "0.031046525100000003": 2,
    "0.041372934800000004": 23,
    "0.0516993445": 0,
    "0.062025754200000005": 110,
    "0.0723521639": 28,
    "0.0826785736": 8,
    "0.0930049833": 24,
    "0.103331393": 30
  },
  "latencyPercentiles": {
    "p10": 0.000256948,
    "p25": 0.000323067,
    "p50": 0.000417352,
    "p75": 0.000547231,
    "p90": 0.000718207,
    "p95": 0.00086414,
    "p99": 0.001308884,
    "p99.9": 0.002480247,
    "p99.99": 0.008308173
  },
  "rps": {
    "mean": 212724.58095258457,
    "stddev": 21969.994631969163,
    "max": 231015.66286192974,
    "percentiles": {
      "p10": 208366.40637371375,
      "p25": 212274.7870596517,
      "p50": 215510.86174745488,
      "p75": 218632.12172363966,
      "p90": 221361.20637356368,
      "p95": 223237.21364350512,
      "p99": 226853.21666253236,
      "p99.9": 230851.89550610277,
      "p99.99": 231015.66286192974
    }
  },
  "details": {
    "DNSDialup": {
      "average": 0.00012583077757699266,
      "fastest": 0.000010384,
      "slowest": 0.027166937
    },
    "DNSLookup": {
      "average": 2.8488388420309495e-6,
      "fastest": 1.161e-6,
      "slowest": 0.002419758
    }
  },
  "statusCodeDistribution": {
    "200": 3168202
  },
  "errorDistribution": {
    "aborted due to deadline": 100
  }
}