{
  "summary": {
    "successRate": 1.0,
    "total": 15.001832018,
    "slowest": 0.038767334,
    "fastest": 0.000070522,
    "average": 0.0005088690021379386,
    "requestsPerSec": 195997.59525850197,
    "totalData": 41163206,
    "sizePerRequest": 14,
    "sizePerSec": 2743878.6109996554
  },
  "responseTimeHistogram": {
    "0.000070522": 1,
    "0.0039402032": 2939871,
    "0.0078098844": 90,
    "0.0116795656": 0,
    "0.0155492468": 143,
    "0.019418928": 0,
    "0.0232886092": 0,
    "0.0271582904": 100,
    "0.0310279716": 0,
    "0.034897652800000005": 0,
    "0.038767334": 24
  },
  "latencyPercentiles": {
    "p10": 0.000183192,
    "p25": 0.000256828,
    "p50": 0.000403566,
    "p75": 0.000667083,
    "p90": 0.000976278,
    "p95": 0.001186572,
    "p99": 0.001651507,
    "p99.9": 0.002342005,
    "p99.99": 0.005843548
  },
  "rps": {
    "mean": 196542.19384612798,
    "stddev": 15485.289395096894,
    "max": 214037.56359240535,
    "min": 26.39593796078234,
    "percentiles": {
      "p10": 188556.79330612422,
      "p25": 197043.32982823087,
      "p50": 200671.23276290146,
      "p75": 202648.1897395159,
      "p90": 204296.73775846767,
      "p95": 205431.51725735058,
      "p99": 208205.85058437215,
      "p99.9": 213475.18596050175,
      "p99.99": 214037.56359240535
    }
  },
  "details": {
    "DNSDialup": {
      "average": 0.000043041817342118395,
      "fastest": 0.000013374,
      "slowest": 0.037902058
    },
    "DNSLookup": {
      "average": 1.7949902568814462e-6,
      "fastest": 8.48e-7,
      "slowest": 0.001581281
    }
  },
  "statusCodeDistribution": {
    "200": 2940229
  },
  "errorDistribution": {
    "aborted due to deadline": 94
  }
}