{
  "summary": {
    "successRate": 1.0,
    "total": 15.005209759,
    "slowest": 0.026844259,
    "fastest": 0.000040002,
    "average": 0.0003651172519458242,
    "requestsPerSec": 272855.63252751593,
    "totalData": 53224054,
    "sizePerRequest": 13,
    "sizePerSec": 3547038.319012945
  },
  "responseTimeHistogram": {
    "0.000040002": 1,
    "0.0027204277": 4093711,
    "0.0054008534": 175,
    "0.008081279100000002": 1,
    "0.0107617048": 100,
    "0.0134421305": 12,
    "0.016122556200000002": 16,
    "0.0188029819": 41,
    "0.0214834076": 0,
    "0.0241638333": 99,
    "0.026844259": 2
  },
  "latencyPercentiles": {
    "p10": 0.000160811,
    "p25": 0.000230735,
    "p50": 0.000333855,
    "p75": 0.000454057,
    "p90": 0.000600824,
    "p95": 0.000708491,
    "p99": 0.000977674,
    "p99.9": 0.001502257,
    "p99.99": 0.002871441
  },
  "firstByteHistogram": {
    "0.000039954": 1,
    "0.0027203770000000004": 4093711,
    "0.005400800000000001": 175,
    "0.008081223": 1,
    "0.010761646000000001": 100,
    "0.013442069000000003": 12,
    "0.016122492": 16,
    "0.018802915": 41,
    "0.021483338": 0,
    "0.024163761000000002": 99,
    "0.026844184000000004": 2
  },
  "firstBytePercentiles": {
    "p10": 0.000160749,
    "p25": 0.000230673,
    "p50": 0.000333793,
    "p75": 0.000453992,
    "p90": 0.000600759,
    "p95": 0.000708424,
    "p99": 0.0009776,
    "p99.9": 0.001502196,
    "p99.99": 0.002871385
  },
  "rps": {
    "mean": 273121.43678106705,
    "stddev": 17704.9799305516,
    "max": 307827.673707866,
    "min": 44.19855120685029,
    "percentiles": {
      "p10": 260774.51030228616,
      "p25": 271005.3659062374,
      "p50": 276046.26535408245,
      "p75": 280410.31341729144,
      "p90": 284107.6140840579,
      "p95": 286252.1837731035,
      "p99": 290808.2589545465,
      "p99.9": 306840.7791395489,
      "p99.99": 307827.673707866
    }
  },
  "details": {
    "DNSDialup": {
      "average": 0.00002510268794926781,
      "fastest": 6.223e-6,
      "slowest": 0.016979155
    },
    "DNSLookup": {
      "average": 1.5455972006942569e-6,
      "fastest": 7.22e-7,
      "slowest": 0.000813194
    },
    "firstByte": {
      "average": 0.0003650544651683713,
      "fastest": 0.000039954,
      "slowest": 0.026844184
    }
  },
  "statusCodeDistribution": {
    "200": 4094158
  },
  "errorDistribution": {
    "aborted due to deadline": 98
  }
}