{
  "summary": {
    "successRate": 1.0,
    "total": 15.011951137,
    "slowest": 0.029828213,
    "fastest": 0.000034851,
    "average": 0.00021556412164032188,
    "requestsPerSec": 462253.636230977,
    "totalData": 97149206,
    "sizePerRequest": 14,
    "sizePerSec": 6471457.648203774
  },
  "responseTimeHistogram": {
    "0.000034851": 1,
    "0.0030141872": 6938842,
    "0.0059935234": 348,
    "0.0089728596": 0,
    "0.0119521958": 0,
    "0.014931532": 14,
    "0.0179108682": 18,
    "0.020890204399999997": 3,
    "0.0238695406": 0,
    "0.0268488768": 0,
    "0.029828213": 3
  },
  "latencyPercentiles": {
    "p10": 0.000090536,
    "p25": 0.000122936,
    "p50": 0.000176387,
    "p75": 0.000263908,
    "p90": 0.000389843,
    "p95": 0.000488871,
    "p99": 0.000720644,
    "p99.9": 0.001086644,
    "p99.99": 0.002057274
  },
  "rps": {
    "mean": 462835.05599647504,
    "stddev": 16279.665017458963,
    "max": 485609.4563714674,
    "min": 54.306821485277446,
    "percentiles": {
      "p10": 449270.5804081857,
      "p25": 460940.1939848939,
      "p50": 465508.6962805717,
      "p75": 469400.8449215174,
      "p90": 473021.2826568667,
      "p95": 475196.0846483414,
      "p99": 479531.82329822273,
      "p99.9": 485418.54298834276,
      "p99.99": 485609.4563714674
    }
  },
  "details": {
    "DNSDialup": {
      "average": 0.0063061439,
      "fastest": 0.000049278,
      "slowest": 0.029643997
    },
    "DNSLookup": {
      "average": 8.558040000000001e-6,
      "fastest": 1.022e-6,
      "slowest": 0.000156249
    }
  },
  "statusCodeDistribution": {
    "200": 6939229
  },
  "errorDistribution": {
    "aborted due to deadline": 100
  }
}