{
  "summary": {
    "successRate": 1.0,
    "total": 15.000840365,
    "slowest": 0.095352239,
    "fastest": 0.000067052,
    "average": 0.00047424042217609054,
    "requestsPerSec": 210217.42270903767,
    "totalData": 44146732,
    "sizePerRequest": 14,
    "sizePerSec": 2942950.589821839
  },
  "responseTimeHistogram": {
    "0.000067052": 1,
    "0.0095955707": 3152993,
    "0.019124089400000002": 119,
    "0.0286526081": 3,
    "0.0381811268": 22,
    "0.0477096455": 113,
    "0.0572381642": 18,
    "0.0667666829": 11,
    "0.0762952016": 9,
    "0.0858237203": 39,
    "0.095352239": 10
  },
  "latencyPercentiles": {
    "p10": 0.000258276,
    "p25": 0.000325237,
    "p50": 0.000420579,
    "p75": 0.000552292,
    "p90": 0.000723977,
    "p95": 0.000868816,
    "p99": 0.00130788,
    "p99.9": 0.002393321,
    "p99.99": 0.010881481
  },
  "rps": {
    "mean": 211256.65266147332,
    "stddev": 21792.147935518136,
    "max": 231140.95817777503,
    "percentiles": {
      "p10": 206162.5703400977,
      "p25": 210261.33323090308,
      "p50": 214253.29823490194,
      "p75": 217620.67396402155,
      "p90": 220607.72423314597,
      "p95": 222008.29564660974,
      "p99": 224816.42249357796,
      "p99.9": 228204.83794256416,
      "p99.99": 231140.95817777503
    }
  },
  "details": {
    "DNSDialup": {
      "average": 0.00012694079152188433,
      "fastest": 9.935e-6,
      "slowest": 0.024987871
    },
    "DNSLookup": {
      "average": 2.8221735747960114e-6,
      "fastest": 1.177e-6,
      "slowest": 0.001362622
    }
  },
  "statusCodeDistribution": {
    "200": 3153338
  },
  "errorDistribution": {
    "aborted due to deadline": 100
  }
}