{
  "summary": {
    "successRate": 1.0,
    "total": 15.000433283,
    "slowest": 0.036997679,
    "fastest": 0.000039893,
    "average": 0.0003080190047645803,
    "requestsPerSec": 323440.8572383369,
    "totalData": 67923142,
    "sizePerRequest": 14,
    "sizePerSec": 4528078.670699288
  },
  "responseTimeHistogram": {
    "0.000039893": 1,
    "0.0037356716": 4851566,
    "0.0074314502": 7,
    "0.0111272288": 0,
    "0.0148230074": 0,
    "0.018518786": 0,
    "0.0222145646": 0,
    "0.025910343199999998": 0,
    "0.0296061218": 2,
    "0.0333019004": 5,
    "0.036997679": 72
  },
  "latencyPercentiles": {
    "p10": 0.000180412,
    "p25": 0.00022161,
    "p50": 0.000275381,
    "p75": 0.00034813,
    "p90": 0.000467358,
    "p95": 0.000580764,
    "p99": 0.000848,
    "p99.9": 0.001272741,
    "p99.99": 0.001839522
  },
  "rps": {
    "mean": 323980.7617679164,
    "stddev": 17105.419553089374,
    "max": 349711.3656193676,
    "percentiles": {
      "p10": 313416.0690380078,
      "p25": 320199.55004010367,
      "p50": 325858.2367597883,
      "p75": 330886.92399493244,
      "p90": 335178.230599012,
      "p95": 337034.71457560704,
      "p99": 340896.78474077315,
      "p99.9": 344180.15955919813,
      "p99.99": 349711.3656193676
    }
  },
  "details": {
    "DNSDialup": {
      "average": 0.0001107079328606151,
      "fastest": 9.671e-6,
      "slowest": 0.036110638
    },
    "DNSLookup": {
      "average": 2.5953665855741375e-6,
      "fastest": 1.189e-6,
      "slowest": 0.002603002
    }
  },
  "statusCodeDistribution": {
    "200": 4851653
  },
  "errorDistribution": {
    "aborted due to deadline": 100
  }
}