{
  "summary": {
    "successRate": 1.0,
    "total": 15.000456422,
    "slowest": 0.03960818,
    "fastest": 0.000034075,
    "average": 0.00030788172482831876,
    "requestsPerSec": 323567.4211140347,
    "totalData": 67949826,
    "sizePerRequest": 14,
    "sizePerSec": 4529850.565103025
  },
  "responseTimeHistogram": {
    "0.000034075": 1,
    "0.003991485499999999": 4853478,
    "0.007948895999999999": 1,
    "0.011906306499999998": 0,
    "0.015863717": 0,
    "0.0198211275": 0,
    "0.023778538": 0,
    "0.027735948499999996": 0,
    "0.031693359": 1,
    "0.0356507695": 5,
    "0.03960818": 73
  },
  "latencyPercentiles": {
    "p10": 0.000180685,
    "p25": 0.000221923,
    "p50": 0.000275651,
    "p75": 0.000347644,
    "p90": 0.000465978,
    "p95": 0.000579559,
    "p99": 0.000847731,
    "p99.9": 0.001255532,
    "p99.99": 0.001820393
  },
  "rps": {
    "mean": 324175.49405658024,
    "stddev": 15730.382102801666,
    "max": 345393.7053122198,
    "percentiles": {
      "p10": 314369.0047769696,
      "p25": 319905.0864908483,
      "p50": 326007.5959769847,
      "p75": 330820.7495736021,
      "p90": 334693.6807612447,
      "p95": 336954.3844376511,
      "p99": 340590.42675829143,
      "p99.9": 343603.4246308335,
      "p99.99": 345393.7053122198
    }
  },
  "details": {
    "DNSDialup": {
      "average": 0.00011066302375761412,
      "fastest": 9.292e-6,
      "slowest": 0.038010577
    },
    "DNSLookup": {
      "average": 2.593351188890403e-6,
      "fastest": 1.183e-6,
      "slowest": 0.001063874
    }
  },
  "statusCodeDistribution": {
    "200": 4853559
  },
  "errorDistribution": {
    "aborted due to deadline": 100
  }
}