{
  "summary": {
    "successRate": 1.0,
    "total": 15.000481451,
    "slowest": 0.04899593,
    "fastest": 0.000034411,
    "average": 0.00032280281831043885,
    "requestsPerSec": 308795.6220025994,
    "totalData": 64847762,
    "sizePerRequest": 14,
    "sizePerSec": 4323045.377698657
  },
  "responseTimeHistogram": {
    "0.000034411": 1,
    "0.0049305629": 4631863,
    "0.0098267148": 40,
    "0.014722866700000002": 0,
    "0.019619018600000003": 0,
    "0.024515170500000003": 0,
    "0.029411322400000006": 0,
    "0.0343074743": 0,
    "0.0392036262": 0,
    "0.0440997781": 3,
    "0.04899593": 76
  },
  "latencyPercentiles": {
    "p10": 0.000146233,
    "p25": 0.00020472,
    "p50": 0.000293533,
    "p75": 0.000403498,
    "p90": 0.000522338,
    "p95": 0.000617956,
    "p99": 0.000870914,
    "p99.9": 0.001332346,
    "p99.99": 0.002498161
  },
  "rps": {
    "mean": 309526.6867929639,
    "stddev": 15981.703927235541,
    "max": 344414.49985044246,
    "percentiles": {
      "p10": 293102.0810247715,
      "p25": 302102.5980823503,
      "p50": 311012.53380513395,
      "p75": 318742.3720202411,
      "p90": 325634.5172588001,
      "p95": 329984.2779846021,
      "p99": 336816.09980957897,
      "p99.9": 341285.9016614093,
      "p99.99": 344414.49985044246
    }
  },
  "details": {
    "DNSDialup": {
      "average": 0.0006363876471343037,
      "fastest": 0.000024471,
      "slowest": 0.045304559
    },
    "DNSLookup": {
      "average": 0.000014902721770744255,
      "fastest": 1.852e-6,
      "slowest": 0.001732618
    }
  },
  "statusCodeDistribution": {
    "200": 4631983
  },
  "errorDistribution": {
    "aborted due to deadline": 100
  }
}