{
  "summary": {
    "successRate": 1.0,
    "total": 15.000345341,
    "slowest": 0.026660928,
    "fastest": 0.000066246,
    "average": 0.0005149110208219219,
    "requestsPerSec": 193705.0070479441,
    "totalData": 40677588,
    "sizePerRequest": 14,
    "sizePerSec": 2711776.7674866226
  },
  "responseTimeHistogram": {
    "0.000066246": 1,
    "0.0027257142": 2904744,
    "0.0053851824": 699,
    "0.0080446506": 19,
    "0.0107041188": 0,
    "0.013363587000000001": 0,
    "0.016023055199999997": 0,
    "0.018682523399999998": 3,
    "0.0213419916": 3,
    "0.0240014598": 50,
    "0.026660928": 23
  },
  "latencyPercentiles": {
    "p10": 0.000266022,
    "p25": 0.000346105,
    "p50": 0.000461977,
    "p75": 0.000626476,
    "p90": 0.000818249,
    "p95": 0.000968975,
    "p99": 0.001350274,
    "p99.9": 0.00200676,
    "p99.99": 0.003559734
  },
  "rps": {
    "mean": 193874.47940048767,
    "stddev": 12079.451483077872,
    "max": 210520.39942669528,
    "percentiles": {
      "p10": 186325.43342165212,
      "p25": 191012.83606258073,
      "p50": 195156.18546579673,
      "p75": 198773.4385760191,
      "p90": 201697.50544373182,
      "p95": 203452.46727897637,
      "p99": 206588.1284627763,
      "p99.9": 209911.0849461531,
      "p99.99": 210520.39942669528
    }
  },
  "details": {
    "DNSDialup": {
      "average": 0.00012484358390861498,
      "fastest": 0.000010449,
      "slowest": 0.023778778
    },
    "DNSLookup": {
      "average": 2.759608394578178e-6,
      "fastest": 1.156e-6,
      "slowest": 0.002286412
    }
  },
  "statusCodeDistribution": {
    "200": 2905542
  },
  "errorDistribution": {
    "aborted due to deadline": 100
  }
}