{
  "summary": {
    "successRate": 1.0,
    "total": 15.000656241,
    "slowest": 0.035175964,
    "fastest": 0.000032672,
    "average": 0.00031329810524248996,
    "requestsPerSec": 318188.14612618653,
    "totalData": 66821034,
    "sizePerRequest": 14,
    "sizePerSec": 4454540.7165163765
  },
  "responseTimeHistogram": {
    "0.000032672": 1,
    "0.0035470012": 4772811,
    "0.0070613304": 31,
    "0.0105756596": 9,
    "0.0140899888": 0,
    "0.017604318": 0,
    "0.021118647200000003": 0,
    "0.024632976400000003": 2,
    "0.028147305600000002": 7,
    "0.0316616348": 7,
    "0.035175964": 63
  },
  "latencyPercentiles": {
    "p10": 0.000146443,
    "p25": 0.000202822,
    "p50": 0.000286958,
    "p75": 0.000390992,
    "p90": 0.000500113,
    "p95": 0.000587205,
    "p99": 0.000831993,
    "p99.9": 0.001246411,
    "p99.99": 0.001991981
  },
  "rps": {
    "mean": 318677.16505892505,
    "stddev": 14069.963908444452,
    "max": 345855.33685387485,
    "percentiles": {
      "p10": 305586.2975704425,
      "p25": 312711.78923445026,
      "p50": 319686.79496480915,
      "p75": 326176.2273843382,
      "p90": 332133.7447884672,
      "p95": 335163.99574311887,
      "p99": 341371.8929206318,
      "p99.9": 344856.1080887878,
      "p99.99": 345855.33685387485
    }
  },
  "details": {
    "DNSDialup": {
      "average": 0.0005990889202988817,
      "fastest": 0.000022073,
      "slowest": 0.032266135
    },
    "DNSLookup": {
      "average": 0.000014456560398505609,
      "fastest": 2.365e-6,
      "slowest": 0.001184589
    }
  },
  "statusCodeDistribution": {
    "200": 4772931
  },
  "errorDistribution": {
    "aborted due to deadline": 100
  }
}