{
  "summary": {
    "successRate": 1.0,
    "total": 15.000594605,
    "slowest": 0.045963411,
    "fastest": 0.000070821,
    "average": 0.0005120295760021877,
    "requestsPerSec": 194750.74668215128,
    "totalData": 40897878,
    "sizePerRequest": 14,
    "sizePerSec": 2726417.1239164025
  },
  "responseTimeHistogram": {
    "0.000070821": 1,
    "0.0046600800000000005": 2921192,
    "0.009249339": 5,
    "0.013838598": 0,
    "0.018427857": 0,
    "0.023017115999999997": 0,
    "0.027606375": 0,
    "0.032195634": 0,
    "0.036784893": 0,
    "0.041374152": 2,
    "0.045963410999999996": 77
  },
  "latencyPercentiles": {
    "p10": 0.000266739,
    "p25": 0.000346033,
    "p50": 0.00046057,
    "p75": 0.000622405,
    "p90": 0.000810553,
    "p95": 0.000958746,
    "p99": 0.0013261,
    "p99.9": 0.001853314,
    "p99.99": 0.002473308
  },
  "rps": {
    "mean": 195172.20891749763,
    "stddev": 8570.449560116991,
    "max": 211705.048044849,
    "percentiles": {
      "p10": 187515.24498941726,
      "p25": 191904.7400470834,
      "p50": 195852.15542899628,
      "p75": 199650.45166913056,
      "p90": 202930.82519234213,
      "p95": 204456.34776915022,
      "p99": 207606.68493525006,
      "p99.9": 210861.30890130752,
      "p99.99": 211705.048044849
    }
  },
  "details": {
    "DNSDialup": {
      "average": 0.00012454937323610167,
      "fastest": 0.000010996,
      "slowest": 0.042562278
    },
    "DNSLookup": {
      "average": 2.728517513060084e-6,
      "fastest": 1.168e-6,
      "slowest": 0.001558103
    }
  },
  "statusCodeDistribution": {
    "200": 2921277
  },
  "errorDistribution": {
    "aborted due to deadline": 100
  }
}