{
  "summary": {
    "successRate": 1.0,
    "total": 15.000658386,
    "slowest": 0.050426946,
    "fastest": 0.000064998,
    "average": 0.0004889905148438971,
    "requestsPerSec": 204029.91130418776,
    "totalData": 42846762,
    "sizePerRequest": 14,
    "sizePerSec": 2856325.4290217394
  },
  "responseTimeHistogram": {
    "0.000064998": 1,
    "0.0051011928": 3060393,
    "0.0101373876": 10,
    "0.0151735824": 0,
    "0.0202097772": 0,
    "0.025245972000000002": 0,
    "0.0302821668": 0,
    "0.0353183616": 0,
    "0.0403545564": 2,
    "0.045390751199999996": 55,
    "0.050426946": 22
  },
  "latencyPercentiles": {
    "p10": 0.000247226,
    "p25": 0.000324229,
    "p50": 0.00043759,
    "p75": 0.00059676,
    "p90": 0.000783219,
    "p95": 0.000931725,
    "p99": 0.00129934,
    "p99.9": 0.001847489,
    "p99.99": 0.002867094
  },
  "rps": {
    "mean": 204393.0257855065,
    "stddev": 12909.67353658557,
    "max": 222908.2476051556,
    "percentiles": {
      "p10": 196303.60904485255,
      "p25": 201006.53421389463,
      "p50": 205454.619910432,
      "p75": 209827.95308579758,
      "p90": 213457.97518604642,
      "p95": 215880.26428225246,
      "p99": 219326.5733654863,
      "p99.9": 222618.52210117082,
      "p99.99": 222908.2476051556
    }
  },
  "details": {
    "DNSDialup": {
      "average": 0.00011471199911810824,
      "fastest": 9.13e-6,
      "slowest": 0.047288237
    },
    "DNSLookup": {
      "average": 1.9430008557472848e-6,
      "fastest": 9.37e-7,
      "slowest": 0.004206265
    }
  },
  "statusCodeDistribution": {
    "200": 3060483
  },
  "errorDistribution": {
    "aborted due to deadline": 100
  }
}