{
  "summary": {
    "successRate": 1.0,
    "total": 15.001226087,
    "slowest": 0.038738457,
    "fastest": 0.000034824,
    "average": 0.0003197909253991237,
    "requestsPerSec": 311724.6532303397,
    "totalData": 65466128,
    "sizePerRequest": 14,
    "sizePerSec": 4364051.819519784
  },
  "responseTimeHistogram": {
    "0.000034824": 1,
    "0.0039051872999999997": 4676019,
    "0.007775550599999999": 50,
    "0.011645913899999999": 3,
    "0.015516277199999998": 0,
    "0.019386640499999996": 0,
    "0.0232570038": 0,
    "0.027127367099999997": 0,
    "0.030997730399999996": 0,
    "0.0348680937": 2,
    "0.038738457": 77
  },
  "latencyPercentiles": {
    "p10": 0.000147322,
    "p25": 0.000205002,
    "p50": 0.000291655,
    "p75": 0.000398954,
    "p90": 0.000513892,
    "p95": 0.000605212,
    "p99": 0.000855684,
    "p99.9": 0.001368777,
    "p99.99": 0.002428374
  },
  "rps": {
    "mean": 312281.33115717245,
    "stddev": 20167.174921583388,
    "max": 351743.4208472579,
    "percentiles": {
      "p10": 296246.9941042309,
      "p25": 305760.47942284355,
      "p50": 314543.37553150544,
      "p75": 322513.7183370488,
      "p90": 328614.42617334216,
      "p95": 332617.1963090315,
      "p99": 340205.38183869724,
      "p99.9": 348379.63958558446,
      "p99.99": 351743.4208472579
    }
  },
  "details": {
    "DNSDialup": {
      "average": 0.0005373530287708881,
      "fastest": 0.000021676,
      "slowest": 0.036400502
    },
    "DNSLookup": {
      "average": 0.00001517216924053313,
      "fastest": 1.942e-6,
      "slowest": 0.001246573
    }
  },
  "statusCodeDistribution": {
    "200": 4676152
  },
  "errorDistribution": {
    "aborted due to deadline": 100
  }
}