{
  "summary": {
    "successRate": 1.0,
    "total": 15.004783179,
    "slowest": 0.049138985,
    "fastest": 0.000038229,
    "average": 0.003941110257393374,
    "requestsPerSec": 25347.383928365925,
    "totalData": 4943055,
    "sizePerRequest": 13,
    "sizePerSec": 329431.9512006059
  },
  "responseTimeHistogram": {
    "0.000038229": 1,
    "0.0049483046": 241284,
    "0.0098583802": 99870,
    "0.0147684558": 32738,
    "0.0196785314": 5607,
    "0.024588607000000002": 634,
    "0.0294986826": 82,
    "0.0344087582": 13,
    "0.0393188338": 0,
    "0.0442289094": 3,
    "0.049138985": 3
  },
  "latencyPercentiles": {
    "p10": 0.000251733,
    "p25": 0.00051121,
    "p50": 0.001683568,
    "p75": 0.007000663,
    "p90": 0.009947344,
    "p95": 0.011722143,
    "p99": 0.016273737,
    "p99.9": 0.021057683,
    "p99.99": 0.027722302
  },
  "firstByteHistogram": {
    "0.000038181": 1,
    "0.0049482558": 241284,
    "0.0098583306": 99870,
    "0.014768405399999998": 32738,
    "0.0196784802": 5607,
    "0.024588555": 634,
    "0.0294986298": 82,
    "0.0344087046": 13,
    "0.0393187794": 0,
    "0.044228854199999994": 3,
    "0.049138929": 3
  },
  "firstBytePercentiles": {
    "p10": 0.000251679,
    "p25": 0.000511144,
    "p50": 0.001683515,
    "p75": 0.007000604,
    "p90": 0.009947296,
    "p95": 0.011722082,
    "p99": 0.01627369,
    "p99.9": 0.02105764,
    "p99.99": 0.027722239
  },
  "rps": {
    "mean": 25202.275130872073,
    "stddev": 39310.15128099873,
    "max": 265607.7052254863,
    "min": 8843.948231948638,
    "percentiles": {
      "p10": 11733.474429198985,
      "p25": 12290.405065121762,
      "p50": 12922.2952236168,
      "p75": 13637.143915694674,
      "p90": 54100.486904382735,
      "p95": 124312.8429514417,
      "p99": 197531.48651894645,
      "p99.9": 240253.58766177736,
      "p99.99": 265607.7052254863
    }
  },
  "details": {
    "DNSDialup": {
      "average": 0.0003823003096926716,
      "fastest": 0.000012677,
      "slowest": 0.012943613
    },
    "DNSLookup": {
      "average": 0.000011877730496453903,
      "fastest": 8.27e-7,
      "slowest": 0.000212667
    },
    "firstByte": {
      "average": 0.003941051773287459,
      "fastest": 0.000038181,
      "slowest": 0.049138929
    }
  },
  "statusCodeDistribution": {
    "200": 380235
  },
  "errorDistribution": {
    "aborted due to deadline": 97
  }
}