{
  "summary": {
    "successRate": 1.0,
    "total": 15.00109522,
    "slowest": 0.044690904,
    "fastest": 0.00003388,
    "average": 0.0003158148620433196,
    "requestsPerSec": 315635.28732804087,
    "totalData": 66286850,
    "sizePerRequest": 14,
    "sizePerSec": 4418800.696073443
  },
  "responseTimeHistogram": {
    "0.00003388": 1,
    "0.0044995823999999995": 4734654,
    "0.008965284799999999": 41,
    "0.013430987199999998": 0,
    "0.017896689599999998": 0,
    "0.022362392": 0,
    "0.026828094399999995": 0,
    "0.031293796799999996": 0,
    "0.035759499199999996": 0,
    "0.040225201599999996": 2,
    "0.044690904": 77
  },
  "latencyPercentiles": {
    "p10": 0.000146758,
    "p25": 0.000203428,
    "p50": 0.000288554,
    "p75": 0.000394092,
    "p90": 0.000503799,
    "p95": 0.000591736,
    "p99": 0.000846865,
    "p99.9": 0.0013272,
    "p99.99": 0.002219455
  },
  "rps": {
    "mean": 316254.39449621283,
    "stddev": 17887.352501738023,
    "max": 350658.0689762227,
    "percentiles": {
      "p10": 302021.97250228556,
      "p25": 310246.04844241386,
      "p50": 318073.4800003265,
      "p75": 325285.04595090536,
      "p90": 330755.9308278962,
      "p95": 333534.52082289505,
      "p99": 339711.07458104973,
      "p99.9": 345858.2301402411,
      "p99.99": 350658.0689762227
    }
  },
  "details": {
    "DNSDialup": {
      "average": 0.0006741218439330545,
      "fastest": 0.000022416,
      "slowest": 0.040165554
    },
    "DNSLookup": {
      "average": 0.000013960713807531327,
      "fastest": 2.216e-6,
      "slowest": 0.000325301
    }
  },
  "statusCodeDistribution": {
    "200": 4734775
  },
  "errorDistribution": {
    "aborted due to deadline": 100
  }
}