{
  "summary": {
    "successRate": 1.0,
    "total": 15.000411858,
    "slowest": 0.044569801,
    "fastest": 0.000034061,
    "average": 0.00030289292438893587,
    "requestsPerSec": 329364.6899011698,
    "totalData": 69167084,
    "sizePerRequest": 14,
    "sizePerSec": 4611012.327845645
  },
  "responseTimeHistogram": {
    "0.000034061": 1,
    "0.004487635": 4940419,
    "0.008941209": 2,
    "0.013394783": 3,
    "0.017848357": 0,
    "0.022301931": 2,
    "0.026755505": 0,
    "0.031209078999999997": 0,
    "0.035662653": 0,
    "0.040116227000000004": 0,
    "0.044569801000000006": 79
  },
  "latencyPercentiles": {
    "p10": 0.000145578,
    "p25": 0.000197931,
    "p50": 0.000274697,
    "p75": 0.000374805,
    "p90": 0.000484342,
    "p95": 0.000569667,
    "p99": 0.000809684,
    "p99.9": 0.001239172,
    "p99.99": 0.002018637
  },
  "rps": {
    "mean": 330098.7593561974,
    "stddev": 16758.433143190734,
    "max": 364604.30715056334,
    "percentiles": {
      "p10": 316133.5417687558,
      "p25": 324129.7551115267,
      "p50": 332366.9387014503,
      "p75": 338472.78147370345,
      "p90": 344155.58112637297,
      "p95": 347615.7469933215,
      "p99": 353408.9412462134,
      "p99.9": 362425.18855060375,
      "p99.99": 364604.30715056334
    }
  },
  "details": {
    "DNSDialup": {
      "average": 0.0007260004522854832,
      "fastest": 0.00001818,
      "slowest": 0.042291906
    },
    "DNSLookup": {
      "average": 0.000010837873897353675,
      "fastest": 1.092e-6,
      "slowest": 0.001607577
    }
  },
  "statusCodeDistribution": {
    "200": 4940506
  },
  "errorDistribution": {
    "aborted due to deadline": 100
  }
}