{
  "summary": {
    "successRate": 1.0,
    "total": 15.000417979,
    "slowest": 0.051705082,
    "fastest": 0.000065322,
    "average": 0.0005142883108285618,
    "requestsPerSec": 193881.79743201274,
    "totalData": 40714912,
    "sizePerRequest": 14,
    "sizePerSec": 2714251.833315531
  },
  "responseTimeHistogram": {
    "0.000065322": 1,
    "0.005229297999999999": 2908125,
    "0.010393274": 3,
    "0.015557249999999998": 0,
    "0.020721226": 0,
    "0.025885202": 0,
    "0.031049177999999997": 0,
    "0.036213154": 0,
    "0.04137713": 0,
    "0.046541106": 0,
    "0.051705082": 79
  },
  "latencyPercentiles": {
    "p10": 0.000266447,
    "p25": 0.000346312,
    "p50": 0.000462117,
    "p75": 0.000625425,
    "p90": 0.000815754,
    "p95": 0.00096345,
    "p99": 0.001335849,
    "p99.9": 0.001898123,
    "p99.99": 0.002915323
  },
  "rps": {
    "mean": 194396.23432019146,
    "stddev": 10619.302460352734,
    "max": 212890.24911565217,
    "percentiles": {
      "p10": 187021.0024585737,
      "p25": 191423.851411887,
      "p50": 195254.74774561689,
      "p75": 198972.8240536071,
      "p90": 202157.5340341927,
      "p95": 203804.1983664851,
      "p99": 206615.55815153592,
      "p99.9": 210533.36953906997,
      "p99.99": 212890.24911565217
    }
  },
  "details": {
    "DNSDialup": {
      "average": 0.00012547684098627605,
      "fastest": 0.000010526,
      "slowest": 0.048573974
    },
    "DNSLookup": {
      "average": 2.726554151216171e-6,
      "fastest": 1.161e-6,
      "slowest": 0.001216125
    }
  },
  "statusCodeDistribution": {
    "200": 2908208
  },
  "errorDistribution": {
    "aborted due to deadline": 100
  }
}