{
  "summary": {
    "successRate": 1.0,
    "total": 15.004308272,
    "slowest": 0.028156224,
    "fastest": 0.000061749,
    "average": 0.004117395069127597,
    "requestsPerSec": 24258.165948191603,
    "totalData": 4730414,
    "sizePerRequest": 13,
    "sizePerSec": 315270.3819627307
  },
  "responseTimeHistogram": {
    "0.000061749": 1,
    "0.0028711965": 202261,
    "0.005680644": 11530,
    "0.008490091500000001": 86421,
    "0.011299539": 59082,
    "0.0141089865": 2264,
    "0.016918434000000003": 1521,
    "0.019727881500000002": 647,
    "0.022537329000000002": 128,
    "0.0253467765": 19,
    "0.028156224": 4
  },
  "latencyPercentiles": {
    "p10": 0.000380693,
    "p25": 0.000722013,
    "p50": 0.001855694,
    "p75": 0.007907856,
    "p90": 0.009074018,
    "p95": 0.00976911,
    "p99": 0.012311541,
    "p99.9": 0.018414362,
    "p99.99": 0.021806144
  },
  "firstByteHistogram": {
    "0.000061702": 1,
    "0.0028711495999999997": 202261,
    "0.0056805972": 11530,
    "0.008490044799999999": 86422,
    "0.0112994924": 59081,
    "0.01410894": 2264,
    "0.016918387599999998": 1521,
    "0.0197278352": 647,
    "0.0225372828": 128,
    "0.0253467304": 19,
    "0.028156178": 4
  },
  "firstBytePercentiles": {
    "p10": 0.000380633,
    "p25": 0.000721921,
    "p50": 0.001855623,
    "p75": 0.0079078,
    "p90": 0.00907396,
    "p95": 0.009769035,
    "p99": 0.012311498,
    "p99.9": 0.018414312,
    "p99.99": 0.021806088
  },
  "rps": {
    "mean": 24081.63273143851,
    "stddev": 32150.126125284056,
    "max": 177749.52855772246,
    "min": 95.72396272317444,
    "percentiles": {
      "p10": 10973.359100257036,
      "p25": 11601.153154624433,
      "p50": 12210.071844062488,
      "p75": 12953.631363332259,
      "p90": 68216.43180580766,
      "p95": 110218.74820907722,
      "p99": 148900.13401012163,
      "p99.9": 167608.68212973425,
      "p99.99": 177749.52855772246
    }
  },
  "details": {
    "DNSDialup": {
      "average": 0.000029622347547804733,
      "fastest": 6.54e-6,
      "slowest": 0.019775824
    },
    "DNSLookup": {
      "average": 1.7867784064988952e-6,
      "fastest": 7.23e-7,
      "slowest": 0.0015598
    },
    "firstByte": {
      "average": 0.004117326945289281,
      "fastest": 0.000061702,
      "slowest": 0.028156178
    }
  },
  "statusCodeDistribution": {
    "200": 363878
  },
  "errorDistribution": {
    "aborted due to deadline": 99
  }
}