{
  "summary": {
    "successRate": 1.0,
    "total": 15.000908385,
    "slowest": 0.055500174,
    "fastest": 0.000066351,
    "average": 0.0005135521143222406,
    "requestsPerSec": 194148.9758655039,
    "totalData": 40772354,
    "sizePerRequest": 14,
    "sizePerSec": 2717992.3344355524
  },
  "responseTimeHistogram": {
    "0.000066351": 1,
    "0.0056097333": 2912231,
    "0.0111531156": 0,
    "0.0166964979": 0,
    "0.0222398802": 0,
    "0.0277832625": 0,
    "0.0333266448": 0,
    "0.0388700271": 0,
    "0.0444134094": 0,
    "0.049956791699999996": 1,
    "0.055500174": 78
  },
  "latencyPercentiles": {
    "p10": 0.000265295,
    "p25": 0.000344976,
    "p50": 0.000460125,
    "p75": 0.000623703,
    "p90": 0.000816555,
    "p95": 0.000967522,
    "p99": 0.001348113,
    "p99.9": 0.001896242,
    "p99.99": 0.00265336
  },
  "rps": {
    "mean": 194683.69851357114,
    "stddev": 9610.953763180656,
    "max": 209732.71998698902,
    "percentiles": {
      "p10": 187101.98328102467,
      "p25": 191309.90985333032,
      "p50": 195383.76101834173,
      "p75": 199599.66011028198,
      "p90": 202568.50866961945,
      "p95": 204359.34595406996,
      "p99": 207087.9322985912,
      "p99.9": 209510.7479013679,
      "p99.99": 209732.71998698902
    }
  },
  "details": {
    "DNSDialup": {
      "average": 0.00012496298167057133,
      "fastest": 0.000010496,
      "slowest": 0.051325519
    },
    "DNSLookup": {
      "average": 2.740988872411061e-6,
      "fastest": 1.164e-6,
      "slowest": 0.00152316
    }
  },
  "statusCodeDistribution": {
    "200": 2912311
  },
  "errorDistribution": {
    "aborted due to deadline": 100
  }
}