{
  "summary": {
    "successRate": 1.0,
    "total": 15.001198914,
    "slowest": 0.044508717,
    "fastest": 0.000056464,
    "average": 0.000513214312203336,
    "requestsPerSec": 194300.40336841307,
    "totalData": 40804946,
    "sizePerRequest": 14,
    "sizePerSec": 2720112.321283763
  },
  "responseTimeHistogram": {
    "0.000056464": 1,
    "0.0045016893": 2914537,
    "0.008946914600000001": 22,
    "0.0133921399": 0,
    "0.0178373652": 0,
    "0.0222825905": 0,
    "0.0267278158": 0,
    "0.0311730411": 0,
    "0.0356182664": 2,
    "0.0400634917": 6,
    "0.044508717": 71
  },
  "latencyPercentiles": {
    "p10": 0.000265297,
    "p25": 0.000345014,
    "p50": 0.000460759,
    "p75": 0.000624875,
    "p90": 0.000815796,
    "p95": 0.000964993,
    "p99": 0.001338623,
    "p99.9": 0.001884737,
    "p99.99": 0.002728289
  },
  "rps": {
    "mean": 194689.2991378424,
    "stddev": 10574.379938450516,
    "max": 210531.51656802456,
    "percentiles": {
      "p10": 187282.06700176775,
      "p25": 191500.36385069147,
      "p50": 195683.5568787876,
      "p75": 199451.31882433232,
      "p90": 202609.92788646664,
      "p95": 204117.24790746556,
      "p99": 207040.5598360669,
      "p99.9": 210203.52523617956,
      "p99.99": 210531.51656802456
    }
  },
  "details": {
    "DNSDialup": {
      "average": 0.0001252964785659536,
      "fastest": 0.000010567,
      "slowest": 0.040959908
    },
    "DNSLookup": {
      "average": 2.721014832368719e-6,
      "fastest": 1.145e-6,
      "slowest": 0.001890925
    }
  },
  "statusCodeDistribution": {
    "200": 2914639
  },
  "errorDistribution": {
    "aborted due to deadline": 100
  }
}