{
  "summary": {
    "successRate": 1.0,
    "total": 15.0016574,
    "slowest": 0.035510484,
    "fastest": 0.000064213,
    "average": 0.0005131321839669657,
    "requestsPerSec": 194340.39334880427,
    "totalData": 40814592,
    "sizePerRequest": 14,
    "sizePerSec": 2720672.183861498
  },
  "responseTimeHistogram": {
    "0.000064213": 1,
    "0.0036088401000000003": 2915197,
    "0.0071534672": 51,
    "0.010698094300000002": 0,
    "0.014242721400000002": 0,
    "0.0177873485": 0,
    "0.021331975600000004": 0,
    "0.024876602700000004": 3,
    "0.028421229800000003": 3,
    "0.031965856900000006": 44,
    "0.035510484": 29
  },
  "latencyPercentiles": {
    "p10": 0.000266519,
    "p25": 0.000345777,
    "p50": 0.000459971,
    "p75": 0.000623356,
    "p90": 0.000814855,
    "p95": 0.000966463,
    "p99": 0.001348927,
    "p99.9": 0.001915646,
    "p99.99": 0.002879835
  },
  "rps": {
    "mean": 194612.33355440584,
    "stddev": 10362.950587789637,
    "max": 209969.41588889694,
    "percentiles": {
      "p10": 187320.38045738704,
      "p25": 191816.87402133862,
      "p50": 195488.05547930975,
      "p75": 199226.60850969472,
      "p90": 202411.09212783584,
      "p95": 204403.67926622694,
      "p99": 207060.90703085673,
      "p99.9": 209484.40126526993,
      "p99.99": 209969.41588889694
    }
  },
  "details": {
    "DNSDialup": {
      "average": 0.0001247256727544977,
      "fastest": 0.000010967,
      "slowest": 0.029696694
    },
    "DNSLookup": {
      "average": 2.7499372327915062e-6,
      "fastest": 1.167e-6,
      "slowest": 0.001508292
    }
  },
  "statusCodeDistribution": {
    "200": 2915328
  },
  "errorDistribution": {
    "aborted due to deadline": 100
  }
}