{
  "summary": {
    "successRate": 1.0,
    "total": 15.00114266,
    "slowest": 0.048164092,
    "fastest": 0.000068431,
    "average": 0.0005137577162398809,
    "requestsPerSec": 194072.01611133802,
    "totalData": 40756828,
    "sizePerRequest": 14,
    "sizePerSec": 2716914.8993347418
  },
  "responseTimeHistogram": {
    "0.000068431": 1,
    "0.0048779971": 2911111,
    "0.0096875632": 11,
    "0.014497129300000001": 0,
    "0.0193066954": 0,
    "0.0241162615": 0,
    "0.028925827600000002": 0,
    "0.0337353937": 0,
    "0.0385449598": 0,
    "0.0433545259": 9,
    "0.048164092": 70
  },
  "latencyPercentiles": {
    "p10": 0.000266429,
    "p25": 0.000346034,
    "p50": 0.000460966,
    "p75": 0.00062465,
    "p90": 0.000814713,
    "p95": 0.000964581,
    "p99": 0.0013366,
    "p99.9": 0.001908559,
    "p99.99": 0.003015467
  },
  "rps": {
    "mean": 194386.1778279098,
    "stddev": 11974.014438103231,
    "max": 210987.91866569725,
    "percentiles": {
      "p10": 187401.45656581127,
      "p25": 191574.6280969512,
      "p50": 195662.24015858702,
      "p75": 199137.27849854607,
      "p90": 202246.07165512218,
      "p95": 203962.64269499521,
      "p99": 206998.63693350804,
      "p99.9": 210190.47460809792,
      "p99.99": 210987.91866569725
    }
  },
  "details": {
    "DNSDialup": {
      "average": 0.0001250787377447492,
      "fastest": 0.000011665,
      "slowest": 0.044624727
    },
    "DNSLookup": {
      "average": 2.7708627498195936e-6,
      "fastest": 1.158e-6,
      "slowest": 0.003016742
    }
  },
  "statusCodeDistribution": {
    "200": 2911202
  },
  "errorDistribution": {
    "aborted due to deadline": 100
  }
}