{
  "summary": {
    "successRate": 1.0,
    "total": 15.000932478,
    "slowest": 0.055336835,
    "fastest": 0.000064548,
    "average": 0.0005096977309484906,
    "requestsPerSec": 195609.10658743384,
    "totalData": 41079066,
    "sizePerRequest": 14,
    "sizePerSec": 2738434.164692465
  },
  "responseTimeHistogram": {
    "0.000064548": 1,
    "0.0055917767": 2934135,
    "0.0111190054": 4,
    "0.0166462341": 0,
    "0.0221734628": 0,
    "0.027700691500000003": 0,
    "0.0332279202": 0,
    "0.0387551489": 0,
    "0.0442823776": 0,
    "0.049809606299999996": 7,
    "0.055336835": 72
  },
  "latencyPercentiles": {
    "p10": 0.000264092,
    "p25": 0.000343026,
    "p50": 0.000456868,
    "p75": 0.00061904,
    "p90": 0.00080981,
    "p95": 0.000960339,
    "p99": 0.001331117,
    "p99.9": 0.001850999,
    "p99.99": 0.002642865
  },
  "rps": {
    "mean": 196132.40135827352,
    "stddev": 9417.636751804359,
    "max": 211423.03325249883,
    "percentiles": {
      "p10": 188623.16292440103,
      "p25": 192668.93694564013,
      "p50": 196879.97896706007,
      "p75": 200767.09845603764,
      "p90": 203745.1072653942,
      "p95": 205718.26778217955,
      "p99": 208704.069729358,
      "p99.9": 211128.7625678137,
      "p99.99": 211423.03325249883
    }
  },
  "details": {
    "DNSDialup": {
      "average": 0.00012468018177137777,
      "fastest": 0.000010642,
      "slowest": 0.050889173
    },
    "DNSLookup": {
      "average": 2.7309203737010427e-6,
      "fastest": 1.153e-6,
      "slowest": 0.001432538
    }
  },
  "statusCodeDistribution": {
    "200": 2934219
  },
  "errorDistribution": {
    "aborted due to deadline": 100
  }
}