{
  "summary": {
    "successRate": 1.0,
    "total": 15.000488715,
    "slowest": 0.074546112,
    "fastest": 0.000065376,
    "average": 0.0005123535837050498,
    "requestsPerSec": 194545.7281722971,
    "totalData": 40854534,
    "sizePerRequest": 14,
    "sizePerSec": 2723546.86411962
  },
  "responseTimeHistogram": {
    "0.000065376": 1,
    "0.007513449599999999": 2918101,
    "0.014961523199999998": 0,
    "0.022409596799999994": 0,
    "0.029857670399999994": 0,
    "0.037305743999999995": 0,
    "0.04475381759999999": 0,
    "0.05220189119999999": 0,
    "0.05964996479999999": 0,
    "0.06709803839999999": 4,
    "0.074546112": 75
  },
  "latencyPercentiles": {
    "p10": 0.000265121,
    "p25": 0.000344734,
    "p50": 0.000459342,
    "p75": 0.000622094,
    "p90": 0.000812355,
    "p95": 0.000961864,
    "p99": 0.00133024,
    "p99.9": 0.001871474,
    "p99.99": 0.002520547
  },
  "rps": {
    "mean": 195306.79528556732,
    "stddev": 9215.66340305681,
    "max": 211381.2549544108,
    "percentiles": {
      "p10": 187780.42635659574,
      "p25": 192218.88738183572,
      "p50": 196221.95194311894,
      "p75": 199847.5511616271,
      "p90": 202876.92896976654,
      "p95": 204603.1713491319,
      "p99": 207556.55991314113,
      "p99.9": 210762.03385163326,
      "p99.99": 211381.2549544108
    }
  },
  "details": {
    "DNSDialup": {
      "average": 0.0001253348142329115,
      "fastest": 0.000010753,
      "slowest": 0.069542411
    },
    "DNSLookup": {
      "average": 2.7324060166247187e-6,
      "fastest": 1.152e-6,
      "slowest": 0.001712346
    }
  },
  "statusCodeDistribution": {
    "200": 2918181
  },
  "errorDistribution": {
    "aborted due to deadline": 100
  }
}