{
  "summary": {
    "successRate": 1.0,
    "total": 15.000192837,
    "slowest": 0.071005599,
    "fastest": 0.000064184,
    "average": 0.0005129453889404309,
    "requestsPerSec": 194324.76846630822,
    "totalData": 40807326,
    "sizePerRequest": 14,
    "sizePerSec": 2720453.4263948407
  },
  "responseTimeHistogram": {
    "0.000064184": 1,
    "0.007158325500000001": 2914729,
    "0.014252467000000001": 0,
    "0.0213466085": 0,
    "0.02844075": 0,
    "0.035534891500000006": 0,
    "0.042629033000000004": 0,
    "0.04972317450000001": 0,
    "0.05681731600000001": 0,
    "0.0639114575": 0,
    "0.071005599": 79
  },
  "latencyPercentiles": {
    "p10": 0.00026614,
    "p25": 0.00034569,
    "p50": 0.000460479,
    "p75": 0.000623371,
    "p90": 0.000812715,
    "p95": 0.000959051,
    "p99": 0.001325504,
    "p99.9": 0.001837546,
    "p99.99": 0.002541779
  },
  "rps": {
    "mean": 194941.94674488576,
    "stddev": 10436.67578147325,
    "max": 210928.92115812874,
    "percentiles": {
      "p10": 187315.8548562272,
      "p25": 191645.01815571645,
      "p50": 195841.55757851677,
      "p75": 199728.0418170717,
      "p90": 202764.03610520702,
      "p95": 204868.60686344726,
      "p99": 207675.323839959,
      "p99.9": 210919.9530275633,
      "p99.99": 210928.92115812874
    }
  },
  "details": {
    "DNSDialup": {
      "average": 0.00012521513842553557,
      "fastest": 0.000010404,
      "slowest": 0.068885958
    },
    "DNSLookup": {
      "average": 2.7348731951217594e-6,
      "fastest": 1.16e-6,
      "slowest": 0.001202056
    }
  },
  "statusCodeDistribution": {
    "200": 2914809
  },
  "errorDistribution": {
    "aborted due to deadline": 100
  }
}