{
  "summary": {
    "successRate": 1.0,
    "total": 15.001236119,
    "slowest": 0.04939168,
    "fastest": 0.000072726,
    "average": 0.0005130959298294393,
    "requestsPerSec": 194348.45081248868,
    "totalData": 40815138,
    "sizePerRequest": 14,
    "sizePerSec": 2720784.9857322816
  },
  "responseTimeHistogram": {
    "0.000072726": 1,
    "0.0050046214": 2915277,
    "0.0099365168": 10,
    "0.014868412199999998": 0,
    "0.019800307599999997": 0,
    "0.024732202999999998": 0,
    "0.029664098399999995": 0,
    "0.0345959938": 0,
    "0.0395278892": 0,
    "0.044459784599999996": 7,
    "0.04939168": 72
  },
  "latencyPercentiles": {
    "p10": 0.00026576,
    "p25": 0.000344799,
    "p50": 0.000459248,
    "p75": 0.000622793,
    "p90": 0.000815406,
    "p95": 0.00096793,
    "p99": 0.001346981,
    "p99.9": 0.001938757,
    "p99.99": 0.003087517
  },
  "rps": {
    "mean": 194779.9999537329,
    "stddev": 10905.042399637785,
    "max": 211738.67601228715,
    "percentiles": {
      "p10": 187542.00941012308,
      "p25": 191614.43571500466,
      "p50": 195896.89060207433,
      "p75": 199550.38647261026,
      "p90": 202566.60389937187,
      "p95": 204506.54420941562,
      "p99": 207672.8724109314,
      "p99.9": 211403.9109723525,
      "p99.99": 211738.67601228715
    }
  },
  "details": {
    "DNSDialup": {
      "average": 0.0001247108997484698,
      "fastest": 0.000010693,
      "slowest": 0.043411199
    },
    "DNSLookup": {
      "average": 2.757584830657766e-6,
      "fastest": 1.168e-6,
      "slowest": 0.002018079
    }
  },
  "statusCodeDistribution": {
    "200": 2915367
  },
  "errorDistribution": {
    "aborted due to deadline": 100
  }
}