{
  "summary": {
    "successRate": 0.5047723385513353,
    "total": 15.003784945,
    "slowest": 0.035579331,
    "fastest": 0.000034164,
    "average": 0.0015988665527088529,
    "requestsPerSec": 123262.36391546733,
    "totalData": 13068678,
    "sizePerRequest": 14,
    "sizePerSec": 871025.4144475143
  },
  "responseTimeHistogram": {
    "0.000034164": 1,
    "0.0035886806999999997": 933350,
    "0.007143197399999999": 104,
    "0.010697714099999998": 0,
    "0.014252230799999998": 0,
    "0.017806747499999998": 18,
    "0.021361264199999997": 2,
    "0.024915780899999997": 0,
    "0.028470297599999996": 0,
    "0.032024814299999996": 0,
    "0.035579331": 2
  },
  "latencyPercentiles": {
    "p10": 0.001064363,
    "p25": 0.00128493,
    "p50": 0.00144363,
    "p75": 0.001677843,
    "p90": 0.002698409,
    "p95": 0.002755486,
    "p99": 0.002855842,
    "p99.9": 0.002960851,
    "p99.99": 0.004355205
  },
  "rps": {
    "mean": 62303.08895401063,
    "stddev": 3788.253652194466,
    "max": 74335.54707961957,
    "min": 46.925187220938845,
    "percentiles": {
      "p10": 58406.81023406739,
      "p25": 59616.38854521282,
      "p50": 62730.838480196595,
      "p75": 65088.820036128316,
      "p90": 66104.20218764992,
      "p95": 67106.06638840123,
      "p99": 69908.44494014737,
      "p99.9": 72870.87005877044,
      "p99.99": 74335.54707961957
    }
  },
  "details": {
    "DNSDialup": {
      "average": 0.000014980945986885333,
      "fastest": 0.000011321,
      "slowest": 0.020467084
    },
    "DNSLookup": {
      "average": 1.1705197460676554e-6,
      "fastest": 7.83e-7,
      "slowest": 0.000078949
    }
  },
  "statusCodeDistribution": {
    "200": 933477
  },
  "errorDistribution": {
    "aborted due to deadline": 99,
    "connection error": 18849,
    "error writing a body to connection": 787597,
    "operation was canceled": 109380
  }
}