{
  "summary": {
    "successRate": 1.0,
    "total": 15.00104435,
    "slowest": 0.035249571,
    "fastest": 0.000012307,
    "average": 0.00037932099578821696,
    "requestsPerSec": 262901.96255569364,
    "totalData": 55211856,
    "sizePerRequest": 14,
    "sizePerSec": 3680534.148944103
  },
  "responseTimeHistogram": {
    "0.000012307": 1,
    "0.0035360333999999998": 3943617,
    "0.007059759799999999": 7,
    "0.010583486199999999": 0,
    "0.014107212599999999": 0,
    "0.017630938999999998": 0,
    "0.021154665399999998": 0,
    "0.024678391799999998": 0,
    "0.028202118199999997": 2,
    "0.0317258446": 5,
    "0.035249571": 72
  },
  "latencyPercentiles": {
    "p10": 0.000373447,
    "p25": 0.000378403,
    "p50": 0.00038509,
    "p75": 0.000389701,
    "p90": 0.000393014,
    "p95": 0.000395101,
    "p99": 0.000401637,
    "p99.9": 0.000511866,
    "p99.99": 0.001902667
  },
  "rps": {
    "mean": 263281.4837154508,
    "stddev": 11288.302760708912,
    "max": 270750.0346063927,
    "percentiles": {
      "p10": 260939.53233913486,
      "p25": 262240.2538789992,
      "p50": 263772.7749086034,
      "p75": 265512.82426944136,
      "p90": 267279.7295433229,
      "p95": 268393.34720616404,
      "p99": 269848.4377945711,
      "p99.9": 270607.4417046435,
      "p99.99": 270750.0346063927
    }
  },
  "details": {
    "DNSDialup": {
      "average": 0.023589048969999995,
      "fastest": 0.000223253,
      "slowest": 0.032109478
    },
    "DNSLookup": {
      "average": 0.00003607014000000001,
      "fastest": 6.472e-6,
      "slowest": 0.000370961
    }
  },
  "statusCodeDistribution": {
    "200": 3943704
  },
  "errorDistribution": {
    "aborted due to deadline": 100
  }
}