{
  "summary": {
    "successRate": 0.9999988520742731,
    "total": 15.000315507,
    "slowest": 0.059138423,
    "fastest": 0.000082858,
    "average": 0.0008597567148526599,
    "requestsPerSec": 116155.75680304256,
    "totalData": 24391794,
    "sizePerRequest": 14,
    "sizePerSec": 1626085.3972449715
  },
  "responseTimeHistogram": {
    "0.000082858": 1,
    "0.005988414500000001": 1741970,
    "0.011893971000000001": 150,
    "0.017799527500000006": 0,
    "0.023705084000000005": 50,
    "0.029610640500000004": 0,
    "0.035516197000000006": 0,
    "0.041421753500000005": 76,
    "0.047327310000000004": 0,
    "0.0532328665": 0,
    "0.059138423": 24
  },
  "latencyPercentiles": {
    "p10": 0.000599108,
    "p25": 0.000637952,
    "p50": 0.000757962,
    "p75": 0.00112749,
    "p90": 0.001329275,
    "p95": 0.001348299,
    "p99": 0.001810036,
    "p99.9": 0.002483733,
    "p99.99": 0.007125165
  },
  "rps": {
    "mean": 116362.41416239699,
    "stddev": 8545.1315771935,
    "max": 125480.45806970945,
    "percentiles": {
      "p10": 110611.86865350847,
      "p25": 113875.00519687634,
      "p50": 117829.1273602785,
      "p75": 120752.56359094995,
      "p90": 121764.80322827834,
      "p95": 122282.80779518532,
      "p99": 123245.7863499125,
      "p99.9": 124585.6624654587,
      "p99.99": 125480.45806970945
    }
  },
  "details": {
    "DNSDialup": {
      "average": 0.000016405362880401092,
      "fastest": 8.149e-6,
      "slowest": 0.02148205
    },
    "DNSLookup": {
      "average": 1.836973109808989e-6,
      "fastest": 1.131e-6,
      "slowest": 0.000873202
    }
  },
  "statusCodeDistribution": {
    "200": 1742271
  },
  "errorDistribution": {
    "aborted due to deadline": 100,
    "operation was canceled": 2
  }
}