{
  "summary": {
    "successRate": 1.0,
    "total": 15.000547647,
    "slowest": 0.02768858,
    "fastest": 0.000014787,
    "average": 0.000377916245364488,
    "requestsPerSec": 263911.36464885896,
    "totalData": 55422010,
    "sizePerRequest": 14,
    "sizePerSec": 3694665.7751581487
  },
  "responseTimeHistogram": {
    "0.000014787": 1,
    "0.0027821663": 3958631,
    "0.0055495456": 4,
    "0.0083169249": 0,
    "0.0110843042": 0,
    "0.013851683500000002": 0,
    "0.016619062799999997": 0,
    "0.019386442099999998": 0,
    "0.0221538214": 0,
    "0.0249212007": 24,
    "0.02768858": 55
  },
  "latencyPercentiles": {
    "p10": 0.000372998,
    "p25": 0.000377616,
    "p50": 0.000384464,
    "p75": 0.000388785,
    "p90": 0.000391915,
    "p95": 0.00039387,
    "p99": 0.000399164,
    "p99.9": 0.000465782,
    "p99.99": 0.000892596
  },
  "rps": {
    "mean": 264155.6889227744,
    "stddev": 8546.695766429357,
    "max": 271803.93782583607,
    "percentiles": {
      "p10": 261857.84439782804,
      "p25": 263032.2740600165,
      "p50": 264321.0928232092,
      "p75": 265859.20684535743,
      "p90": 267659.6881104482,
      "p95": 268679.7710240367,
      "p99": 269836.77875294915,
      "p99.9": 270923.8954875436,
      "p99.99": 271803.93782583607
    }
  },
  "details": {
    "DNSDialup": {
      "average": 0.017981985040000002,
      "fastest": 0.000237148,
      "slowest": 0.023922414
    },
    "DNSLookup": {
      "average": 0.000038048889999999993,
      "fastest": 6.554e-6,
      "slowest": 0.000394285
    }
  },
  "statusCodeDistribution": {
    "200": 3958715
  },
  "errorDistribution": {
    "aborted due to deadline": 100
  }
}