{
  "summary": {
    "successRate": 1.0,
    "total": 15.000741511,
    "slowest": 0.045383428,
    "fastest": 0.000093195,
    "average": 0.001034478377209351,
    "requestsPerSec": 96549.1605156958,
    "totalData": 20274926,
    "sizePerRequest": 14,
    "sizePerSec": 1351594.918500026
  },
  "responseTimeHistogram": {
    "0.000093195": 1,
    "0.0046222183000000005": 1447879,
    "0.009151241600000002": 225,
    "0.013680264900000003": 25,
    "0.018209288200000003": 0,
    "0.022738311500000004": 0,
    "0.027267334800000004": 0,
    "0.0317963581": 0,
    "0.0363253814": 13,
    "0.040854404700000006": 30,
    "0.045383428": 36
  },
  "latencyPercentiles": {
    "p10": 0.000737293,
    "p25": 0.000751212,
    "p50": 0.000930293,
    "p75": 0.001365542,
    "p90": 0.001604461,
    "p95": 0.001624685,
    "p99": 0.002075739,
    "p99.9": 0.002611213,
    "p99.99": 0.006388735
  },
  "rps": {
    "mean": 96726.53497694849,
    "stddev": 5924.117272977251,
    "max": 102900.01029000408,
    "percentiles": {
      "p10": 91850.05828176314,
      "p25": 94360.97019681532,
      "p50": 97716.8463843153,
      "p75": 100114.91451057489,
      "p90": 101411.7857879956,
      "p95": 101858.5482935565,
      "p99": 102458.70884016571,
      "p99.9": 102768.54040628475,
      "p99.99": 102900.01029000408
    }
  },
  "details": {
    "DNSDialup": {
      "average": 0.00001879307463770765,
      "fastest": 8.904e-6,
      "slowest": 0.036423207
    },
    "DNSLookup": {
      "average": 2.003159806353977e-6,
      "fastest": 1.158e-6,
      "slowest": 0.001048788
    }
  },
  "statusCodeDistribution": {
    "200": 1448209
  },
  "errorDistribution": {
    "aborted due to deadline": 100
  }
}