{
  "summary": {
    "successRate": 1.0,
    "total": 15.000672745,
    "slowest": 0.039245909,
    "fastest": 0.000116568,
    "average": 0.001026284047768627,
    "requestsPerSec": 97335.36787452929,
    "totalData": 20439944,
    "sizePerRequest": 14,
    "sizePerSec": 1362601.8210958578
  },
  "responseTimeHistogram": {
    "0.000116568": 1,
    "0.0040295021": 1459715,
    "0.0079424362": 159,
    "0.0118553703": 42,
    "0.015768304400000002": 0,
    "0.019681238500000003": 0,
    "0.0235941726": 0,
    "0.027507106700000002": 0,
    "0.0314200408": 4,
    "0.0353329749": 36,
    "0.039245909": 39
  },
  "latencyPercentiles": {
    "p10": 0.000728668,
    "p25": 0.000740342,
    "p50": 0.000928913,
    "p75": 0.00136177,
    "p90": 0.001591804,
    "p95": 0.001612569,
    "p99": 0.00205104,
    "p99.9": 0.002555929,
    "p99.99": 0.006374095
  },
  "rps": {
    "mean": 97512.72304447215,
    "stddev": 5537.984660510613,
    "max": 147950.41457608284,
    "percentiles": {
      "p10": 93355.836125586,
      "p25": 95796.12152422647,
      "p50": 98123.23035924112,
      "p75": 100024.88726770475,
      "p90": 102128.20324244136,
      "p95": 102626.26616045984,
      "p99": 103360.31074131584,
      "p99.9": 104128.47371086091,
      "p99.99": 147950.41457608284
    }
  },
  "details": {
    "DNSDialup": {
      "average": 0.000018184238483529553,
      "fastest": 8.875e-6,
      "slowest": 0.024273219
    },
    "DNSLookup": {
      "average": 1.981775665138852e-6,
      "fastest": 1.16e-6,
      "slowest": 0.001908949
    }
  },
  "statusCodeDistribution": {
    "200": 1459996
  },
  "errorDistribution": {
    "aborted due to deadline": 100
  }
}