{
  "summary": {
    "successRate": 0.6499848490947049,
    "total": 15.000906023,
    "slowest": 0.030918131,
    "fastest": 0.000091084,
    "average": 0.000872670124251395,
    "requestsPerSec": 175563.12905114185,
    "totalData": 23964346,
    "sizePerRequest": 14,
    "sizePerSec": 1597526.5736120797
  },
  "responseTimeHistogram": {
    "0.000091084": 1,
    "0.0031737887": 1711301,
    "0.0062564934": 352,
    "0.0093391981": 41,
    "0.0124219028": 0,
    "0.015504607500000002": 0,
    "0.0185873122": 0,
    "0.021670016900000002": 0,
    "0.024752721600000003": 0,
    "0.027835426300000004": 25,
    "0.030918131000000005": 19
  },
  "latencyPercentiles": {
    "p10": 0.000609499,
    "p25": 0.000646731,
    "p50": 0.000767722,
    "p75": 0.001149829,
    "p90": 0.001349143,
    "p95": 0.001368589,
    "p99": 0.001845251,
    "p99.9": 0.002507598,
    "p99.99": 0.004413489
  },
  "rps": {
    "mean": 114181.91924613579,
    "stddev": 7386.942722239195,
    "max": 123955.8299230917,
    "percentiles": {
      "p10": 108312.92687703708,
      "p25": 111919.57473361268,
      "p50": 115456.64302907002,
      "p75": 118051.96647564592,
      "p90": 119413.87088605526,
      "p95": 120591.6911418107,
      "p99": 122401.90193724554,
      "p99.9": 123737.83556956117,
      "p99.99": 123955.8299230917
    }
  },
  "details": {
    "DNSDialup": {
      "average": 0.000013914615554707332,
      "fastest": 7.214e-6,
      "slowest": 0.028328188
    },
    "DNSLookup": {
      "average": 1.303703923904301e-6,
      "fastest": 9.23e-7,
      "slowest": 0.001914281
    }
  },
  "statusCodeDistribution": {
    "200": 1711739
  },
  "errorDistribution": {
    "aborted due to deadline": 100,
    "connection error": 2486,
    "error writing a body to connection": 618781,
    "operation was canceled": 300500
  }
}