{
  "summary": {
    "successRate": 1.0,
    "total": 15.000808543,
    "slowest": 0.042556709,
    "fastest": 0.000187732,
    "average": 0.0011849560314345206,
    "requestsPerSec": 84293.78965642865,
    "totalData": 17701250,
    "sizePerRequest": 14,
    "sizePerSec": 1180019.7268873309
  },
  "responseTimeHistogram": {
    "0.000187732": 1,
    "0.0044246297": 1264295,
    "0.008661527399999999": 0,
    "0.0128984251": 0,
    "0.017135322799999998": 0,
    "0.021372220499999997": 0,
    "0.0256091182": 0,
    "0.029846015899999998": 0,
    "0.0340829136": 0,
    "0.0383198113": 0,
    "0.042556709": 79
  },
  "latencyPercentiles": {
    "p10": 0.000846386,
    "p25": 0.000871081,
    "p50": 0.001063595,
    "p75": 0.001547355,
    "p90": 0.00185023,
    "p95": 0.001871917,
    "p99": 0.002300231,
    "p99.9": 0.002676192,
    "p99.99": 0.003452868
  },
  "rps": {
    "mean": 84417.53284794794,
    "stddev": 4386.062178223672,
    "max": 92012.69629980387,
    "percentiles": {
      "p10": 80386.99340489693,
      "p25": 82611.6978164119,
      "p50": 84701.41451362085,
      "p75": 86688.89078861446,
      "p90": 88445.92478967654,
      "p95": 89370.0035237597,
      "p99": 90744.34784810785,
      "p99.9": 92012.62557153183,
      "p99.99": 92012.69629980387
    }
  },
  "details": {
    "DNSDialup": {
      "average": 0.0000156477887501733,
      "fastest": 9.75e-6,
      "slowest": 0.039205338
    },
    "DNSLookup": {
      "average": 1.3630781390014958e-6,
      "fastest": 1.065e-6,
      "slowest": 0.000313025
    }
  },
  "statusCodeDistribution": {
    "200": 1264375
  },
  "errorDistribution": {
    "aborted due to deadline": 100
  }
}