{
  "summary": {
    "successRate": 0.5116252971751527,
    "total": 15.003419126,
    "slowest": 0.010409226,
    "fastest": 0.000028633,
    "average": 0.001237558096272567,
    "requestsPerSec": 157397.5891873648,
    "totalData": 16914142,
    "sizePerRequest": 14,
    "sizePerSec": 1127352.4959846542
  },
  "responseTimeHistogram": {
    "0.000028633": 1,
    "0.0010666923": 427426,
    "0.0021047516000000004": 773770,
    "0.0031428109000000005": 6942,
    "0.004180870200000001": 0,
    "0.0052189295": 0,
    "0.006256988800000001": 0,
    "0.0072950481000000015": 0,
    "0.008333107400000001": 9,
    "0.009371166700000001": 0,
    "0.010409226": 5
  },
  "latencyPercentiles": {
    "p10": 0.000689161,
    "p25": 0.000938112,
    "p50": 0.001199372,
    "p75": 0.001402359,
    "p90": 0.001984697,
    "p95": 0.002022883,
    "p99": 0.002089049,
    "p99.9": 0.002149356,
    "p99.99": 0.002248453
  },
  "firstByteHistogram": {
    "0.000028587": 1,
    "0.0010666449": 427426,
    "0.0021047028": 773770,
    "0.0031427606999999995": 6942,
    "0.0041808185999999995": 0,
    "0.0052188765": 0,
    "0.006256934399999999": 0,
    "0.007294992299999999": 0,
    "0.008333050199999999": 9,
    "0.009371108099999999": 0,
    "0.010409166": 5
  },
  "firstBytePercentiles": {
    "p10": 0.000689113,
    "p25": 0.000938064,
    "p50": 0.001199323,
    "p75": 0.00140231,
    "p90": 0.001984649,
    "p95": 0.002022834,
    "p99": 0.002088998,
    "p99.9": 0.002149312,
    "p99.99": 0.002248406
  },
  "rps": {
    "mean": 80558.16932171275,
    "stddev": 3988.3043915813028,
    "max": 102337.98786109405,
    "min": 48811.436519576535,
    "percentiles": {
      "p10": 76633.9105053987,
      "p25": 78782.35908912464,
      "p50": 79838.18573932805,
      "p75": 83916.02481137082,
      "p90": 85203.67227827816,
      "p95": 86702.98762010326,
      "p99": 90806.63796523522,
      "p99.9": 95154.40785057271,
      "p99.99": 102337.98786109405
    }
  },
  "details": {
    "DNSDialup": {
      "average": 7.62665559660082e-6,
      "fastest": 5.862e-6,
      "slowest": 0.009932104
    },
    "DNSLookup": {
      "average": 9.913559913355024e-7,
      "fastest": 7.2e-7,
      "slowest": 0.000043629
    },
    "firstByte": {
      "average": 0.0012375098425306758,
      "fastest": 0.000028587,
      "slowest": 0.010409166
    }
  },
  "statusCodeDistribution": {
    "200": 1208153
  },
  "errorDistribution": {
    "aborted due to deadline": 100,
    "connection error": 658,
    "error writing a body to connection": 20137,
    "operation was canceled": 1132454
  }
}