{
  "summary": {
    "successRate": 1.0,
    "total": 15.000715163,
    "slowest": 0.035170292,
    "fastest": 0.000085508,
    "average": 0.0008826933339142327,
    "requestsPerSec": 113159.07152126223,
    "totalData": 23763138,
    "sizePerRequest": 14,
    "sizePerSec": 1584133.672414029
  },
  "responseTimeHistogram": {
    "0.000085508": 1,
    "0.0035939864": 1697033,
    "0.0071024648": 233,
    "0.010610943199999999": 19,
    "0.0141194216": 2,
    "0.017627900000000002": 0,
    "0.0211363784": 0,
    "0.0246448568": 0,
    "0.0281533352": 0,
    "0.0316618136": 40,
    "0.035170292": 39
  },
  "latencyPercentiles": {
    "p10": 0.00061804,
    "p25": 0.000656003,
    "p50": 0.00077671,
    "p75": 0.001158436,
    "p90": 0.001367675,
    "p95": 0.001393093,
    "p99": 0.001860758,
    "p99.9": 0.002403774,
    "p99.99": 0.005786441
  },
  "rps": {
    "mean": 113291.66412906426,
    "stddev": 7122.572493858045,
    "max": 124005.67771057136,
    "percentiles": {
      "p10": 106822.55752024331,
      "p25": 110850.99145605761,
      "p50": 114436.29919410168,
      "p75": 117194.19984277301,
      "p90": 118737.55668919024,
      "p95": 119960.01881878918,
      "p99": 121895.4435197296,
      "p99.9": 123471.52540836365,
      "p99.99": 124005.67771057136
    }
  },
  "details": {
    "DNSDialup": {
      "average": 0.000014988035672898635,
      "fastest": 7.174e-6,
      "slowest": 0.028470951
    },
    "DNSLookup": {
      "average": 1.2849644620167702e-6,
      "fastest": 9.25e-7,
      "slowest": 0.000532201
    }
  },
  "statusCodeDistribution": {
    "200": 1697367
  },
  "errorDistribution": {
    "aborted due to deadline": 100
  }
}