{
  "summary": {
    "successRate": 0.6933371422233411,
    "total": 15.000752598,
    "slowest": 0.025594352,
    "fastest": 0.000078778,
    "average": 0.0008596348405487813,
    "requestsPerSec": 167092.74975538132,
    "totalData": 24329088,
    "sizePerRequest": 14,
    "sizePerSec": 1621857.8262029144
  },
  "responseTimeHistogram": {
    "0.000078778": 1,
    "0.0026303354": 1736830,
    "0.0051818928": 796,
    "0.0077334502": 119,
    "0.0102850076": 0,
    "0.012836565": 0,
    "0.0153881224": 2,
    "0.0179396798": 0,
    "0.0204912372": 12,
    "0.023042794600000003": 31,
    "0.025594352": 1
  },
  "latencyPercentiles": {
    "p10": 0.00059947,
    "p25": 0.000638235,
    "p50": 0.000758203,
    "p75": 0.001130785,
    "p90": 0.001332667,
    "p95": 0.001354294,
    "p99": 0.001812562,
    "p99.9": 0.002438615,
    "p99.99": 0.005151045
  },
  "rps": {
    "mean": 115935.00376605551,
    "stddev": 7058.77781431211,
    "max": 125410.13488880772,
    "percentiles": {
      "p10": 109857.1147139453,
      "p25": 113247.92652250918,
      "p50": 117115.99320727715,
      "p75": 120225.94475887922,
      "p90": 121363.3759549313,
      "p95": 121948.08412957242,
      "p99": 123451.29319620182,
      "p99.9": 124879.52328044125,
      "p99.99": 125410.13488880772
    }
  },
  "details": {
    "DNSDialup": {
      "average": 0.000016114732369005676,
      "fastest": 7.999e-6,
      "slowest": 0.020916531
    },
    "DNSLookup": {
      "average": 1.8187560473289556e-6,
      "fastest": 1.122e-6,
      "slowest": 0.002488127
    }
  },
  "statusCodeDistribution": {
    "200": 1737792
  },
  "errorDistribution": {
    "aborted due to deadline": 100,
    "connection error": 1376,
    "error writing a body to connection": 392514,
    "operation was canceled": 374735
  }
}