{
  "summary": {
    "successRate": 1.0,
    "total": 15.000910727,
    "slowest": 0.032316952,
    "fastest": 0.000210432,
    "average": 0.0013402260405128786,
    "requestsPerSec": 74539.80763897389,
    "totalData": 15652910,
    "sizePerRequest": 14,
    "sizePerSec": 1043463.9792787029
  },
  "responseTimeHistogram": {
    "0.000210432": 1,
    "0.003421084": 1117965,
    "0.006631736": 20,
    "0.009842388": 0,
    "0.01305304": 0,
    "0.016263692": 0,
    "0.019474344": 0,
    "0.022684996": 0,
    "0.025895648": 0,
    "0.0291063": 0,
    "0.032316952": 79
  },
  "latencyPercentiles": {
    "p10": 0.000953428,
    "p25": 0.000965908,
    "p50": 0.001224576,
    "p75": 0.001781267,
    "p90": 0.002092328,
    "p95": 0.002115436,
    "p99": 0.002554056,
    "p99.9": 0.002950408,
    "p99.99": 0.003385471
  },
  "rps": {
    "mean": 74638.69176194967,
    "stddev": 3182.8354976375385,
    "max": 79617.49196297654,
    "percentiles": {
      "p10": 71624.4955774801,
      "p25": 73133.57562456875,
      "p50": 74687.90766731583,
      "p75": 76455.70562711981,
      "p90": 78157.62213510618,
      "p95": 78578.94740539604,
      "p99": 78955.60485466498,
      "p99.9": 79467.4519732346,
      "p99.99": 79617.49196297654
    }
  },
  "details": {
    "DNSDialup": {
      "average": 0.000018186774792162674,
      "fastest": 0.000011487,
      "slowest": 0.029703072
    },
    "DNSLookup": {
      "average": 1.3728557606221271e-6,
      "fastest": 1.052e-6,
      "slowest": 0.000630528
    }
  },
  "statusCodeDistribution": {
    "200": 1118065
  },
  "errorDistribution": {
    "aborted due to deadline": 100
  }
}