{
  "summary": {
    "successRate": 0.6478479352958528,
    "total": 15.001003643,
    "slowest": 0.03576935,
    "fastest": 0.000083632,
    "average": 0.0008695222075175783,
    "requestsPerSec": 176733.6415011895,
    "totalData": 24044972,
    "sizePerRequest": 14,
    "sizePerSec": 1602890.884652257
  },
  "responseTimeHistogram": {
    "0.000083632": 1,
    "0.0036522038": 1717196,
    "0.0072207756": 258,
    "0.0107893474": 0,
    "0.0143579192": 0,
    "0.017926491": 0,
    "0.0214950628": 0,
    "0.0250636346": 0,
    "0.0286322064": 0,
    "0.0322007782": 22,
    "0.03576935": 21
  },
  "latencyPercentiles": {
    "p10": 0.00060816,
    "p25": 0.000645735,
    "p50": 0.000768143,
    "p75": 0.001148031,
    "p90": 0.001348416,
    "p95": 0.001364918,
    "p99": 0.001811315,
    "p99.9": 0.002445341,
    "p99.99": 0.004576268
  },
  "rps": {
    "mean": 114615.2622936437,
    "stddev": 6947.767308370631,
    "max": 124244.0905035298,
    "percentiles": {
      "p10": 109312.2867010344,
      "p25": 112226.75485834155,
      "p50": 115708.67815086243,
      "p75": 118151.41949776515,
      "p90": 119417.07650180295,
      "p95": 120969.42691856931,
      "p99": 122450.87207693887,
      "p99.9": 123474.61673643244,
      "p99.99": 124244.0905035298
    }
  },
  "details": {
    "DNSDialup": {
      "average": 0.000013777398224043509,
      "fastest": 7.253e-6,
      "slowest": 0.030740586
    },
    "DNSLookup": {
      "average": 1.271807504870443e-6,
      "fastest": 9.21e-7,
      "slowest": 0.000916031
    }
  },
  "statusCodeDistribution": {
    "200": 1717498
  },
  "errorDistribution": {
    "aborted due to deadline": 100,
    "connection error": 3526,
    "error writing a body to connection": 627630,
    "operation was canceled": 302428
  }
}