{
  "summary": {
    "successRate": 1.0,
    "total": 15.000871307,
    "slowest": 0.068462679,
    "fastest": 0.000085438,
    "average": 0.0008773852795587687,
    "requestsPerSec": 113689.92941124496,
    "totalData": 23874872,
    "sizePerRequest": 14,
    "sizePerSec": 1591565.683845247
  },
  "responseTimeHistogram": {
    "0.000085438": 1,
    "0.0069231621000000005": 1705226,
    "0.013760886200000001": 0,
    "0.0205986103": 0,
    "0.0274363344": 40,
    "0.0342740585": 36,
    "0.0411117826": 0,
    "0.047949506700000005": 21,
    "0.0547872308": 0,
    "0.0616249549": 0,
    "0.068462679": 24
  },
  "latencyPercentiles": {
    "p10": 0.000611597,
    "p25": 0.000651253,
    "p50": 0.00077292,
    "p75": 0.0011514,
    "p90": 0.001355728,
    "p95": 0.001381721,
    "p99": 0.001820957,
    "p99.9": 0.00237985,
    "p99.99": 0.004244359
  },
  "rps": {
    "mean": 113932.64804765093,
    "stddev": 7577.6852035593865,
    "max": 124258.87534252631,
    "percentiles": {
      "p10": 108151.99414635917,
      "p25": 111520.23110857468,
      "p50": 115230.5937226341,
      "p75": 117800.08295047688,
      "p90": 119232.89635611801,
      "p95": 120501.20085507509,
      "p99": 122403.13180511036,
      "p99.9": 124241.23551167446,
      "p99.99": 124258.87534252631
    }
  },
  "details": {
    "DNSDialup": {
      "average": 0.000014276681375296997,
      "fastest": 7.037e-6,
      "slowest": 0.044180999
    },
    "DNSLookup": {
      "average": 1.2766257725696035e-6,
      "fastest": 9.22e-7,
      "slowest": 0.002917327
    }
  },
  "statusCodeDistribution": {
    "200": 1705348
  },
  "errorDistribution": {
    "aborted due to deadline": 100
  }
}