{
  "summary": {
    "successRate": 1.0,
    "total": 15.000856897,
    "slowest": 0.026768552,
    "fastest": 0.000011751,
    "average": 0.0003793422924211365,
    "requestsPerSec": 262909.714230307,
    "totalData": 55212794,
    "sizePerRequest": 14,
    "sizePerSec": 3680642.6712224637
  },
  "responseTimeHistogram": {
    "0.000011751": 1,
    "0.0026874311": 3943657,
    "0.0053631112": 34,
    "0.0080387913": 0,
    "0.010714471400000002": 0,
    "0.013390151500000003": 0,
    "0.0160658316": 0,
    "0.0187415117": 3,
    "0.021417191800000002": 2,
    "0.024092871900000003": 53,
    "0.026768552000000004": 21
  },
  "latencyPercentiles": {
    "p10": 0.000374358,
    "p25": 0.000378938,
    "p50": 0.000385868,
    "p75": 0.000390133,
    "p90": 0.00039315,
    "p95": 0.000395051,
    "p99": 0.000400233,
    "p99.9": 0.000462146,
    "p99.99": 0.001899152
  },
  "rps": {
    "mean": 263138.46711442753,
    "stddev": 10314.309428467706,
    "max": 271170.32207929465,
    "percentiles": {
      "p10": 261217.1358440963,
      "p25": 262126.84178859062,
      "p50": 263335.7873334715,
      "p75": 264754.3275880304,
      "p90": 266690.86157653027,
      "p95": 267963.9093923882,
      "p99": 269660.835484495,
      "p99.9": 270781.0989391262,
      "p99.99": 271170.32207929465
    }
  },
  "details": {
    "DNSDialup": {
      "average": 0.012321212110000004,
      "fastest": 0.000245951,
      "slowest": 0.023715707
    },
    "DNSLookup": {
      "average": 0.00013369202,
      "fastest": 6.203e-6,
      "slowest": 0.001928423
    }
  },
  "statusCodeDistribution": {
    "200": 3943771
  },
  "errorDistribution": {
    "aborted due to deadline": 100
  }
}