{
  "summary": {
    "successRate": 0.5687308104160174,
    "total": 15.001089732,
    "slowest": 0.023769902,
    "fastest": 0.000222182,
    "average": 0.0011778049408442677,
    "requestsPerSec": 148231.6978116987,
    "totalData": 17704316,
    "sizePerRequest": 14,
    "sizePerSec": 1180201.9930747787
  },
  "responseTimeHistogram": {
    "0.000222182": 1,
    "0.002576954": 1262382,
    "0.004931725999999999": 2185,
    "0.007286497999999999": 0,
    "0.009641269999999999": 0,
    "0.011996041999999998": 0,
    "0.014350813999999998": 0,
    "0.016705586": 0,
    "0.019060358": 0,
    "0.021415129999999998": 0,
    "0.023769902": 26
  },
  "latencyPercentiles": {
    "p10": 0.000834481,
    "p25": 0.000865966,
    "p50": 0.001057014,
    "p75": 0.001548775,
    "p90": 0.001846782,
    "p95": 0.001867084,
    "p99": 0.002287331,
    "p99.9": 0.002638565,
    "p99.99": 0.002997937
  },
  "rps": {
    "mean": 84340.3750689125,
    "stddev": 3968.512540236832,
    "max": 91341.58417790284,
    "percentiles": {
      "p10": 80387.10746965416,
      "p25": 82566.27862220905,
      "p50": 84707.43443909891,
      "p75": 86557.69070084546,
      "p90": 87996.02743589826,
      "p95": 88904.90755090993,
      "p99": 90066.16491930086,
      "p99.9": 91110.77563761896,
      "p99.99": 91341.58417790284
    }
  },
  "details": {
    "DNSDialup": {
      "average": 0.000013994455826929304,
      "fastest": 9.813e-6,
      "slowest": 0.022170424
    },
    "DNSLookup": {
      "average": 1.3268259022263525e-6,
      "fastest": 1.05e-6,
      "slowest": 0.000319539
    }
  },
  "statusCodeDistribution": {
    "200": 1264594
  },
  "errorDistribution": {
    "aborted due to deadline": 100,
    "connection error": 16383,
    "error writing a body to connection": 678606,
    "operation was canceled": 263954
  }
}