{
  "summary": {
    "successRate": 0.9998668896331734,
    "total": 15.003036968,
    "slowest": 0.033233165,
    "fastest": 0.000067135,
    "average": 0.0011936566896369606,
    "requestsPerSec": 83629.53465196048,
    "totalData": 17562034,
    "sizePerRequest": 14,
    "sizePerSec": 1170565.2687158
  },
  "responseTimeHistogram": {
    "0.000067135": 1,
    "0.003383738": 1254291,
    "0.006700341": 2,
    "0.010016944": 0,
    "0.013333547": 4,
    "0.01665015": 23,
    "0.019966753": 84,
    "0.023283355999999998": 0,
    "0.026599959": 0,
    "0.029916562": 10,
    "0.033233165": 16
  },
  "latencyPercentiles": {
    "p10": 0.000684322,
    "p25": 0.000764542,
    "p50": 0.001129206,
    "p75": 0.001381058,
    "p90": 0.001965144,
    "p95": 0.00200433,
    "p99": 0.002065612,
    "p99.9": 0.002135914,
    "p99.99": 0.013988469
  },
  "firstByteHistogram": {
    "0.000067086": 1,
    "0.0033836891999999997": 1254291,
    "0.006700292399999999": 2,
    "0.010016895599999997": 0,
    "0.013333498799999998": 4,
    "0.016650102": 23,
    "0.019966705199999997": 84,
    "0.023283308399999997": 0,
    "0.026599911599999998": 0,
    "0.0299165148": 10,
    "0.033233118": 16
  },
  "firstBytePercentiles": {
    "p10": 0.000684275,
    "p25": 0.000764496,
    "p50": 0.001129158,
    "p75": 0.001381011,
    "p90": 0.001965094,
    "p95": 0.002004283,
    "p99": 0.002065566,
    "p99.9": 0.002135841,
    "p99.99": 0.013988421
  },
  "rps": {
    "mean": 83821.88722162662,
    "stddev": 9040.08361496051,
    "max": 292660.2819630468,
    "min": 54.45239540171302,
    "percentiles": {
      "p10": 75414.41923695715,
      "p25": 79701.46650697934,
      "p50": 84135.10995917706,
      "p75": 87341.6312022391,
      "p90": 91962.77834491013,
      "p95": 94026.48115625858,
      "p99": 97704.2789017544,
      "p99.9": 102481.2378456493,
      "p99.99": 292660.2819630468
    }
  },
  "details": {
    "DNSDialup": {
      "average": 9.385266033763145e-6,
      "fastest": 5.936e-6,
      "slowest": 0.013913093
    },
    "DNSLookup": {
      "average": 1.0325560186251207e-6,
      "fastest": 7.31e-7,
      "slowest": 0.000040446
    },
    "firstByte": {
      "average": 0.0011936085353064093,
      "fastest": 0.000067086,
      "slowest": 0.033233118
    }
  },
  "statusCodeDistribution": {
    "200": 1254431
  },
  "errorDistribution": {
    "aborted due to deadline": 99,
    "operation was canceled": 167
  }
}