{
  "summary": {
    "successRate": 1.0,
    "total": 15.000924464,
    "slowest": 0.028867666,
    "fastest": 0.000014708,
    "average": 0.0003794303025216454,
    "requestsPerSec": 262856.533239857,
    "totalData": 55201874,
    "sizePerRequest": 14,
    "sizePerSec": 3679898.1377765303
  },
  "responseTimeHistogram": {
    "0.000014708": 1,
    "0.0029000038000000002": 3942857,
    "0.005785299600000001": 39,
    "0.008670595400000002": 15,
    "0.011555891200000001": 0,
    "0.014441187000000001": 0,
    "0.0173264828": 0,
    "0.0202117786": 0,
    "0.0230970744": 2,
    "0.0259823702": 29,
    "0.028867666": 48
  },
  "latencyPercentiles": {
    "p10": 0.000374363,
    "p25": 0.000378917,
    "p50": 0.000385841,
    "p75": 0.000390057,
    "p90": 0.000393348,
    "p95": 0.000395623,
    "p99": 0.000402216,
    "p99.9": 0.000465768,
    "p99.99": 0.000913668
  },
  "rps": {
    "mean": 263079.71285309934,
    "stddev": 9605.194359318568,
    "max": 271162.2363660202,
    "percentiles": {
      "p10": 260921.89134664688,
      "p25": 262234.45760773314,
      "p50": 263510.3296049382,
      "p75": 264906.3577526001,
      "p90": 266581.25396621326,
      "p95": 267361.3059474739,
      "p99": 268907.4487363311,
      "p99.9": 270863.68579812755,
      "p99.99": 271162.2363660202
    }
  },
  "details": {
    "DNSDialup": {
      "average": 0.01712702713000001,
      "fastest": 0.000271315,
      "slowest": 0.023147118
    },
    "DNSLookup": {
      "average": 0.00006501134999999998,
      "fastest": 6.475e-6,
      "slowest": 0.000925525
    }
  },
  "statusCodeDistribution": {
    "200": 3942991
  },
  "errorDistribution": {
    "aborted due to deadline": 100
  }
}