{
  "summary": {
    "successRate": 0.5387439161943097,
    "total": 15.000905894,
    "slowest": 0.04439632,
    "fastest": 0.0001557,
    "average": 0.0012864917444949794,
    "requestsPerSec": 139781.89149487906,
    "totalData": 15814596,
    "sizePerRequest": 14,
    "sizePerSec": 1054242.731189018
  },
  "responseTimeHistogram": {
    "0.0001557": 1,
    "0.004579762": 1129589,
    "0.009003824": 0,
    "0.013427886000000002": 0,
    "0.017851948000000003": 0,
    "0.022276010000000002": 0,
    "0.026700072000000005": 0,
    "0.031124134000000005": 0,
    "0.035548196000000004": 0,
    "0.039972258000000004": 0,
    "0.04439632": 24
  },
  "latencyPercentiles": {
    "p10": 0.000850192,
    "p25": 0.000895627,
    "p50": 0.001160439,
    "p75": 0.00169902,
    "p90": 0.001943534,
    "p95": 0.002041985,
    "p99": 0.002433877,
    "p99.9": 0.002813795,
    "p99.99": 0.003298747
  },
  "rps": {
    "mean": 75478.8269799395,
    "stddev": 3302.255129268258,
    "max": 80832.62728577,
    "percentiles": {
      "p10": 71884.80969847787,
      "p25": 73607.7729808267,
      "p50": 76048.98661651743,
      "p75": 77776.88774316585,
      "p90": 78524.02049786478,
      "p95": 79077.13183439054,
      "p99": 80214.65275687835,
      "p99.9": 80811.04756756552,
      "p99.99": 80832.62728577
    }
  },
  "details": {
    "DNSDialup": {
      "average": 0.00001628310314673704,
      "fastest": 0.000011585,
      "slowest": 0.042544736
    },
    "DNSLookup": {
      "average": 1.3306171798507815e-6,
      "fastest": 1.061e-6,
      "slowest": 0.000262487
    }
  },
  "statusCodeDistribution": {
    "200": 1129614
  },
  "errorDistribution": {
    "aborted due to deadline": 100,
    "connection error": 265167,
    "error writing a body to connection": 552974,
    "operation was canceled": 149000
  }
}