{
  "summary": {
    "successRate": 0.504745608495113,
    "total": 15.002818984,
    "slowest": 0.030477994,
    "fastest": 0.000153746,
    "average": 0.0014672069892588276,
    "requestsPerSec": 134358.2164225091,
    "totalData": 14243488,
    "sizePerRequest": 14,
    "sizePerSec": 949387.4461319703
  },
  "responseTimeHistogram": {
    "0.000153746": 1,
    "0.0031861708": 1017287,
    "0.0062185956": 77,
    "0.0092510204": 0,
    "0.0122834452": 17,
    "0.015315869999999999": 0,
    "0.0183482948": 0,
    "0.0213807196": 6,
    "0.0244131444": 0,
    "0.0274455692": 0,
    "0.030477993999999998": 4
  },
  "latencyPercentiles": {
    "p10": 0.001049747,
    "p25": 0.001220778,
    "p50": 0.001265537,
    "p75": 0.001460755,
    "p90": 0.002415608,
    "p95": 0.002470577,
    "p99": 0.002562323,
    "p99.9": 0.002626102,
    "p99.99": 0.003366065
  },
  "rps": {
    "mean": 67881.98276747021,
    "stddev": 2569.0144559976325,
    "max": 74139.56742932378,
    "min": 48.420989123629006,
    "percentiles": {
      "p10": 65836.00571152198,
      "p25": 66700.19343056357,
      "p50": 67555.42922968203,
      "p75": 68930.8534499994,
      "p90": 70880.513174918,
      "p95": 71461.9842857638,
      "p99": 72322.33377302496,
      "p99.9": 73401.19088174963,
      "p99.99": 74139.56742932378
    }
  },
  "details": {
    "DNSDialup": {
      "average": 0.000014687668359884949,
      "fastest": 0.000011153,
      "slowest": 0.019513549
    },
    "DNSLookup": {
      "average": 1.1616240151288797e-6,
      "fastest": 7.76e-7,
      "slowest": 0.000063249
    }
  },
  "statusCodeDistribution": {
    "200": 1017392
  },
  "errorDistribution": {
    "aborted due to deadline": 99,
    "connection error": 25679,
    "error writing a body to connection": 857274,
    "operation was canceled": 115308
  }
}