{
  "summary": {
    "successRate": 1.0,
    "total": 15.000903366,
    "slowest": 0.036907164,
    "fastest": 0.000080258,
    "average": 0.0010284601132888494,
    "requestsPerSec": 97119.55103331075,
    "totalData": 20394934,
    "sizePerRequest": 14,
    "sizePerSec": 1359580.3867536227
  },
  "responseTimeHistogram": {
    "0.000080258": 1,
    "0.0037629486": 1456244,
    "0.0074456392": 434,
    "0.0111283298": 23,
    "0.0148110204": 0,
    "0.018493711": 0,
    "0.0221764016": 0,
    "0.0258590922": 5,
    "0.0295417828": 34,
    "0.033224473399999996": 6,
    "0.036907164": 34
  },
  "latencyPercentiles": {
    "p10": 0.000728402,
    "p25": 0.000740193,
    "p50": 0.000927247,
    "p75": 0.001360587,
    "p90": 0.001589501,
    "p95": 0.00161132,
    "p99": 0.002084358,
    "p99.9": 0.002800701,
    "p99.99": 0.005839951
  },
  "rps": {
    "mean": 97241.93014672575,
    "stddev": 6148.857466367436,
    "max": 104477.79066936439,
    "percentiles": {
      "p10": 93001.15120617703,
      "p25": 95524.31093712778,
      "p50": 98019.241177044,
      "p75": 100115.52408570574,
      "p90": 102201.21619447567,
      "p95": 102804.74576865479,
      "p99": 103574.35707269113,
      "p99.9": 104288.47163893958,
      "p99.99": 104477.79066936439
    }
  },
  "details": {
    "DNSDialup": {
      "average": 0.000018591475083076258,
      "fastest": 8.887e-6,
      "slowest": 0.029001907
    },
    "DNSLookup": {
      "average": 2.0182783939385194e-6,
      "fastest": 1.15e-6,
      "slowest": 0.001764993
    }
  },
  "statusCodeDistribution": {
    "200": 1456781
  },
  "errorDistribution": {
    "aborted due to deadline": 100
  }
}