{
  "summary": {
    "successRate": 1.0,
    "total": 15.00182489,
    "slowest": 0.02816548,
    "fastest": 0.000114749,
    "average": 0.0014735765482596025,
    "requestsPerSec": 67764.42249220255,
    "totalData": 14230874,
    "sizePerRequest": 14,
    "sizePerSec": 948609.5261307906
  },
  "responseTimeHistogram": {
    "0.000114749": 1,
    "0.0029198221": 1015766,
    "0.0057248952": 585,
    "0.008529968300000001": 0,
    "0.0113350414": 0,
    "0.0141401145": 31,
    "0.0169451876": 86,
    "0.0197502607": 0,
    "0.0225553338": 0,
    "0.0253604069": 8,
    "0.02816548": 14
  },
  "latencyPercentiles": {
    "p10": 0.001039903,
    "p25": 0.001219328,
    "p50": 0.001271232,
    "p75": 0.001668586,
    "p90": 0.002406091,
    "p95": 0.002462668,
    "p99": 0.002557758,
    "p99.9": 0.002644066,
    "p99.99": 0.015334805
  },
  "rps": {
    "mean": 67795.80537849214,
    "stddev": 4096.947840181886,
    "max": 84309.9232779696,
    "min": 68.20852491971175,
    "percentiles": {
      "p10": 65923.44897080243,
      "p25": 66770.65002479087,
      "p50": 67642.17489604815,
      "p75": 68778.52475526843,
      "p90": 71194.71041350992,
      "p95": 71739.70471937495,
      "p99": 72601.1908873801,
      "p99.9": 73719.93967777098,
      "p99.99": 84309.9232779696
    }
  },
  "details": {
    "DNSDialup": {
      "average": 0.000017019477988491612,
      "fastest": 0.00001152,
      "slowest": 0.012942256
    },
    "DNSLookup": {
      "average": 1.2058150814911679e-6,
      "fastest": 7.61e-7,
      "slowest": 0.000083769
    }
  },
  "statusCodeDistribution": {
    "200": 1016491
  },
  "errorDistribution": {
    "aborted due to deadline": 99
  }
}