{
  "summary": {
    "successRate": 1.0,
    "total": 15.003056566,
    "slowest": 0.021129257,
    "fastest": 0.000166692,
    "average": 0.0016750075998825985,
    "requestsPerSec": 59628.516100337154,
    "totalData": 12523140,
    "sizePerRequest": 14,
    "sizePerSec": 834705.911086145
  },
  "responseTimeHistogram": {
    "0.000166692": 1,
    "0.0022629485": 746326,
    "0.0043592050000000005": 147970,
    "0.006455461500000001": 104,
    "0.008551718": 0,
    "0.0106479745": 0,
    "0.012744231": 0,
    "0.0148404875": 49,
    "0.016936744": 35,
    "0.0190330005": 5,
    "0.021129257000000002": 20
  },
  "latencyPercentiles": {
    "p10": 0.001249342,
    "p25": 0.001311911,
    "p50": 0.001495959,
    "p75": 0.001788349,
    "p90": 0.002668842,
    "p95": 0.002736836,
    "p99": 0.002847566,
    "p99.9": 0.003005631,
    "p99.99": 0.014082016
  },
  "rps": {
    "mean": 59669.62879809908,
    "stddev": 4110.017002883405,
    "max": 71300.92405378562,
    "min": 70.58504983233934,
    "percentiles": {
      "p10": 55531.66415489828,
      "p25": 57828.61938372929,
      "p50": 59540.77352170863,
      "p75": 61922.353969783304,
      "p90": 63985.84136092326,
      "p95": 65207.55755592194,
      "p99": 67569.01622760523,
      "p99.9": 71073.75323372391,
      "p99.99": 71300.92405378562
    }
  },
  "details": {
    "DNSDialup": {
      "average": 0.000017370802271633205,
      "fastest": 0.000011806,
      "slowest": 0.013082182
    },
    "DNSLookup": {
      "average": 1.2252414897541337e-6,
      "fastest": 7.87e-7,
      "slowest": 0.000087449
    }
  },
  "statusCodeDistribution": {
    "200": 894510
  },
  "errorDistribution": {
    "aborted due to deadline": 100
  }
}