{
  "summary": {
    "successRate": 1.0,
    "total": 15.000534534,
    "slowest": 0.046642681,
    "fastest": 0.000096913,
    "average": 0.0010306407550971666,
    "requestsPerSec": 96916.74631359507,
    "totalData": 20351842,
    "sizePerRequest": 14,
    "sizePerSec": 1356741.1183828684
  },
  "responseTimeHistogram": {
    "0.000096913": 1,
    "0.0047514898": 1453402,
    "0.0094060666": 178,
    "0.0140606434": 23,
    "0.0187152202": 20,
    "0.023369797": 0,
    "0.0280243738": 0,
    "0.0326789506": 0,
    "0.0373335274": 7,
    "0.041988104199999994": 31,
    "0.046642681": 41
  },
  "latencyPercentiles": {
    "p10": 0.000733994,
    "p25": 0.00074635,
    "p50": 0.000928397,
    "p75": 0.001362893,
    "p90": 0.001597666,
    "p95": 0.001618196,
    "p99": 0.002044625,
    "p99.9": 0.0025194,
    "p99.99": 0.007675212
  },
  "rps": {
    "mean": 96988.0169673401,
    "stddev": 6579.775736142875,
    "max": 103642.03721029329,
    "percentiles": {
      "p10": 92512.18781848428,
      "p25": 95134.0389591443,
      "p50": 97794.29771069021,
      "p75": 100050.68751997512,
      "p90": 101726.35427409856,
      "p95": 102302.28134087403,
      "p99": 102905.99317298426,
      "p99.9": 103402.38904562089,
      "p99.99": 103642.03721029329
    }
  },
  "details": {
    "DNSDialup": {
      "average": 0.00001803107240681285,
      "fastest": 8.865e-6,
      "slowest": 0.02513973
    },
    "DNSLookup": {
      "average": 2.0061273850299183e-6,
      "fastest": 1.164e-6,
      "slowest": 0.001477869
    }
  },
  "statusCodeDistribution": {
    "200": 1453703
  },
  "errorDistribution": {
    "aborted due to deadline": 100
  }
}