{
  "summary": {
    "successRate": 1.0,
    "total": 15.001159182,
    "slowest": 0.034404377,
    "fastest": 0.000067359,
    "average": 0.0010240066920843467,
    "requestsPerSec": 97541.86208194854,
    "totalData": 20483974,
    "sizePerRequest": 14,
    "sizePerSec": 1365492.7430260768
  },
  "responseTimeHistogram": {
    "0.000067359": 1,
    "0.0035010607999999997": 1462712,
    "0.0069347626": 289,
    "0.0103684644": 60,
    "0.013802166199999999": 0,
    "0.017235867999999998": 0,
    "0.0206695698": 0,
    "0.024103271599999997": 0,
    "0.027536973399999998": 2,
    "0.0309706752": 13,
    "0.034404377": 64
  },
  "latencyPercentiles": {
    "p10": 0.000726602,
    "p25": 0.000738178,
    "p50": 0.000925783,
    "p75": 0.001358139,
    "p90": 0.001587041,
    "p95": 0.001607243,
    "p99": 0.0020801,
    "p99.9": 0.002608391,
    "p99.99": 0.006675363
  },
  "rps": {
    "mean": 97651.264153405,
    "stddev": 5572.596232591193,
    "max": 104576.97462758614,
    "percentiles": {
      "p10": 93427.69196790225,
      "p25": 95814.28591003036,
      "p50": 98186.36472641905,
      "p75": 100488.82229333583,
      "p90": 102393.5013716576,
      "p95": 102937.2015046321,
      "p99": 103709.96628516827,
      "p99.9": 104412.28407505456,
      "p99.99": 104576.97462758614
    }
  },
  "details": {
    "DNSDialup": {
      "average": 0.00001870917145647509,
      "fastest": 8.9e-6,
      "slowest": 0.027851324
    },
    "DNSLookup": {
      "average": 1.9904268706843064e-6,
      "fastest": 1.173e-6,
      "slowest": 0.001485945
    }
  },
  "statusCodeDistribution": {
    "200": 1463141
  },
  "errorDistribution": {
    "aborted due to deadline": 100
  }
}