{
  "summary": {
    "successRate": 1.0,
    "total": 15.000937519,
    "slowest": 0.050436467,
    "fastest": 0.000059116,
    "average": 0.001028160164278484,
    "requestsPerSec": 97126.72945638178,
    "totalData": 20396488,
    "sizePerRequest": 14,
    "sizePerSec": 1359680.8848890986
  },
  "responseTimeHistogram": {
    "0.000059116": 1,
    "0.0050968511": 1456718,
    "0.0101345862": 94,
    "0.015172321300000001": 0,
    "0.020210056400000002": 0,
    "0.025247791500000002": 0,
    "0.030285526600000005": 0,
    "0.0353232617": 0,
    "0.0403609968": 6,
    "0.0453987319": 32,
    "0.050436467": 41
  },
  "latencyPercentiles": {
    "p10": 0.000728542,
    "p25": 0.000740148,
    "p50": 0.000930511,
    "p75": 0.001362882,
    "p90": 0.001592672,
    "p95": 0.001613784,
    "p99": 0.002073519,
    "p99.9": 0.002539343,
    "p99.99": 0.005887431
  },
  "rps": {
    "mean": 97354.18370885181,
    "stddev": 5356.3830018186545,
    "max": 104782.83556978332,
    "percentiles": {
      "p10": 92839.10383053028,
      "p25": 95502.55063888081,
      "p50": 97988.07224329021,
      "p75": 100165.61956208794,
      "p90": 101984.09451225301,
      "p95": 102533.44836822152,
      "p99": 103109.95726319584,
      "p99.9": 104404.68777048153,
      "p99.99": 104782.83556978332
    }
  },
  "details": {
    "DNSDialup": {
      "average": 0.00001954710727081978,
      "fastest": 8.866e-6,
      "slowest": 0.044034523
    },
    "DNSLookup": {
      "average": 1.972553156308043e-6,
      "fastest": 1.165e-6,
      "slowest": 0.002114127
    }
  },
  "statusCodeDistribution": {
    "200": 1456892
  },
  "errorDistribution": {
    "aborted due to deadline": 100
  }
}