{
  "summary": {
    "successRate": 1.0,
    "total": 15.00091264,
    "slowest": 0.044741469,
    "fastest": 0.000081987,
    "average": 0.0010323585118245022,
    "requestsPerSec": 96751.38005470046,
    "totalData": 20317626,
    "sizePerRequest": 14,
    "sizePerSec": 1354425.9931107766
  },
  "responseTimeHistogram": {
    "0.000081987": 1,
    "0.0045479352": 1451135,
    "0.0090138834": 23,
    "0.0134798316": 21,
    "0.0179457798": 0,
    "0.022411728": 0,
    "0.0268776762": 0,
    "0.0313436244": 0,
    "0.0358095726": 3,
    "0.0402755208": 32,
    "0.044741469": 44
  },
  "latencyPercentiles": {
    "p10": 0.000733851,
    "p25": 0.000745602,
    "p50": 0.00092873,
    "p75": 0.001365384,
    "p90": 0.001597724,
    "p95": 0.001618441,
    "p99": 0.0020903,
    "p99.9": 0.00270154,
    "p99.99": 0.004504701
  },
  "rps": {
    "mean": 96946.07837154901,
    "stddev": 5531.289582304607,
    "max": 103363.33486407585,
    "percentiles": {
      "p10": 92129.09436800494,
      "p25": 95049.91070810784,
      "p50": 97738.90908995668,
      "p75": 99943.70538236364,
      "p90": 101705.01405719452,
      "p95": 102205.73441503113,
      "p99": 102736.04774423005,
      "p99.9": 103190.82856730687,
      "p99.99": 103363.33486407585
    }
  },
  "details": {
    "DNSDialup": {
      "average": 0.00001865685228067479,
      "fastest": 8.894e-6,
      "slowest": 0.030582259
    },
    "DNSLookup": {
      "average": 2.0189933822976575e-6,
      "fastest": 1.16e-6,
      "slowest": 0.001778293
    }
  },
  "statusCodeDistribution": {
    "200": 1451259
  },
  "errorDistribution": {
    "aborted due to deadline": 100
  }
}