{
  "summary": {
    "successRate": 1.0,
    "total": 15.000689686,
    "slowest": 0.041839357,
    "fastest": 0.000130516,
    "average": 0.001038215102332559,
    "requestsPerSec": 96209.50970987242,
    "totalData": 20203526,
    "sizePerRequest": 14,
    "sizePerSec": 1346839.8068960628
  },
  "responseTimeHistogram": {
    "0.000130516": 1,
    "0.0043014001": 1442745,
    "0.008472284200000001": 178,
    "0.0126431683": 62,
    "0.0168140524": 44,
    "0.020984936500000002": 0,
    "0.0251558206": 0,
    "0.0293267047": 2,
    "0.0334975888": 1,
    "0.0376684729": 6,
    "0.041839357": 70
  },
  "latencyPercentiles": {
    "p10": 0.000738739,
    "p25": 0.000752253,
    "p50": 0.000933606,
    "p75": 0.001370391,
    "p90": 0.001609082,
    "p95": 0.001629998,
    "p99": 0.002086155,
    "p99.9": 0.002596575,
    "p99.99": 0.008684762
  },
  "rps": {
    "mean": 96280.89235499033,
    "stddev": 6566.966483677211,
    "max": 102934.91552334762,
    "percentiles": {
      "p10": 92110.35964805643,
      "p25": 94109.60859103697,
      "p50": 97112.68291638886,
      "p75": 99587.98675552986,
      "p90": 100954.83442956458,
      "p95": 101407.72162519688,
      "p99": 102115.39900216927,
      "p99.9": 102900.86436726128,
      "p99.99": 102934.91552334762
    }
  },
  "details": {
    "DNSDialup": {
      "average": 0.000017920510376554927,
      "fastest": 8.896e-6,
      "slowest": 0.02569417
    },
    "DNSLookup": {
      "average": 1.9820815718008622e-6,
      "fastest": 1.168e-6,
      "slowest": 0.001138741
    }
  },
  "statusCodeDistribution": {
    "200": 1443109
  },
  "errorDistribution": {
    "aborted due to deadline": 100
  }
}