{
  "summary": {
    "successRate": 1.0,
    "total": 15.000634431,
    "slowest": 0.039021168,
    "fastest": 0.000069165,
    "average": 0.0010332241836638108,
    "requestsPerSec": 96675.97771751872,
    "totalData": 20301414,
    "sizePerRequest": 14,
    "sizePerSec": 1353370.3586593324
  },
  "responseTimeHistogram": {
    "0.000069165": 1,
    "0.0039643653": 1449820,
    "0.0078595656": 180,
    "0.011754765899999998": 21,
    "0.0156499662": 0,
    "0.0195451665": 0,
    "0.023440366799999997": 0,
    "0.0273355671": 0,
    "0.031230767399999998": 0,
    "0.0351259677": 40,
    "0.039021168": 39
  },
  "latencyPercentiles": {
    "p10": 0.000732226,
    "p25": 0.000743806,
    "p50": 0.000934983,
    "p75": 0.001370394,
    "p90": 0.001600525,
    "p95": 0.001621101,
    "p99": 0.00206846,
    "p99.9": 0.002553155,
    "p99.99": 0.006443473
  },
  "rps": {
    "mean": 96799.11173106759,
    "stddev": 5671.640757446254,
    "max": 103413.51614656033,
    "percentiles": {
      "p10": 92418.87193365268,
      "p25": 94806.74291183685,
      "p50": 97570.07482775253,
      "p75": 99765.52599747379,
      "p90": 101400.45630205725,
      "p95": 101960.28911896583,
      "p99": 102562.80820173962,
      "p99.9": 103210.19638352332,
      "p99.99": 103413.51614656033
    }
  },
  "details": {
    "DNSDialup": {
      "average": 0.00001774218957438074,
      "fastest": 8.898e-6,
      "slowest": 0.031020705
    },
    "DNSLookup": {
      "average": 1.972085405775228e-6,
      "fastest": 1.164e-6,
      "slowest": 0.000648786
    }
  },
  "statusCodeDistribution": {
    "200": 1450101
  },
  "errorDistribution": {
    "aborted due to deadline": 100
  }
}