{
  "summary": {
    "successRate": 1.0,
    "total": 15.000199725,
    "slowest": 0.03161928,
    "fastest": 0.000142038,
    "average": 0.0010343864984658114,
    "requestsPerSec": 96579.58070954953,
    "totalData": 20280582,
    "sizePerRequest": 14,
    "sizePerSec": 1352020.7978430768
  },
  "responseTimeHistogram": {
    "0.000142038": 1,
    "0.0032897622000000004": 1448072,
    "0.0064374864": 348,
    "0.009585210600000001": 71,
    "0.012732934800000002": 42,
    "0.015880659000000002": 0,
    "0.019028383200000002": 1,
    "0.022176107400000002": 3,
    "0.025323831600000003": 19,
    "0.028471555800000003": 17,
    "0.03161928": 39
  },
  "latencyPercentiles": {
    "p10": 0.000732752,
    "p25": 0.000744955,
    "p50": 0.000935551,
    "p75": 0.001371251,
    "p90": 0.001602562,
    "p95": 0.001625791,
    "p99": 0.00208429,
    "p99.9": 0.002690298,
    "p99.99": 0.00680335
  },
  "rps": {
    "mean": 96679.3067465851,
    "stddev": 5787.232855110105,
    "max": 103648.67341704316,
    "percentiles": {
      "p10": 91714.61013739195,
      "p25": 94474.88245491797,
      "p50": 97661.97825667515,
      "p75": 99857.42800684663,
      "p90": 101516.1410664283,
      "p95": 101920.68990005288,
      "p99": 102551.73735149126,
      "p99.9": 103500.40365157307,
      "p99.99": 103648.67341704316
    }
  },
  "details": {
    "DNSDialup": {
      "average": 0.00001802063184024925,
      "fastest": 8.711e-6,
      "slowest": 0.017002471
    },
    "DNSLookup": {
      "average": 1.9717338398868813e-6,
      "fastest": 1.164e-6,
      "slowest": 0.001711805
    }
  },
  "statusCodeDistribution": {
    "200": 1448613
  },
  "errorDistribution": {
    "aborted due to deadline": 100
  }
}