{
  "summary": {
    "successRate": 1.0,
    "total": 15.000817407,
    "slowest": 0.038236778,
    "fastest": 0.000090033,
    "average": 0.0010396254576639842,
    "requestsPerSec": 96074.83118403109,
    "totalData": 20175414,
    "sizePerRequest": 14,
    "sizePerSec": 1344954.3083289128
  },
  "responseTimeHistogram": {
    "0.000090033": 1,
    "0.003904707499999999": 1440781,
    "0.007719381999999999": 208,
    "0.011534056499999997": 12,
    "0.015348730999999997": 20,
    "0.019163405499999998": 0,
    "0.022978079999999994": 0,
    "0.026792754499999995": 0,
    "0.030607428999999995": 38,
    "0.034422103499999995": 16,
    "0.038236778": 25
  },
  "latencyPercentiles": {
    "p10": 0.00073991,
    "p25": 0.000755079,
    "p50": 0.000937171,
    "p75": 0.001370037,
    "p90": 0.001614029,
    "p95": 0.00163512,
    "p99": 0.002083502,
    "p99.9": 0.002640943,
    "p99.99": 0.007089116
  },
  "rps": {
    "mean": 96205.31024326342,
    "stddev": 5524.357703444001,
    "max": 102584.25503039648,
    "percentiles": {
      "p10": 92012.85376514962,
      "p25": 94072.42636105922,
      "p50": 97025.7356508253,
      "p75": 99261.61700362916,
      "p90": 100587.15725078447,
      "p95": 101061.90041401102,
      "p99": 101714.8401951859,
      "p99.9": 102467.24925568771,
      "p99.99": 102584.25503039648
    }
  },
  "details": {
    "DNSDialup": {
      "average": 0.000018295793932556905,
      "fastest": 8.904e-6,
      "slowest": 0.030452962
    },
    "DNSLookup": {
      "average": 1.99675323173051e-6,
      "fastest": 1.166e-6,
      "slowest": 0.002862032
    }
  },
  "statusCodeDistribution": {
    "200": 1441101
  },
  "errorDistribution": {
    "aborted due to deadline": 100
  }
}