{
  "summary": {
    "successRate": 1.0,
    "total": 15.000492654,
    "slowest": 0.046826511,
    "fastest": 0.000126181,
    "average": 0.0010851972839474645,
    "requestsPerSec": 92037.11050329081,
    "totalData": 19327028,
    "sizePerRequest": 14,
    "sizePerSec": 1288426.21677804
  },
  "responseTimeHistogram": {
    "0.000126181": 1,
    "0.004796214": 1380279,
    "0.009466246999999999": 105,
    "0.014136279999999998": 38,
    "0.018806312999999998": 0,
    "0.023476346": 0,
    "0.028146378999999996": 0,
    "0.032816412": 0,
    "0.037486445": 42,
    "0.042156478": 23,
    "0.046826511": 14
  },
  "latencyPercentiles": {
    "p10": 0.000740862,
    "p25": 0.000855127,
    "p50": 0.000945376,
    "p75": 0.001370297,
    "p90": 0.001717692,
    "p95": 0.001741444,
    "p99": 0.002166364,
    "p99.9": 0.002586594,
    "p99.99": 0.007958688
  },
  "rps": {
    "mean": 92204.62916332972,
    "stddev": 5129.524058547143,
    "max": 100087.70625605449,
    "percentiles": {
      "p10": 88139.08870205605,
      "p25": 90133.93542668797,
      "p50": 93222.21485378503,
      "p75": 94682.56319511095,
      "p90": 95943.63516527248,
      "p95": 96935.17238204286,
      "p99": 99030.19738054406,
      "p99.9": 100014.07296141381,
      "p99.99": 100087.70625605449
    }
  },
  "details": {
    "DNSDialup": {
      "average": 0.00001885989309613496,
      "fastest": 8.802e-6,
      "slowest": 0.036710942
    },
    "DNSLookup": {
      "average": 2.006179265948201e-6,
      "fastest": 1.175e-6,
      "slowest": 0.002173202
    }
  },
  "statusCodeDistribution": {
    "200": 1380502
  },
  "errorDistribution": {
    "aborted due to deadline": 100
  }
}