{
  "summary": {
    "successRate": 1.0,
    "total": 15.000142894,
    "slowest": 0.03271449,
    "fastest": 0.000107252,
    "average": 0.0010301976139929598,
    "requestsPerSec": 96970.47623338462,
    "totalData": 20362594,
    "sizePerRequest": 14,
    "sizePerSec": 1357493.334823161
  },
  "responseTimeHistogram": {
    "0.000107252": 1,
    "0.0033679757999999995": 1454088,
    "0.006628699599999999": 258,
    "0.009889423399999998": 4,
    "0.013150147199999998": 41,
    "0.016410870999999997": 2,
    "0.019671594799999994": 4,
    "0.022932318599999994": 4,
    "0.026193042399999995": 25,
    "0.029453766199999995": 5,
    "0.03271449": 39
  },
  "latencyPercentiles": {
    "p10": 0.00073071,
    "p25": 0.000742685,
    "p50": 0.000933057,
    "p75": 0.001365903,
    "p90": 0.001597191,
    "p95": 0.001618193,
    "p99": 0.002072423,
    "p99.9": 0.002630509,
    "p99.99": 0.006414264
  },
  "rps": {
    "mean": 97072.05021318216,
    "stddev": 5392.137341649097,
    "max": 104078.12047464447,
    "percentiles": {
      "p10": 92731.06608880931,
      "p25": 95100.86541788136,
      "p50": 97702.76498824573,
      "p75": 99985.68341266802,
      "p90": 101630.15366658961,
      "p95": 102153.98838285649,
      "p99": 102704.8682107531,
      "p99.9": 103323.06170737463,
      "p99.99": 104078.12047464447
    }
  },
  "details": {
    "DNSDialup": {
      "average": 0.000018501551830185155,
      "fastest": 8.975e-6,
      "slowest": 0.017842724
    },
    "DNSLookup": {
      "average": 2.0162456301982354e-6,
      "fastest": 1.152e-6,
      "slowest": 0.001853246
    }
  },
  "statusCodeDistribution": {
    "200": 1454471
  },
  "errorDistribution": {
    "aborted due to deadline": 100
  }
}