{
  "summary": {
    "successRate": 1.0,
    "total": 15.000928527,
    "slowest": 0.032908936,
    "fastest": 0.000057849,
    "average": 0.0010317057910597608,
    "requestsPerSec": 96822.2731936759,
    "totalData": 20332536,
    "sizePerRequest": 14,
    "sizePerSec": 1355418.4971552729
  },
  "responseTimeHistogram": {
    "0.000057849": 1,
    "0.0033429577": 1451878,
    "0.0066280663999999994": 307,
    "0.0099131751": 41,
    "0.0131982838": 18,
    "0.0164833925": 0,
    "0.019768501199999997": 0,
    "0.023053609899999997": 0,
    "0.026338718599999998": 9,
    "0.0296238273": 31,
    "0.032908936": 39
  },
  "latencyPercentiles": {
    "p10": 0.000731874,
    "p25": 0.000743845,
    "p50": 0.000934607,
    "p75": 0.001368311,
    "p90": 0.001599828,
    "p95": 0.001621823,
    "p99": 0.002074824,
    "p99.9": 0.002532507,
    "p99.99": 0.006219016
  },
  "rps": {
    "mean": 96923.09151489467,
    "stddev": 5611.24044891729,
    "max": 104698.52130854066,
    "percentiles": {
      "p10": 92620.36056657037,
      "p25": 94910.2882752467,
      "p50": 97452.2996771391,
      "p75": 99948.12311846895,
      "p90": 101535.79796400148,
      "p95": 102054.05891894214,
      "p99": 102805.19166217925,
      "p99.9": 103443.7097747238,
      "p99.99": 104698.52130854066
    }
  },
  "details": {
    "DNSDialup": {
      "average": 0.00001813968618641554,
      "fastest": 8.871e-6,
      "slowest": 0.024749461
    },
    "DNSLookup": {
      "average": 1.9762651749885244e-6,
      "fastest": 1.174e-6,
      "slowest": 0.000796485
    }
  },
  "statusCodeDistribution": {
    "200": 1452324
  },
  "errorDistribution": {
    "aborted due to deadline": 100
  }
}