{
  "summary": {
    "successRate": 1.0,
    "total": 15.005105218,
    "slowest": 0.028566335,
    "fastest": 0.000073143,
    "average": 0.003573596372720567,
    "requestsPerSec": 27946.755048205752,
    "totalData": 5869458,
    "sizePerRequest": 14,
    "sizePerSec": 391164.06814389053
  },
  "responseTimeHistogram": {
    "0.000073143": 1,
    "0.0029224622": 220098,
    "0.0057717814": 7760,
    "0.008621100599999999": 179941,
    "0.0114704198": 11173,
    "0.014319739": 145,
    "0.0171690582": 12,
    "0.020018377400000002": 0,
    "0.0228676966": 0,
    "0.0257170158": 100,
    "0.028566335": 17
  },
  "latencyPercentiles": {
    "p10": 0.000327894,
    "p25": 0.000385479,
    "p50": 0.000510078,
    "p75": 0.00708686,
    "p90": 0.0075723,
    "p95": 0.008452383,
    "p99": 0.008863021,
    "p99.9": 0.010804597,
    "p99.99": 0.023714088
  },
  "rps": {
    "mean": 27921.163294013088,
    "stddev": 54288.63613168941,
    "max": 287510.2066123347,
    "min": 43.01854043168503,
    "percentiles": {
      "p10": 13630.4668194354,
      "p25": 13896.331540909172,
      "p50": 14162.979939193938,
      "p75": 14492.770365519884,
      "p90": 14955.322043631486,
      "p95": 215573.5105671016,
      "p99": 271387.47446736257,
      "p99.9": 284436.64336346596,
      "p99.99": 287510.2066123347
    }
  },
  "details": {
    "DNSDialup": {
      "average": 0.0013359376387928716,
      "fastest": 0.00001698,
      "slowest": 0.028360967
    },
    "DNSLookup": {
      "average": 1.8181040818419729e-6,
      "fastest": 8.29e-7,
      "slowest": 0.000190474
    }
  },
  "statusCodeDistribution": {
    "200": 419247
  },
  "errorDistribution": {
    "aborted due to deadline": 97
  }
}