{
  "summary": {
    "successRate": 1.0,
    "total": 15.007222624,
    "slowest": 0.011724481,
    "fastest": 7.697e-6,
    "average": 0.00010090256056009769,
    "requestsPerSec": 984460.7739991103,
    "totalData": 206835076,
    "sizePerRequest": 14,
    "sizePerSec": 13782368.742183058
  },
  "responseTimeHistogram": {
    "0.000007697": 1,
    "0.0011793754000000002": 14771114,
    "0.0023510538000000004": 1651,
    "0.0035227322000000007": 578,
    "0.004694410600000001": 252,
    "0.0058660890000000005": 4,
    "0.007037767400000001": 86,
    "0.0082094458": 151,
    "0.0093811242": 81,
    "0.010552802600000001": 4,
    "0.011724481": 12
  },
  "latencyPercentiles": {
    "p10": 0.000040393,
    "p25": 0.000053109,
    "p50": 0.000072109,
    "p75": 0.000106993,
    "p90": 0.000222317,
    "p95": 0.000295047,
    "p99": 0.000372275,
    "p99.9": 0.000537304,
    "p99.99": 0.001916067
  },
  "firstByteHistogram": {
    "0.000007648": 1,
    "0.0011793211": 14771114,
    "0.0023509941999999995": 1651,
    "0.0035226672999999994": 578,
    "0.004694340399999999": 252,
    "0.005866013499999999": 4,
    "0.007037686599999999": 86,
    "0.0082093597": 151,
    "0.0093810328": 81,
    "0.010552705899999999": 4,
    "0.011724378999999998": 12
  },
  "firstBytePercentiles": {
    "p10": 0.000040344,
    "p25": 0.00005306,
    "p50": 0.000072058,
    "p75": 0.000106942,
    "p90": 0.000222267,
    "p95": 0.000294998,
    "p99": 0.000372228,
    "p99.9": 0.000537261,
    "p99.99": 0.001916023
  },
  "rps": {
    "mean": 984466.9663495722,
    "stddev": 141383.83415597203,
    "max": 1380521.4732058493,
    "min": 272502.1444297952,
    "percentiles": {
      "p10": 805602.4973677332,
      "p25": 902826.0916739822,
      "p50": 992202.9766089328,
      "p75": 1080325.9660076231,
      "p90": 1158113.781553931,
      "p95": 1194970.6227638368,
      "p99": 1272516.4154617887,
      "p99.9": 1362469.6221976904,
      "p99.99": 1380521.4732058493
    }
  },
  "details": {
    "DNSDialup": {
      "average": 0.0018252182600000002,
      "fastest": 0.000021605,
      "slowest": 0.011659382
    },
    "DNSLookup": {
      "average": 5.129779999999999e-6,
      "fastest": 7.38e-7,
      "slowest": 0.000028149
    },
    "firstByte": {
      "average": 0.00010085273853950233,
      "fastest": 7.648e-6,
      "slowest": 0.011724379
    }
  },
  "statusCodeDistribution": {
    "200": 14773934
  },
  "errorDistribution": {
    "aborted due to deadline": 88
  }
}