{
  "summary": {
    "successRate": 0.9101185874527765,
    "total": 15.002634344,
    "slowest": 0.315689033,
    "fastest": 0.000048708,
    "average": 0.0032169476495621224,
    "requestsPerSec": 31994.314397988768,
    "totalData": 6114710,
    "sizePerRequest": 14,
    "sizePerSec": 407575.7536839158
  },
  "responseTimeHistogram": {
    "0.000048708": 1,
    "0.0316127405": 435581,
    "0.06317677299999999": 119,
    "0.09474080549999998": 0,
    "0.126304838": 0,
    "0.1578688705": 0,
    "0.18943290299999999": 0,
    "0.2209969355": 0,
    "0.252560968": 0,
    "0.2841250005": 612,
    "0.315689033": 452
  },
  "latencyPercentiles": {
    "p10": 0.000327111,
    "p25": 0.000424239,
    "p50": 0.001483412,
    "p75": 0.004556441,
    "p90": 0.005584085,
    "p95": 0.00622438,
    "p99": 0.00761807,
    "p99.9": 0.284422329,
    "p99.99": 0.306649994
  },
  "rps": {
    "mean": 38685.59561440938,
    "stddev": 59740.2643570579,
    "max": 308109.9519514571,
    "percentiles": {
      "p10": 19723.194476704204,
      "p25": 20818.86188886992,
      "p50": 21552.28629976676,
      "p75": 22179.15627423263,
      "p90": 30958.454658478495,
      "p95": 228461.59324552666,
      "p99": 286632.7907912872,
      "p99.9": 306429.44229340693,
      "p99.99": 308109.9519514571
    }
  },
  "details": {
    "DNSDialup": {
      "average": 0.0016519913698075288,
      "fastest": 8.743e-6,
      "slowest": 0.309088129
    },
    "DNSLookup": {
      "average": 2.1273863290327666e-6,
      "fastest": 9.28e-7,
      "slowest": 0.006202318
    }
  },
  "statusCodeDistribution": {
    "200": 436765
  },
  "errorDistribution": {
    "Address not available (os error 99)": 43134,
    "aborted due to deadline": 100
  }
}