{
  "summary": {
    "successRate": 1.0,
    "total": 15.0006153,
    "slowest": 0.027428339,
    "fastest": 7.078e-6,
    "average": 0.00008993562735224945,
    "requestsPerSec": 1098842.05883208,
    "totalData": 230764898,
    "sizePerRequest": 14,
    "sizePerSec": 15383695.494144164
  },
  "responseTimeHistogram": {
    "0.000007078": 1,
    "0.0027492041": 16483049,
    "0.005491330199999999": 78,
    "0.0082334563": 0,
    "0.0109755824": 0,
    "0.013717708499999998": 0,
    "0.0164598346": 0,
    "0.0192019607": 0,
    "0.0219440868": 0,
    "0.024686212899999997": 3,
    "0.027428338999999996": 76
  },
  "latencyPercentiles": {
    "p10": 0.000047254,
    "p25": 0.000060922,
    "p50": 0.000080032,
    "p75": 0.000104607,
    "p90": 0.000133582,
    "p95": 0.000157791,
    "p99": 0.000289881,
    "p99.9": 0.000590549,
    "p99.99": 0.000788096
  },
  "rps": {
    "mean": 1099402.778562367,
    "stddev": 136743.46274958638,
    "max": 1244463.895894971,
    "percentiles": {
      "p10": 944909.0425036512,
      "p25": 1070166.578494731,
      "p50": 1139117.9980643652,
      "p75": 1178337.8655301868,
      "p90": 1202385.1288671447,
      "p95": 1212111.2718147265,
      "p99": 1226603.402666929,
      "p99.9": 1237850.770223781,
      "p99.99": 1244463.895894971
    }
  },
  "details": {
    "DNSDialup": {
      "average": 0.008792990539999998,
      "fastest": 0.000145907,
      "slowest": 0.026664341
    },
    "DNSLookup": {
      "average": 0.000036974999999999984,
      "fastest": 5.374e-6,
      "slowest": 0.000441106
    }
  },
  "statusCodeDistribution": {
    "200": 16483207
  },
  "errorDistribution": {
    "aborted due to deadline": 100
  }
}