{
  "summary": {
    "successRate": 1.0,
    "total": 15.001980365,
    "slowest": 0.065763136,
    "fastest": 0.000037775,
    "average": 0.003899021049477485,
    "requestsPerSec": 25613.485063376833,
    "totalData": 5378170,
    "sizePerRequest": 14,
    "sizePerSec": 358497.33629484056
  },
  "responseTimeHistogram": {
    "0.000037775": 1,
    "0.0066103111": 247763,
    "0.0131828472": 132111,
    "0.019755383300000002": 4073,
    "0.0263279194": 191,
    "0.032900455499999995": 1,
    "0.0394729916": 0,
    "0.0460455277": 0,
    "0.052618063799999996": 5,
    "0.059190599899999995": 6,
    "0.065763136": 4
  },
  "latencyPercentiles": {
    "p10": 0.000318633,
    "p25": 0.00050675,
    "p50": 0.001464019,
    "p75": 0.007296024,
    "p90": 0.008770691,
    "p95": 0.010019026,
    "p99": 0.013397773,
    "p99.9": 0.017998153,
    "p99.99": 0.021980429
  },
  "firstByteHistogram": {
    "0.000037731": 1,
    "0.0066102607": 247764,
    "0.0131827904": 132110,
    "0.0197553201": 4073,
    "0.0263278498": 191,
    "0.0329003795": 1,
    "0.0394729092": 0,
    "0.0460454389": 0,
    "0.0526179686": 5,
    "0.059190498300000005": 6,
    "0.065763028": 4
  },
  "firstBytePercentiles": {
    "p10": 0.000318585,
    "p25": 0.000506701,
    "p50": 0.001463974,
    "p75": 0.007295933,
    "p90": 0.008770605,
    "p95": 0.010018973,
    "p99": 0.0133977,
    "p99.9": 0.017998078,
    "p99.99": 0.021980279
  },
  "rps": {
    "mean": 25769.707245640722,
    "stddev": 43409.269995814764,
    "max": 335042.8944220587,
    "min": 46.62799837846471,
    "percentiles": {
      "p10": 12109.361747567516,
      "p25": 12609.308191306742,
      "p50": 13118.627138674183,
      "p75": 13711.763210753808,
      "p90": 33068.37091736267,
      "p95": 138241.54158324795,
      "p99": 216026.5280576481,
      "p99.9": 324726.9675836602,
      "p99.99": 335042.8944220587
    }
  },
  "details": {
    "DNSDialup": {
      "average": 0.00153662560908747,
      "fastest": 8.602e-6,
      "slowest": 0.060799341
    },
    "DNSLookup": {
      "average": 1.4941073915476858e-6,
      "fastest": 7.24e-7,
      "slowest": 0.003917494
    },
    "firstByte": {
      "average": 0.0038989511449075125,
      "fastest": 0.000037731,
      "slowest": 0.065763028
    }
  },
  "statusCodeDistribution": {
    "200": 384155
  },
  "errorDistribution": {
    "aborted due to deadline": 98
  }
}