{
  "summary": {
    "successRate": 1.0,
    "total": 15.001711283,
    "slowest": 0.023274706,
    "fastest": 0.00001287,
    "average": 0.0000917310394954175,
    "requestsPerSec": 1085610.0809282586,
    "totalData": 228002810,
    "sizePerRequest": 14,
    "sizePerSec": 15198453.409670249
  },
  "responseTimeHistogram": {
    "0.00001287": 1,
    "0.0023390535999999996": 16284970,
    "0.004665237199999999": 398,
    "0.0069914207999999985": 166,
    "0.009317604399999999": 155,
    "0.011643787999999999": 113,
    "0.013969971599999997": 88,
    "0.0162961552": 17,
    "0.0186223388": 2,
    "0.0209485224": 3,
    "0.023274706": 2
  },
  "latencyPercentiles": {
    "p10": 0.000051202,
    "p25": 0.000065934,
    "p50": 0.000086102,
    "p75": 0.000110421,
    "p90": 0.000136744,
    "p95": 0.000155579,
    "p99": 0.0002039,
    "p99.9": 0.000302698,
    "p99.99": 0.000852188
  },
  "rps": {
    "mean": 1085656.094605913,
    "stddev": 53306.290278110835,
    "max": 1169137.412397197,
    "min": 191413.55207948724,
    "percentiles": {
      "p10": 1052760.0073205426,
      "p25": 1078084.8763008213,
      "p50": 1094088.619677428,
      "p75": 1106013.8867410198,
      "p90": 1119516.792751863,
      "p95": 1128121.7887436682,
      "p99": 1141864.771086468,
      "p99.9": 1165590.9160914563,
      "p99.99": 1169137.412397197
    }
  },
  "details": {
    "DNSDialup": {
      "average": 0.0033363848199999997,
      "fastest": 0.000055428,
      "slowest": 0.016256365
    },
    "DNSLookup": {
      "average": 6.63304e-6,
      "fastest": 9.49e-7,
      "slowest": 0.000031473
    }
  },
  "statusCodeDistribution": {
    "200": 16285915
  },
  "errorDistribution": {
    "aborted due to deadline": 94
  }
}