{
  "summary": {
    "successRate": 1.0,
    "total": 15.007510105,
    "slowest": 0.024141695,
    "fastest": 0.000033259,
    "average": 0.0002247694452762979,
    "requestsPerSec": 443556.52292929107,
    "totalData": 93192176,
    "sizePerRequest": 14,
    "sizePerSec": 6209702.698714258
  },
  "responseTimeHistogram": {
    "0.000033259": 1,
    "0.0024441026": 6656077,
    "0.0048549462": 440,
    "0.007265789799999999": 16,
    "0.0096766334": 0,
    "0.012087477000000001": 32,
    "0.0144983206": 10,
    "0.0169091642": 0,
    "0.0193200078": 0,
    "0.0217308514": 0,
    "0.024141695": 8
  },
  "latencyPercentiles": {
    "p10": 0.000144648,
    "p25": 0.000175272,
    "p50": 0.000213802,
    "p75": 0.000259648,
    "p90": 0.000312584,
    "p95": 0.000354248,
    "p99": 0.000471903,
    "p99.9": 0.000714093,
    "p99.99": 0.001742067
  },
  "rps": {
    "mean": 443842.3349455469,
    "stddev": 17527.488958585785,
    "max": 486003.6450273377,
    "min": 74.92894113867115,
    "percentiles": {
      "p10": 428828.6886392152,
      "p25": 437623.41285251296,
      "p50": 445599.63607862877,
      "p75": 452415.9220383497,
      "p90": 458425.47105139465,
      "p95": 461657.05573032505,
      "p99": 470128.6742181332,
      "p99.9": 474803.79843039555,
      "p99.99": 486003.6450273377
    }
  },
  "details": {
    "DNSDialup": {
      "average": 0.0001503050183226569,
      "fastest": 0.000020747,
      "slowest": 0.023518391
    },
    "DNSLookup": {
      "average": 5.548333531952927e-6,
      "fastest": 9.83e-7,
      "slowest": 0.000152486
    }
  },
  "statusCodeDistribution": {
    "200": 6656584
  },
  "errorDistribution": {
    "aborted due to deadline": 95
  }
}