{
  "summary": {
    "successRate": 1.0,
    "total": 15.000921945,
    "slowest": 0.046459738,
    "fastest": 0.000024023,
    "average": 0.00019752160263143462,
    "requestsPerSec": 504420.19682144275,
    "totalData": 105933352,
    "sizePerRequest": 14,
    "sizePerSec": 7061789.42790306
  },
  "responseTimeHistogram": {
    "0.000024023": 1,
    "0.0046675945": 7566496,
    "0.009311166000000001": 90,
    "0.013954737500000002": 2,
    "0.018598309000000004": 0,
    "0.023241880500000003": 0,
    "0.027885452000000005": 0,
    "0.032529023500000004": 4,
    "0.037172595": 6,
    "0.0418161665": 61,
    "0.046459738": 8
  },
  "latencyPercentiles": {
    "p10": 0.000122474,
    "p25": 0.000148903,
    "p50": 0.000183727,
    "p75": 0.000228427,
    "p90": 0.000285952,
    "p95": 0.00033119,
    "p99": 0.000432432,
    "p99.9": 0.000738421,
    "p99.99": 0.001462211
  },
  "rps": {
    "mean": 505401.8104022591,
    "stddev": 39175.149417448694,
    "max": 558227.4261590365,
    "percentiles": {
      "p10": 486915.0943679738,
      "p25": 497450.78990578756,
      "p50": 509355.41786944587,
      "p75": 519246.78413525864,
      "p90": 528134.9384767694,
      "p95": 534320.7316443824,
      "p99": 542944.8200247992,
      "p99.9": 552254.4522890003,
      "p99.99": 558227.4261590365
    }
  },
  "details": {
    "DNSDialup": {
      "average": 0.00042701433201996456,
      "fastest": 0.000013034,
      "slowest": 0.037201963
    },
    "DNSLookup": {
      "average": 6.9367705542421954e-6,
      "fastest": 1.159e-6,
      "slowest": 0.000577373
    }
  },
  "statusCodeDistribution": {
    "200": 7566668
  },
  "errorDistribution": {
    "aborted due to deadline": 100
  }
}