{
  "summary": {
    "successRate": 1.0,
    "total": 15.000678789,
    "slowest": 0.043556913,
    "fastest": 0.000025996,
    "average": 0.0002090530177000041,
    "requestsPerSec": 476071.18987420644,
    "totalData": 99978074,
    "sizePerRequest": 14,
    "sizePerSec": 6664903.3291289415
  },
  "responseTimeHistogram": {
    "0.000025996": 1,
    "0.004379087700000001": 7141211,
    "0.008732179400000002": 0,
    "0.013085271100000002": 0,
    "0.017438362800000003": 0,
    "0.0217914545": 0,
    "0.026144546200000004": 0,
    "0.030497637900000006": 0,
    "0.034850729600000005": 0,
    "0.039203821300000004": 3,
    "0.043556913": 76
  },
  "latencyPercentiles": {
    "p10": 0.000126695,
    "p25": 0.000156423,
    "p50": 0.000194859,
    "p75": 0.000242131,
    "p90": 0.000300584,
    "p95": 0.000350243,
    "p99": 0.000492485,
    "p99.9": 0.000803747,
    "p99.99": 0.001505496
  },
  "rps": {
    "mean": 477077.7155820506,
    "stddev": 36017.085748258694,
    "max": 533202.6948390099,
    "percentiles": {
      "p10": 456064.1831059224,
      "p25": 468965.3737731056,
      "p50": 480738.9919783947,
      "p75": 492257.2495181444,
      "p90": 501239.8485679634,
      "p95": 506706.4351717299,
      "p99": 514101.2852532134,
      "p99.9": 524848.0760838425,
      "p99.99": 533202.6948390099
    }
  },
  "details": {
    "DNSDialup": {
      "average": 0.00030430177537137495,
      "fastest": 0.000021019,
      "slowest": 0.041691597
    },
    "DNSLookup": {
      "average": 0.000010220971539636296,
      "fastest": 2.214e-6,
      "slowest": 0.000487821
    }
  },
  "statusCodeDistribution": {
    "200": 7141291
  },
  "errorDistribution": {
    "aborted due to deadline": 100
  }
}