{
  "summary": {
    "successRate": 1.0,
    "total": 15.000873062,
    "slowest": 0.10684251,
    "fastest": 0.000107407,
    "average": 0.0013412045262182512,
    "requestsPerSec": 74451.79993084325,
    "totalData": 15634388,
    "sizePerRequest": 14,
    "sizePerSec": 1042231.8711305418
  },
  "responseTimeHistogram": {
    "0.000107407": 1,
    "0.0107809173": 1116430,
    "0.0214544276": 200,
    "0.03212793789999999": 14,
    "0.042801448199999995": 17,
    "0.053474958499999996": 7,
    "0.0641484688": 0,
    "0.0748219791": 15,
    "0.0854954894": 3,
    "0.0961689997": 39,
    "0.10684251": 16
  },
  "latencyPercentiles": {
    "p10": 0.000207705,
    "p25": 0.001127673,
    "p50": 0.001239663,
    "p75": 0.001526939,
    "p90": 0.002329027,
    "p95": 0.002876464,
    "p99": 0.004186534,
    "p99.9": 0.006611627,
    "p99.99": 0.021262433
  },
  "rps": {
    "mean": 74559.8011437008,
    "stddev": 7264.175033988753,
    "max": 82381.95356740132,
    "percentiles": {
      "p10": 71609.2375916456,
      "p25": 73587.3334473342,
      "p50": 75644.99364221816,
      "p75": 77194.79334152468,
      "p90": 78303.21826226034,
      "p95": 78867.43954755767,
      "p99": 80080.68128640174,
      "p99.9": 81693.25284812346,
      "p99.99": 82381.95356740132
    }
  },
  "details": {
    "DNSDialup": {
      "average": 0.00003267710994750955,
      "fastest": 9.634e-6,
      "slowest": 0.027784268
    },
    "DNSLookup": {
      "average": 3.5633403785295845e-6,
      "fastest": 1.165e-6,
      "slowest": 0.001785899
    }
  },
  "statusCodeDistribution": {
    "200": 1116742
  },
  "errorDistribution": {
    "aborted due to deadline": 100
  }
}