{
  "summary": {
    "successRate": 1.0,
    "total": 15.004211819,
    "slowest": 0.013923211,
    "fastest": 0.000026323,
    "average": 0.0002422377716067525,
    "requestsPerSec": 411338.7677041831,
    "totalData": 80232347,
    "sizePerRequest": 13,
    "sizePerSec": 5347321.669932764
  },
  "responseTimeHistogram": {
    "0.000026323": 1,
    "0.0014160117999999998": 6169982,
    "0.0028057005999999997": 1553,
    "0.004195389399999999": 148,
    "0.0055850781999999995": 2,
    "0.006974767": 0,
    "0.008364455799999998": 11,
    "0.009754144599999999": 0,
    "0.011143833399999999": 0,
    "0.0125335222": 0,
    "0.013923211": 22
  },
  "latencyPercentiles": {
    "p10": 0.000126094,
    "p25": 0.000155975,
    "p50": 0.000198798,
    "p75": 0.000270145,
    "p90": 0.000408105,
    "p95": 0.000542391,
    "p99": 0.000859333,
    "p99.9": 0.001218717,
    "p99.99": 0.001947856
  },
  "firstByteHistogram": {
    "0.000026278": 1,
    "0.0014159650000000001": 6169982,
    "0.002805652": 1553,
    "0.004195339": 148,
    "0.005585026000000001": 2,
    "0.006974713000000001": 0,
    "0.0083644": 11,
    "0.009754087": 0,
    "0.011143774": 0,
    "0.012533461000000001": 0,
    "0.013923148000000002": 22
  },
  "firstBytePercentiles": {
    "p10": 0.000126043,
    "p25": 0.000155925,
    "p50": 0.000198749,
    "p75": 0.000270096,
    "p90": 0.000408055,
    "p95": 0.00054234,
    "p99": 0.000859286,
    "p99.9": 0.001218671,
    "p99.99": 0.001947806
  },
  "rps": {
    "mean": 411553.51691740117,
    "stddev": 43218.786033916345,
    "max": 506741.98910534807,
    "min": 70.60706329054757,
    "percentiles": {
      "p10": 358412.0068022103,
      "p25": 386339.9089125897,
      "p50": 415897.59294640255,
      "p75": 442295.4061104121,
      "p90": 462202.655209769,
      "p95": 472066.98630537477,
      "p99": 488362.8368787914,
      "p99.9": 503410.0274673725,
      "p99.99": 506741.98910534807
    }
  },
  "details": {
    "DNSDialup": {
      "average": 0.003774922839999999,
      "fastest": 0.000025928,
      "slowest": 0.013210029
    },
    "DNSLookup": {
      "average": 4.97604e-6,
      "fastest": 7.97e-7,
      "slowest": 0.000021987
    },
    "firstByte": {
      "average": 0.0002421877924540974,
      "fastest": 0.000026278,
      "slowest": 0.013923148
    }
  },
  "statusCodeDistribution": {
    "200": 6171719
  },
  "errorDistribution": {
    "aborted due to deadline": 95
  }
}