{
  "summary": {
    "successRate": 1.0,
    "total": 15.000802499,
    "slowest": 0.1203421,
    "fastest": 0.000101127,
    "average": 0.0013433716972241602,
    "requestsPerSec": 74354.28871717725,
    "totalData": 15613836,
    "sizePerRequest": 14,
    "sizePerSec": 1040866.7137002081
  },
  "responseTimeHistogram": {
    "0.000101127": 1,
    "0.012125224299999997": 1114936,
    "0.024149321599999996": 200,
    "0.0361734189": 11,
    "0.04819751619999999": 35,
    "0.060221613499999986": 32,
    "0.0722457108": 5,
    "0.0842698081": 0,
    "0.09629390539999999": 32,
    "0.10831800269999999": 19,
    "0.12034209999999998": 3
  },
  "latencyPercentiles": {
    "p10": 0.00018631,
    "p25": 0.001131924,
    "p50": 0.001236528,
    "p75": 0.001542699,
    "p90": 0.002341279,
    "p95": 0.002867697,
    "p99": 0.0042113,
    "p99.9": 0.007249529,
    "p99.99": 0.040240979
  },
  "rps": {
    "mean": 74569.15427406698,
    "stddev": 7412.980532745737,
    "max": 83092.99178271389,
    "percentiles": {
      "p10": 71342.27029514954,
      "p25": 73483.0799702109,
      "p50": 75708.25219948827,
      "p75": 77409.20395435707,
      "p90": 78505.99000704674,
      "p95": 79180.51866943183,
      "p99": 80577.95110989975,
      "p99.9": 82830.67219792373,
      "p99.99": 83092.99178271389
    }
  },
  "details": {
    "DNSDialup": {
      "average": 0.00002669135773720229,
      "fastest": 8.145e-6,
      "slowest": 0.040667168
    },
    "DNSLookup": {
      "average": 2.1639529963040074e-6,
      "fastest": 9.32e-7,
      "slowest": 0.001316214
    }
  },
  "statusCodeDistribution": {
    "200": 1115274
  },
  "errorDistribution": {
    "aborted due to deadline": 100
  }
}