{
  "summary": {
    "successRate": 1.0,
    "total": 15.0010244,
    "slowest": 0.084501395,
    "fastest": 0.000105373,
    "average": 0.0013310297024051742,
    "requestsPerSec": 75024.34300420177,
    "totalData": 15754788,
    "sizePerRequest": 14,
    "sizePerSec": 1050247.4750991005
  },
  "responseTimeHistogram": {
    "0.000105373": 1,
    "0.0085449752": 1124921,
    "0.0169845774": 260,
    "0.0254241796": 33,
    "0.0338637818": 10,
    "0.042303384": 31,
    "0.0507429862": 15,
    "0.0591825884": 9,
    "0.0676221906": 7,
    "0.07606179280000001": 39,
    "0.084501395": 16
  },
  "latencyPercentiles": {
    "p10": 0.000206886,
    "p25": 0.001116812,
    "p50": 0.001230736,
    "p75": 0.001520605,
    "p90": 0.002313305,
    "p95": 0.002869535,
    "p99": 0.004166709,
    "p99.9": 0.00688121,
    "p99.99": 0.035669848
  },
  "rps": {
    "mean": 75217.27070062036,
    "stddev": 6855.698454230729,
    "max": 84608.20699606811,
    "percentiles": {
      "p10": 72003.07025904876,
      "p25": 74036.73387299606,
      "p50": 76173.6294302052,
      "p75": 77844.49591386248,
      "p90": 78986.47439216543,
      "p95": 79693.53630355686,
      "p99": 81539.48143694452,
      "p99.9": 83218.09161311494,
      "p99.99": 84608.20699606811
    }
  },
  "details": {
    "DNSDialup": {
      "average": 0.00003243159653598756,
      "fastest": 9.392e-6,
      "slowest": 0.02387346
    },
    "DNSLookup": {
      "average": 3.5705738264456057e-6,
      "fastest": 1.186e-6,
      "slowest": 0.001295035
    }
  },
  "statusCodeDistribution": {
    "200": 1125342
  },
  "errorDistribution": {
    "aborted due to deadline": 100
  }
}