{
  "summary": {
    "successRate": 1.0,
    "total": 15.002331145,
    "slowest": 0.059082698,
    "fastest": 0.000142751,
    "average": 0.0017546473185885887,
    "requestsPerSec": 56908.22257876511,
    "totalData": 11951226,
    "sizePerRequest": 14,
    "sizePerSec": 796624.5968369471
  },
  "responseTimeHistogram": {
    "0.000142751": 1,
    "0.0060367457": 847251,
    "0.0119307404": 6241,
    "0.0178247351": 49,
    "0.0237187298": 25,
    "0.029612724500000003": 4,
    "0.035506719199999995": 37,
    "0.0414007139": 27,
    "0.0472947086": 11,
    "0.0531887033": 0,
    "0.059082698": 13
  },
  "latencyPercentiles": {
    "p10": 0.000247793,
    "p25": 0.001475015,
    "p50": 0.001646766,
    "p75": 0.001894905,
    "p90": 0.003127081,
    "p95": 0.004221187,
    "p99": 0.00584374,
    "p99.9": 0.008590951,
    "p99.99": 0.032887936
  },
  "rps": {
    "mean": 56945.555224806114,
    "stddev": 6638.145401165026,
    "max": 63611.15739700539,
    "min": 46.165638988765686,
    "percentiles": {
      "p10": 46031.00648596792,
      "p25": 56918.46434982721,
      "p50": 58932.112107886824,
      "p75": 60336.2137955167,
      "p90": 61394.78126331651,
      "p95": 62142.343793060674,
      "p99": 62773.4367283372,
      "p99.9": 63574.89758685118,
      "p99.99": 63611.15739700539
    }
  },
  "details": {
    "DNSDialup": {
      "average": 0.000044389528848168726,
      "fastest": 0.000013253,
      "slowest": 0.023523303
    },
    "DNSLookup": {
      "average": 2.3220247464150755e-6,
      "fastest": 8.28e-7,
      "slowest": 0.000182595
    }
  },
  "statusCodeDistribution": {
    "200": 853659
  },
  "errorDistribution": {
    "aborted due to deadline": 97
  }
}