{
  "summary": {
    "successRate": 1.0,
    "total": 15.000233118,
    "slowest": 0.11913283,
    "fastest": 0.000108852,
    "average": 0.0013331829792333596,
    "requestsPerSec": 74898.16932590421,
    "totalData": 15727460,
    "sizePerRequest": 14,
    "sizePerSec": 1048481.038679815
  },
  "responseTimeHistogram": {
    "0.000108852": 1,
    "0.012011249799999998": 1122997,
    "0.023913647599999997": 205,
    "0.035816045399999996": 14,
    "0.047718443199999995": 40,
    "0.059620840999999994": 85,
    "0.0715232388": 38,
    "0.0834256366": 5,
    "0.0953280344": 0,
    "0.10723043219999999": 3,
    "0.11913283": 2
  },
  "latencyPercentiles": {
    "p10": 0.00020855,
    "p25": 0.001111148,
    "p50": 0.00122864,
    "p75": 0.001531447,
    "p90": 0.002309351,
    "p95": 0.002866825,
    "p99": 0.004154642,
    "p99.9": 0.007099403,
    "p99.99": 0.050919657
  },
  "rps": {
    "mean": 75155.49202328952,
    "stddev": 7333.092358268472,
    "max": 83511.37076404787,
    "percentiles": {
      "p10": 72134.06115264945,
      "p25": 74137.74050809666,
      "p50": 76262.2070823179,
      "p75": 77848.48403586047,
      "p90": 78801.96154724783,
      "p95": 79407.17586527654,
      "p99": 80918.95121837473,
      "p99.9": 82753.01860670428,
      "p99.99": 83511.37076404787
    }
  },
  "details": {
    "DNSDialup": {
      "average": 0.00003386961240085892,
      "fastest": 9.56e-6,
      "slowest": 0.034592628
    },
    "DNSLookup": {
      "average": 3.602223304462325e-6,
      "fastest": 1.191e-6,
      "slowest": 0.001212489
    }
  },
  "statusCodeDistribution": {
    "200": 1123390
  },
  "errorDistribution": {
    "aborted due to deadline": 100
  }
}