{
  "summary": {
    "successRate": 1.0,
    "total": 15.001007161,
    "slowest": 0.035225992,
    "fastest": 0.000023967,
    "average": 0.00020803499423826093,
    "requestsPerSec": 478429.8762724922,
    "totalData": 100475620,
    "sizePerRequest": 14,
    "sizePerSec": 6697924.940747917
  },
  "responseTimeHistogram": {
    "0.000023967": 1,
    "0.0035441695": 7176750,
    "0.007064371999999999": 0,
    "0.010584574499999999": 0,
    "0.014104776999999999": 0,
    "0.0176249795": 0,
    "0.021145182": 0,
    "0.0246653845": 0,
    "0.028185586999999998": 0,
    "0.0317057895": 1,
    "0.035225992": 78
  },
  "latencyPercentiles": {
    "p10": 0.000126127,
    "p25": 0.000155875,
    "p50": 0.000194318,
    "p75": 0.000241306,
    "p90": 0.000298771,
    "p95": 0.000346889,
    "p99": 0.00048505,
    "p99.9": 0.000811472,
    "p99.99": 0.00160709
  },
  "rps": {
    "mean": 479244.2246297249,
    "stddev": 37450.986667372694,
    "max": 528779.3541327127,
    "percentiles": {
      "p10": 457979.8945025672,
      "p25": 471658.7215108374,
      "p50": 484013.2135607591,
      "p75": 493611.5505102836,
      "p90": 502503.6180260474,
      "p95": 507909.8758152165,
      "p99": 517559.9852022946,
      "p99.9": 524935.9584132065,
      "p99.99": 528779.3541327127
    }
  },
  "details": {
    "DNSDialup": {
      "average": 0.0001905621923980643,
      "fastest": 0.000020028,
      "slowest": 0.032748806
    },
    "DNSLookup": {
      "average": 0.000011644819212163101,
      "fastest": 2.244e-6,
      "slowest": 0.002151149
    }
  },
  "statusCodeDistribution": {
    "200": 7176830
  },
  "errorDistribution": {
    "aborted due to deadline": 100
  }
}