{
  "summary": {
    "successRate": 1.0,
    "total": 15.000752042,
    "slowest": 0.046576719,
    "fastest": 0.000023772,
    "average": 0.00020930860359593922,
    "requestsPerSec": 475468.02853819216,
    "totalData": 99851892,
    "sizePerRequest": 14,
    "sizePerSec": 6656459.070880494
  },
  "responseTimeHistogram": {
    "0.000023772": 1,
    "0.004679066700000001": 7132198,
    "0.009334361400000001": 0,
    "0.013989656100000003": 0,
    "0.0186449508": 0,
    "0.0233002455": 0,
    "0.027955540200000004": 0,
    "0.0326108349": 0,
    "0.0372661296": 0,
    "0.0419214243": 3,
    "0.046576719": 76
  },
  "latencyPercentiles": {
    "p10": 0.000127077,
    "p25": 0.000156894,
    "p50": 0.000195409,
    "p75": 0.000242569,
    "p90": 0.000300429,
    "p95": 0.000348841,
    "p99": 0.000485832,
    "p99.9": 0.000810073,
    "p99.99": 0.00157297
  },
  "rps": {
    "mean": 476246.26649847627,
    "stddev": 39262.76114772112,
    "max": 525597.3201843442,
    "percentiles": {
      "p10": 456214.96385081613,
      "p25": 468653.99588851706,
      "p50": 479829.9859432177,
      "p75": 491461.7275929527,
      "p90": 500453.44842828024,
      "p95": 505739.53353726974,
      "p99": 512223.6647333006,
      "p99.9": 523585.2920440737,
      "p99.99": 525597.3201843442
    }
  },
  "details": {
    "DNSDialup": {
      "average": 0.0002122739302519848,
      "fastest": 0.000018157,
      "slowest": 0.04415815
    },
    "DNSLookup": {
      "average": 9.956066824446578e-6,
      "fastest": 1.407e-6,
      "slowest": 0.000434766
    }
  },
  "statusCodeDistribution": {
    "200": 7132278
  },
  "errorDistribution": {
    "aborted due to deadline": 100
  }
}