{
  "summary": {
    "successRate": 0.9742925373942104,
    "total": 15.000799578,
    "slowest": 0.077015822,
    "fastest": 0.000068253,
    "average": 0.0031897104014757616,
    "requestsPerSec": 29568.490512366207,
    "totalData": 6048714,
    "sizePerRequest": 14,
    "sizePerSec": 403226.105951777
  },
  "responseTimeHistogram": {
    "0.000068253": 1,
    "0.007763009899999999": 427469,
    "0.0154577668": 4388,
    "0.0231525237": 94,
    "0.0308472806": 16,
    "0.038542037499999994": 3,
    "0.046236794399999996": 3,
    "0.05393155129999999": 65,
    "0.06162630819999999": 9,
    "0.0693210651": 2,
    "0.077015822": 1
  },
  "latencyPercentiles": {
    "p10": 0.000196542,
    "p25": 0.001106954,
    "p50": 0.003075043,
    "p75": 0.005122795,
    "p90": 0.006043659,
    "p95": 0.006591541,
    "p99": 0.007814737,
    "p99.9": 0.012496312,
    "p99.99": 0.048985785
  },
  "rps": {
    "mean": 30851.798688854185,
    "stddev": 25408.90841558985,
    "max": 92477.72752998672,
    "percentiles": {
      "p10": 17701.572280408604,
      "p25": 18656.66723380277,
      "p50": 19409.651408725415,
      "p75": 20676.835119303272,
      "p90": 83246.28036384945,
      "p95": 85040.95538355068,
      "p99": 87627.74294341725,
      "p99.9": 90094.5050269059,
      "p99.99": 92477.72752998672
    }
  },
  "details": {
    "DNSDialup": {
      "average": 0.0019304076980000005,
      "fastest": 0.000010853,
      "slowest": 0.047291411
    },
    "DNSLookup": {
      "average": 0.000015816954666666672,
      "fastest": 1.344e-6,
      "slowest": 0.002660491
    }
  },
  "statusCodeDistribution": {
    "200": 432051
  },
  "errorDistribution": {
    "aborted due to deadline": 100,
    "connection closed before message completed": 11400
  }
}