{
  "summary": {
    "successRate": 0.9999992905139587,
    "total": 15.002378726,
    "slowest": 0.037472673,
    "fastest": 0.000115705,
    "average": 0.0010620837938693439,
    "requestsPerSec": 93956.50021533792,
    "totalData": 18323110,
    "sizePerRequest": 13,
    "sizePerSec": 1221346.9833450464
  },
  "responseTimeHistogram": {
    "0.000115705": 1,
    "0.0038514017999999994": 1409274,
    "0.007587098599999999": 43,
    "0.011322795399999998": 19,
    "0.015058492199999999": 48,
    "0.018794189": 4,
    "0.022529885799999996": 12,
    "0.026265582599999997": 31,
    "0.030001279399999997": 0,
    "0.0337369762": 0,
    "0.037472673": 38
  },
  "latencyPercentiles": {
    "p10": 0.000675998,
    "p25": 0.000826006,
    "p50": 0.001023017,
    "p75": 0.001251781,
    "p90": 0.001487388,
    "p95": 0.001644963,
    "p99": 0.001979382,
    "p99.9": 0.002532694,
    "p99.99": 0.01065301
  },
  "firstByteHistogram": {
    "0.000115647": 1,
    "0.0038513422": 1409274,
    "0.0075870374": 43,
    "0.0113227326": 19,
    "0.0150584278": 48,
    "0.018794123": 4,
    "0.0225298182": 12,
    "0.0262655134": 31,
    "0.0300012086": 0,
    "0.0337369038": 0,
    "0.037472599": 38
  },
  "firstBytePercentiles": {
    "p10": 0.000675927,
    "p25": 0.000825937,
    "p50": 0.001022947,
    "p75": 0.001251705,
    "p90": 0.00148731,
    "p95": 0.001644899,
    "p99": 0.001979327,
    "p99.9": 0.002532627,
    "p99.99": 0.01065295
  },
  "rps": {
    "mean": 93926.22170904453,
    "stddev": 6902.393849859345,
    "max": 116096.3832173468,
    "min": 72.92748120440027,
    "percentiles": {
      "p10": 87762.08289743568,
      "p25": 90847.5041599241,
      "p50": 94215.10268097291,
      "p75": 97544.48028301804,
      "p90": 99995.53339871221,
      "p95": 102025.83794264997,
      "p99": 107408.08782901365,
      "p99.9": 113895.65613550103,
      "p99.99": 116096.3832173468
    }
  },
  "details": {
    "DNSDialup": {
      "average": 0.000028335483424266034,
      "fastest": 6.603e-6,
      "slowest": 0.014914609
    },
    "DNSLookup": {
      "average": 1.7078378638779062e-6,
      "fastest": 7.25e-7,
      "slowest": 0.000993562
    },
    "firstByte": {
      "average": 0.0010620143761718957,
      "fastest": 0.000115647,
      "slowest": 0.037472599
    }
  },
  "statusCodeDistribution": {
    "200": 1409470
  },
  "errorDistribution": {
    "aborted due to deadline": 100,
    "connection closed before message completed": 1
  }
}