{
  "summary": {
    "successRate": 1.0,
    "total": 15.000860156,
    "slowest": 0.115736223,
    "fastest": 0.000105574,
    "average": 0.0013403177078322257,
    "requestsPerSec": 74501.59446710064,
    "totalData": 15644832,
    "sizePerRequest": 14,
    "sizePerSec": 1042928.9945578505
  },
  "responseTimeHistogram": {
    "0.000105574": 1,
    "0.0116686389": 1117184,
    "0.0232317038": 172,
    "0.03479476869999999": 11,
    "0.046357833599999995": 20,
    "0.0579208985": 3,
    "0.06948396339999999": 19,
    "0.08104702829999999": 22,
    "0.0926100932": 5,
    "0.1041731581": 41,
    "0.115736223": 10
  },
  "latencyPercentiles": {
    "p10": 0.000206798,
    "p25": 0.001119567,
    "p50": 0.001235571,
    "p75": 0.001530611,
    "p90": 0.002324687,
    "p95": 0.002895336,
    "p99": 0.004192934,
    "p99.9": 0.007031936,
    "p99.99": 0.04244079
  },
  "rps": {
    "mean": 74748.83031065184,
    "stddev": 7195.168783103998,
    "max": 82108.20260943925,
    "percentiles": {
      "p10": 71525.20548240264,
      "p25": 73704.0094981227,
      "p50": 75914.58547531886,
      "p75": 77435.24038620607,
      "p90": 78430.40746897162,
      "p95": 79069.23302043218,
      "p99": 80156.91140710017,
      "p99.9": 81912.03570882905,
      "p99.99": 82108.20260943925
    }
  },
  "details": {
    "DNSDialup": {
      "average": 0.00003284642679116119,
      "fastest": 9.887e-6,
      "slowest": 0.028635206
    },
    "DNSLookup": {
      "average": 3.5494331572239815e-6,
      "fastest": 1.176e-6,
      "slowest": 0.001746699
    }
  },
  "statusCodeDistribution": {
    "200": 1117488
  },
  "errorDistribution": {
    "aborted due to deadline": 100
  }
}