{
  "summary": {
    "successRate": 1.0,
    "total": 15.001041416,
    "slowest": 0.07983945,
    "fastest": 0.000093433,
    "average": 0.0012952063963575474,
    "requestsPerSec": 77099.38049810394,
    "totalData": 16190594,
    "sizePerRequest": 14,
    "sizePerSec": 1079298.000119594
  },
  "responseTimeHistogram": {
    "0.000093433": 1,
    "0.0080680347": 1155914,
    "0.0160426364": 370,
    "0.0240172381": 38,
    "0.0319918398": 52,
    "0.0399664415": 45,
    "0.0479410432": 6,
    "0.0559156449": 10,
    "0.0638902466": 26,
    "0.0718648483": 7,
    "0.07983945": 2
  },
  "latencyPercentiles": {
    "p10": 0.000183642,
    "p25": 0.001083205,
    "p50": 0.001186825,
    "p75": 0.001502711,
    "p90": 0.002255376,
    "p95": 0.002864739,
    "p99": 0.004108937,
    "p99.9": 0.006944763,
    "p99.99": 0.030109228
  },
  "rps": {
    "mean": 77177.57638758632,
    "stddev": 7479.293706888889,
    "max": 85308.4426487638,
    "percentiles": {
      "p10": 73903.45868186525,
      "p25": 76147.67318260872,
      "p50": 78277.3223390096,
      "p75": 80107.12953452964,
      "p90": 81116.11658856168,
      "p95": 81648.13420989989,
      "p99": 82756.62208082493,
      "p99.9": 84246.02360270283,
      "p99.99": 85308.4426487638
    }
  },
  "details": {
    "DNSDialup": {
      "average": 0.00003123980746944752,
      "fastest": 9.651e-6,
      "slowest": 0.024812989
    },
    "DNSLookup": {
      "average": 3.4180724713373856e-6,
      "fastest": 1.163e-6,
      "slowest": 0.001372199
    }
  },
  "statusCodeDistribution": {
    "200": 1156471
  },
  "errorDistribution": {
    "aborted due to deadline": 100
  }
}