{
  "summary": {
    "successRate": 1.0,
    "total": 15.000607818,
    "slowest": 0.082257079,
    "fastest": 0.00010769,
    "average": 0.0013381655276834097,
    "requestsPerSec": 74624.90944245283,
    "totalData": 15670466,
    "sizePerRequest": 14,
    "sizePerSec": 1044655.4026428317
  },
  "responseTimeHistogram": {
    "0.00010769": 1,
    "0.0083226289": 1118878,
    "0.0165375678": 281,
    "0.0247525067": 32,
    "0.0329674456": 9,
    "0.041182384499999995": 42,
    "0.0493973234": 14,
    "0.0576122623": 2,
    "0.06582720119999999": 13,
    "0.07404214009999999": 42,
    "0.08225707899999998": 5
  },
  "latencyPercentiles": {
    "p10": 0.000206613,
    "p25": 0.001120557,
    "p50": 0.001234265,
    "p75": 0.001536565,
    "p90": 0.002324339,
    "p95": 0.00289725,
    "p99": 0.004202597,
    "p99.9": 0.007014234,
    "p99.99": 0.035428067
  },
  "rps": {
    "mean": 74788.73173314214,
    "stddev": 6824.615376187319,
    "max": 84301.72430145058,
    "percentiles": {
      "p10": 71546.69853013239,
      "p25": 73718.62869748265,
      "p50": 75803.98093229078,
      "p75": 77419.63361908915,
      "p90": 78405.19826464498,
      "p95": 78949.85683458774,
      "p99": 80325.82803293368,
      "p99.9": 81646.00752524179,
      "p99.99": 84301.72430145058
    }
  },
  "details": {
    "DNSDialup": {
      "average": 0.00003189367622902737,
      "fastest": 9.457e-6,
      "slowest": 0.029305168
    },
    "DNSLookup": {
      "average": 3.5330427563544485e-6,
      "fastest": 1.188e-6,
      "slowest": 0.001012186
    }
  },
  "statusCodeDistribution": {
    "200": 1119319
  },
  "errorDistribution": {
    "aborted due to deadline": 100
  }
}