{
  "summary": {
    "successRate": 1.0,
    "total": 15.000655665,
    "slowest": 0.082791924,
    "fastest": 0.000096632,
    "average": 0.0012807552227743866,
    "requestsPerSec": 77969.72519867518,
    "totalData": 16372958,
    "sizePerRequest": 14,
    "sizePerSec": 1091482.8235276341
  },
  "responseTimeHistogram": {
    "0.000096632": 1,
    "0.0083661612": 1169076,
    "0.0166356904": 256,
    "0.0249052196": 44,
    "0.0331747488": 19,
    "0.041444278": 36,
    "0.0497138072": 5,
    "0.0579833364": 14,
    "0.0662528656": 39,
    "0.0745223948": 5,
    "0.082791924": 2
  },
  "latencyPercentiles": {
    "p10": 0.000182934,
    "p25": 0.00107365,
    "p50": 0.001177415,
    "p75": 0.001477132,
    "p90": 0.002230955,
    "p95": 0.002812345,
    "p99": 0.004055031,
    "p99.9": 0.006913314,
    "p99.99": 0.025870739
  },
  "rps": {
    "mean": 78012.39603178769,
    "stddev": 7811.9799138542185,
    "max": 86279.6169064766,
    "percentiles": {
      "p10": 74578.25496293088,
      "p25": 76876.35359438638,
      "p50": 79214.67055698903,
      "p75": 81020.79803885208,
      "p90": 82140.99657139016,
      "p95": 82723.8079119196,
      "p99": 83811.59952536813,
      "p99.9": 85873.79994367796,
      "p99.99": 86279.6169064766
    }
  },
  "details": {
    "DNSDialup": {
      "average": 0.00003102604833787403,
      "fastest": 9.34e-6,
      "slowest": 0.025445771
    },
    "DNSLookup": {
      "average": 3.3876433304232728e-6,
      "fastest": 1.185e-6,
      "slowest": 0.001883951
    }
  },
  "statusCodeDistribution": {
    "200": 1169497
  },
  "errorDistribution": {
    "aborted due to deadline": 100
  }
}