{
  "summary": {
    "successRate": 1.0,
    "total": 15.000555768,
    "slowest": 0.062646563,
    "fastest": 0.000056544,
    "average": 0.00048075715461170306,
    "requestsPerSec": 207346.38423431513,
    "totalData": 43542954,
    "sizePerRequest": 14,
    "sizePerSec": 2902756.049405062
  },
  "responseTimeHistogram": {
    "0.000056544": 1,
    "0.0063155459": 3110031,
    "0.0125745478": 0,
    "0.0188335497": 0,
    "0.0250925516": 0,
    "0.0313515535": 0,
    "0.0376105554": 0,
    "0.0438695573": 16,
    "0.0501285592": 85,
    "0.0563875611": 6,
    "0.062646563": 72
  },
  "latencyPercentiles": {
    "p10": 0.000319935,
    "p25": 0.000377505,
    "p50": 0.00045405,
    "p75": 0.000549303,
    "p90": 0.000657357,
    "p95": 0.000736467,
    "p99": 0.000931423,
    "p99.9": 0.001890801,
    "p99.99": 0.004397502
  },
  "rps": {
    "mean": 208395.3282561976,
    "stddev": 18136.66958350668,
    "max": 231165.58390775367,
    "percentiles": {
      "p10": 200107.63789843148,
      "p25": 205336.13916049583,
      "p50": 210420.73134719182,
      "p75": 214971.30598217982,
      "p90": 218710.2137669974,
      "p95": 220791.62852581553,
      "p99": 225222.97174258906,
      "p99.9": 227870.49463722834,
      "p99.99": 231165.58390775367
    }
  },
  "details": {
    "DNSDialup": {
      "average": 0.00010010409803772234,
      "fastest": 9.6e-6,
      "slowest": 0.05890113
    },
    "DNSLookup": {
      "average": 2.8580426581990933e-6,
      "fastest": 1.157e-6,
      "slowest": 0.002238248
    }
  },
  "statusCodeDistribution": {
    "200": 3110211
  },
  "errorDistribution": {
    "aborted due to deadline": 100
  }
}