{
  "summary": {
    "successRate": 1.0,
    "total": 15.000317286,
    "slowest": 0.12343548,
    "fastest": 0.000088475,
    "average": 0.0012958438658275113,
    "requestsPerSec": 77031.77059317571,
    "totalData": 16175614,
    "sizePerRequest": 14,
    "sizePerSec": 1078351.4569453087
  },
  "responseTimeHistogram": {
    "0.000088475": 1,
    "0.0124231755": 1155067,
    "0.024757876": 187,
    "0.037092576499999995": 6,
    "0.049427277": 1,
    "0.0617619775": 78,
    "0.074096678": 20,
    "0.0864313785": 2,
    "0.098766079": 0,
    "0.11110077950000001": 18,
    "0.12343548000000001": 21
  },
  "latencyPercentiles": {
    "p10": 0.000186135,
    "p25": 0.00108124,
    "p50": 0.001185186,
    "p75": 0.001486311,
    "p90": 0.002246556,
    "p95": 0.002847462,
    "p99": 0.004093283,
    "p99.9": 0.006953835,
    "p99.99": 0.052479458
  },
  "rps": {
    "mean": 77383.93409565161,
    "stddev": 7678.588991928491,
    "max": 86637.11189328172,
    "percentiles": {
      "p10": 73932.40457292792,
      "p25": 76231.0260275891,
      "p50": 78675.24911740427,
      "p75": 80339.49489569127,
      "p90": 81430.90547556515,
      "p95": 81980.1913353368,
      "p99": 83450.5435669509,
      "p99.9": 86344.66609577244,
      "p99.99": 86637.11189328172
    }
  },
  "details": {
    "DNSDialup": {
      "average": 0.00003226241928906107,
      "fastest": 9.652e-6,
      "slowest": 0.052917863
    },
    "DNSLookup": {
      "average": 3.4414051173575026e-6,
      "fastest": 1.168e-6,
      "slowest": 0.001410205
    }
  },
  "statusCodeDistribution": {
    "200": 1155401
  },
  "errorDistribution": {
    "aborted due to deadline": 100
  }
}