{
  "summary": {
    "successRate": 1.0,
    "total": 15.000864252,
    "slowest": 0.004110342,
    "fastest": 0.000067981,
    "average": 0.0005715018719963196,
    "requestsPerSec": 174840.32625988996,
    "totalData": 36717660,
    "sizePerRequest": 14,
    "sizePerSec": 2447702.97118745
  },
  "responseTimeHistogram": {
    "0.000067981": 1,
    "0.0004722171": 13252,
    "0.0008764532": 2591224,
    "0.0012806892999999999": 17351,
    "0.0016849254": 614,
    "0.0020891615": 30,
    "0.0024933976": 81,
    "0.0028976337": 113,
    "0.0033018698": 17,
    "0.0037061059": 3,
    "0.004110342": 4
  },
  "latencyPercentiles": {
    "p10": 0.000542305,
    "p25": 0.000548408,
    "p50": 0.000554865,
    "p75": 0.000562188,
    "p90": 0.000627511,
    "p95": 0.000709129,
    "p99": 0.00084814,
    "p99.9": 0.00117814,
    "p99.99": 0.001571633
  },
  "rps": {
    "mean": 174835.44993995808,
    "stddev": 5456.222588425145,
    "max": 185468.25680256906,
    "min": 55740.3002370714,
    "percentiles": {
      "p10": 171437.11613564222,
      "p25": 173483.6497916757,
      "p50": 175548.33834589322,
      "p75": 177231.68314054824,
      "p90": 178461.4719397973,
      "p95": 179100.68058258272,
      "p99": 180563.55446763773,
      "p99.9": 182465.29531102473,
      "p99.99": 185468.25680256906
    }
  },
  "details": {
    "DNSDialup": {
      "average": 0.000013361604750847632,
      "fastest": 6.358e-6,
      "slowest": 0.002347821
    },
    "DNSLookup": {
      "average": 6.968628171838781e-7,
      "fastest": 5.7e-7,
      "slowest": 0.000324242
    }
  },
  "statusCodeDistribution": {
    "200": 2622690
  },
  "errorDistribution": {
    "aborted due to deadline": 66
  }
}