{
  "summary": {
    "successRate": 1.0,
    "total": 15.001007882,
    "slowest": 0.007710735,
    "fastest": 0.000011023,
    "average": 0.0001803654894232953,
    "requestsPerSec": 552914.3151742796,
    "totalData": 116119556,
    "sizePerRequest": 14,
    "sizePerSec": 7740783.613568666
  },
  "responseTimeHistogram": {
    "0.000011023": 1,
    "0.0007809942": 8294076,
    "0.0015509654": 80,
    "0.0023209366": 34,
    "0.0030909078": 4,
    "0.0038608790000000002": 12,
    "0.0046308502": 30,
    "0.005400821399999999": 6,
    "0.0061707926": 6,
    "0.0069407638": 4,
    "0.007710735": 1
  },
  "latencyPercentiles": {
    "p10": 0.000173206,
    "p25": 0.000176033,
    "p50": 0.000178853,
    "p75": 0.000182015,
    "p90": 0.000185904,
    "p95": 0.000190028,
    "p99": 0.000239288,
    "p99.9": 0.000378675,
    "p99.99": 0.000408838
  },
  "rps": {
    "mean": 552913.916776433,
    "stddev": 23861.297682174783,
    "max": 576235.7842422061,
    "min": 248204.9392783088,
    "percentiles": {
      "p10": 549107.547621828,
      "p25": 553060.6154434448,
      "p50": 556263.1914985576,
      "p75": 560882.5111691406,
      "p90": 565484.8792803835,
      "p95": 568144.3086543911,
      "p99": 571831.2219846748,
      "p99.9": 575422.959376049,
      "p99.99": 576235.7842422061
    }
  },
  "details": {
    "DNSDialup": {
      "average": 0.0008575066700000002,
      "fastest": 0.000316856,
      "slowest": 0.001767597
    },
    "DNSLookup": {
      "average": 0.00004243109999999998,
      "fastest": 3.222e-6,
      "slowest": 0.001226085
    }
  },
  "statusCodeDistribution": {
    "200": 8294254
  },
  "errorDistribution": {
    "aborted due to deadline": 18
  }
}