{
  "summary": {
    "successRate": 1.0,
    "total": 15.000487163,
    "slowest": 0.052509881,
    "fastest": 0.000031757,
    "average": 0.00030995772266540525,
    "requestsPerSec": 321840.4140838902,
    "totalData": 67587282,
    "sizePerRequest": 14,
    "sizePerSec": 4505672.466872267
  },
  "responseTimeHistogram": {
    "0.000031757": 1,
    "0.005279569400000001": 4827486,
    "0.0105273818": 0,
    "0.015775194200000002": 4,
    "0.0210230066": 0,
    "0.026270819": 22,
    "0.031518631400000004": 1,
    "0.0367664438": 0,
    "0.0420142562": 0,
    "0.047262068600000005": 2,
    "0.052509881": 147
  },
  "latencyPercentiles": {
    "p10": 0.000176956,
    "p25": 0.000221177,
    "p50": 0.000278045,
    "p75": 0.000350343,
    "p90": 0.000459503,
    "p95": 0.000579579,
    "p99": 0.000898315,
    "p99.9": 0.001323159,
    "p99.99": 0.001847641
  },
  "rps": {
    "mean": 322524.2714829495,
    "stddev": 15614.957709985443,
    "max": 344329.7090014164,
    "percentiles": {
      "p10": 310686.2465020247,
      "p25": 317628.8938051138,
      "p50": 324085.9605241423,
      "p75": 329800.2922688799,
      "p90": 334605.62137443584,
      "p95": 336893.8150117815,
      "p99": 341171.16830566514,
      "p99.9": 344064.8218124218,
      "p99.99": 344329.7090014164
    }
  },
  "details": {
    "DNSDialup": {
      "average": 0.0001203855824169978,
      "fastest": 0.00001321,
      "slowest": 0.028268056
    },
    "DNSLookup": {
      "average": 1.8654686385524282e-6,
      "fastest": 1.104e-6,
      "slowest": 0.001492551
    }
  },
  "statusCodeDistribution": {
    "200": 4827663
  },
  "errorDistribution": {
    "aborted due to deadline": 100
  }
}