{
  "summary": {
    "successRate": 1.0,
    "total": 15.000225556,
    "slowest": 0.050066124,
    "fastest": 0.000010014,
    "average": 0.000080993899529661,
    "requestsPerSec": 1220118.2530004885,
    "totalData": 256227286,
    "sizePerRequest": 14,
    "sizePerSec": 17081562.210076943
  },
  "responseTimeHistogram": {
    "0.000010014": 1,
    "0.005015624999999999": 18301792,
    "0.010021235999999998": 77,
    "0.015026846999999996": 0,
    "0.020032457999999996": 0,
    "0.025038068999999996": 0,
    "0.030043679999999993": 0,
    "0.035049290999999996": 0,
    "0.040054901999999996": 0,
    "0.045060512999999996": 0,
    "0.050066124": 79
  },
  "latencyPercentiles": {
    "p10": 0.00004321,
    "p25": 0.000056351,
    "p50": 0.000075019,
    "p75": 0.00009826,
    "p90": 0.000124752,
    "p95": 0.000144203,
    "p99": 0.000191933,
    "p99.9": 0.000282756,
    "p99.99": 0.000483935
  },
  "rps": {
    "mean": 1223347.7560494873,
    "stddev": 48177.807919452694,
    "max": 1304841.8854244808,
    "percentiles": {
      "p10": 1190222.2144874623,
      "p25": 1211618.7800909493,
      "p50": 1228377.1218785215,
      "p75": 1243165.1418535495,
      "p90": 1256018.7146788621,
      "p95": 1263435.7552318706,
      "p99": 1280350.8299279734,
      "p99.9": 1291567.225258904,
      "p99.99": 1304841.8854244808
    }
  },
  "details": {
    "DNSDialup": {
      "average": 0.03915462559999999,
      "fastest": 0.000086995,
      "slowest": 0.049842315
    },
    "DNSLookup": {
      "average": 0.000020478420000000002,
      "fastest": 1.471e-6,
      "slowest": 0.000310083
    }
  },
  "statusCodeDistribution": {
    "200": 18301949
  },
  "errorDistribution": {
    "aborted due to deadline": 100
  }
}