{
  "summary": {
    "successRate": 1.0,
    "total": 15.000424015,
    "slowest": 0.067801426,
    "fastest": 9.996e-6,
    "average": 0.00008114883363635895,
    "requestsPerSec": 1218179.8982300302,
    "totalData": 255823610,
    "sizePerRequest": 14,
    "sizePerSec": 17054425.24452533
  },
  "responseTimeHistogram": {
    "0.000009996": 1,
    "0.006789139": 18273035,
    "0.013568282": 0,
    "0.020347425": 0,
    "0.027126568": 0,
    "0.033905711": 0,
    "0.04068485399999999": 0,
    "0.047463996999999994": 0,
    "0.054243139999999995": 0,
    "0.061022283": 0,
    "0.067801426": 79
  },
  "latencyPercentiles": {
    "p10": 0.000043029,
    "p25": 0.000056211,
    "p50": 0.000075015,
    "p75": 0.000098382,
    "p90": 0.000125151,
    "p95": 0.00014481,
    "p99": 0.000193218,
    "p99.9": 0.00029009,
    "p99.99": 0.000513302
  },
  "rps": {
    "mean": 1222879.8007003323,
    "stddev": 48970.99538246658,
    "max": 1301355.437741639,
    "percentiles": {
      "p10": 1189282.8930175558,
      "p25": 1210908.2551979634,
      "p50": 1227822.4691511078,
      "p75": 1242642.249836485,
      "p90": 1257908.3059051328,
      "p95": 1265460.61556347,
      "p99": 1277190.2973540346,
      "p99.9": 1297981.5321943096,
      "p99.99": 1301355.437741639
    }
  },
  "details": {
    "DNSDialup": {
      "average": 0.05319608959,
      "fastest": 0.000073289,
      "slowest": 0.067581337
    },
    "DNSLookup": {
      "average": 0.00003024443,
      "fastest": 1.3e-6,
      "slowest": 0.000343716
    }
  },
  "statusCodeDistribution": {
    "200": 18273115
  },
  "errorDistribution": {
    "aborted due to deadline": 100
  }
}