{
  "summary": {
    "successRate": 1.0,
    "total": 15.001023794,
    "slowest": 0.034787973,
    "fastest": 0.000103292,
    "average": 0.0009210671885887567,
    "requestsPerSec": 108448.99803776687,
    "totalData": 22774444,
    "sizePerRequest": 14,
    "sizePerSec": 1518192.6455652418
  },
  "responseTimeHistogram": {
    "0.000103292": 1,
    "0.0035717601000000002": 1626665,
    "0.0070402282": 1,
    "0.0105086963": 0,
    "0.0139771644": 0,
    "0.017445632500000002": 0,
    "0.020914100600000003": 0,
    "0.024382568700000003": 0,
    "0.027851036800000003": 0,
    "0.0313195049": 0,
    "0.034787973": 79
  },
  "latencyPercentiles": {
    "p10": 0.000881387,
    "p25": 0.000887385,
    "p50": 0.000893836,
    "p75": 0.000902031,
    "p90": 0.000914297,
    "p95": 0.001095009,
    "p99": 0.001558927,
    "p99.9": 0.002058295,
    "p99.99": 0.002594596
  },
  "rps": {
    "mean": 108620.7340612897,
    "stddev": 4444.931116621283,
    "max": 114563.04404313577,
    "percentiles": {
      "p10": 104111.3273124171,
      "p25": 106407.55675837018,
      "p50": 109371.00365558309,
      "p75": 111686.04292749043,
      "p90": 112179.22875378605,
      "p95": 112347.0059873052,
      "p99": 112628.6977922035,
      "p99.9": 113403.88567044772,
      "p99.99": 114563.04404313577
    }
  },
  "details": {
    "DNSDialup": {
      "average": 0.000020442695283098326,
      "fastest": 0.000012392,
      "slowest": 0.03392362
    },
    "DNSLookup": {
      "average": 1.4111137503950448e-6,
      "fastest": 1.062e-6,
      "slowest": 0.000333856
    }
  },
  "statusCodeDistribution": {
    "200": 1626746
  },
  "errorDistribution": {
    "aborted due to deadline": 100
  }
}