{
  "summary": {
    "successRate": 1.0,
    "total": 15.006257107,
    "slowest": 0.024013943,
    "fastest": 0.000016984,
    "average": 0.0004492291005208791,
    "requestsPerSec": 221966.4088286369,
    "totalData": 46631060,
    "sizePerRequest": 14,
    "sizePerSec": 3107441.0939052827
  },
  "responseTimeHistogram": {
    "0.000016984": 1,
    "0.0024166798999999996": 3286409,
    "0.0048163758": 41361,
    "0.007216071699999999": 2606,
    "0.009615767599999998": 253,
    "0.012015463499999999": 80,
    "0.014415159399999997": 17,
    "0.0168148553": 39,
    "0.0192145512": 2,
    "0.021614247099999997": 1,
    "0.024013943": 21
  },
  "latencyPercentiles": {
    "p10": 0.000097972,
    "p25": 0.00015557,
    "p50": 0.00027596,
    "p75": 0.000529332,
    "p90": 0.000983841,
    "p95": 0.001410521,
    "p99": 0.002656854,
    "p99.9": 0.004720905,
    "p99.99": 0.00753374
  },
  "firstByteHistogram": {
    "0.000016938": 1,
    "0.002416633": 3286410,
    "0.004816328": 41360,
    "0.007216022999999999": 2606,
    "0.009615717999999999": 253,
    "0.012015412999999999": 80,
    "0.014415107999999998": 17,
    "0.016814803": 39,
    "0.019214498": 2,
    "0.021614193": 1,
    "0.024013888": 21
  },
  "firstBytePercentiles": {
    "p10": 0.00009792,
    "p25": 0.000155514,
    "p50": 0.000275903,
    "p75": 0.000529273,
    "p90": 0.000983779,
    "p95": 0.001410446,
    "p99": 0.002656798,
    "p99.9": 0.004720835,
    "p99.99": 0.007533566
  },
  "rps": {
    "mean": 222028.79736886764,
    "stddev": 117738.72410241117,
    "max": 571632.0113926381,
    "min": 62.64009457150918,
    "percentiles": {
      "p10": 80624.07434860342,
      "p25": 138496.15788240585,
      "p50": 195361.58356574544,
      "p75": 305915.12682711484,
      "p90": 400819.80049815384,
      "p95": 436521.1276225509,
      "p99": 511791.4571333994,
      "p99.9": 569797.2068132781,
      "p99.99": 571632.0113926381
    }
  },
  "details": {
    "DNSDialup": {
      "average": 0.0001308721556786771,
      "fastest": 7.063e-6,
      "slowest": 0.01490941
    },
    "DNSLookup": {
      "average": 1.4628037330483216e-6,
      "fastest": 7.25e-7,
      "slowest": 0.004054405
    },
    "firstByte": {
      "average": 0.000449171675970293,
      "fastest": 0.000016938,
      "slowest": 0.024013888
    }
  },
  "statusCodeDistribution": {
    "200": 3330790
  },
  "errorDistribution": {
    "aborted due to deadline": 95
  }
}