{
  "summary": {
    "successRate": 1.0,
    "total": 15.000531998,
    "slowest": 0.076324715,
    "fastest": 0.000035302,
    "average": 0.0003334726657357102,
    "requestsPerSec": 299019.9281330849,
    "totalData": 62795012,
    "sizePerRequest": 14,
    "sizePerSec": 4186185.6638399474
  },
  "responseTimeHistogram": {
    "0.000035302": 1,
    "0.0076642433": 4485154,
    "0.015293184599999999": 0,
    "0.0229221259": 21,
    "0.0305510672": 100,
    "0.0381800085": 3,
    "0.0458089498": 0,
    "0.0534378911": 0,
    "0.0610668324": 0,
    "0.0686957737": 0,
    "0.076324715": 79
  },
  "latencyPercentiles": {
    "p10": 0.000181759,
    "p25": 0.000229428,
    "p50": 0.000293395,
    "p75": 0.000383667,
    "p90": 0.000527403,
    "p95": 0.000650501,
    "p99": 0.000928722,
    "p99.9": 0.001349794,
    "p99.99": 0.001934376
  },
  "rps": {
    "mean": 300589.1366881509,
    "stddev": 47081.416301630394,
    "max": 345210.9086647116,
    "percentiles": {
      "p10": 203192.6761796079,
      "p25": 302870.6597249562,
      "p50": 320106.9783321148,
      "p75": 327713.79675082746,
      "p90": 332806.96415827004,
      "p95": 336126.9909973784,
      "p99": 341312.2872423339,
      "p99.9": 345008.245697057,
      "p99.99": 345210.9086647116
    }
  },
  "details": {
    "DNSDialup": {
      "average": 0.00013700181805466883,
      "fastest": 0.00001471,
      "slowest": 0.06014396
    },
    "DNSLookup": {
      "average": 1.920352939497865e-6,
      "fastest": 1.092e-6,
      "slowest": 0.00137488
    }
  },
  "statusCodeDistribution": {
    "200": 4485358
  },
  "errorDistribution": {
    "aborted due to deadline": 100
  }
}