{
  "summary": {
    "successRate": 1.0,
    "total": 15.000537524,
    "slowest": 0.047711384,
    "fastest": 9.793e-6,
    "average": 0.00008134914732962675,
    "requestsPerSec": 1215104.9234627413,
    "totalData": 255179778,
    "sizePerRequest": 14,
    "sizePerSec": 17011375.59848952
  },
  "responseTimeHistogram": {
    "0.000009793": 1,
    "0.0047799521": 18226970,
    "0.0095501112": 77,
    "0.014320270299999998": 0,
    "0.0190904294": 0,
    "0.023860588500000002": 0,
    "0.0286307476": 0,
    "0.0334009067": 0,
    "0.0381710658": 0,
    "0.0429412249": 0,
    "0.047711384": 79
  },
  "latencyPercentiles": {
    "p10": 0.000043178,
    "p25": 0.000056456,
    "p50": 0.000075286,
    "p75": 0.000098782,
    "p90": 0.000125581,
    "p95": 0.000145184,
    "p99": 0.000193875,
    "p99.9": 0.000289176,
    "p99.99": 0.000454628
  },
  "rps": {
    "mean": 1217347.0092715023,
    "stddev": 57052.155387082596,
    "max": 1293749.291848021,
    "percentiles": {
      "p10": 1184980.4601731924,
      "p25": 1206146.677876465,
      "p50": 1222883.0655948867,
      "p75": 1236830.673400683,
      "p90": 1250719.761372114,
      "p95": 1257830.4394966397,
      "p99": 1272289.9528899607,
      "p99.9": 1289133.0385295767,
      "p99.99": 1293749.291848021
    }
  },
  "details": {
    "DNSDialup": {
      "average": 0.028758949729999997,
      "fastest": 0.000074975,
      "slowest": 0.047571178
    },
    "DNSLookup": {
      "average": 0.00005019711,
      "fastest": 1.298e-6,
      "slowest": 0.000585251
    }
  },
  "statusCodeDistribution": {
    "200": 18227127
  },
  "errorDistribution": {
    "aborted due to deadline": 100
  }
}