{
  "summary": {
    "successRate": 1.0,
    "total": 15.000870029,
    "slowest": 0.089364739,
    "fastest": 0.000010116,
    "average": 0.00008132313688249778,
    "requestsPerSec": 1214324.63349023,
    "totalData": 255021564,
    "sizePerRequest": 14,
    "sizePerSec": 17000451.540943086
  },
  "responseTimeHistogram": {
    "0.000010116": 1,
    "0.008945578299999998": 18215746,
    "0.0178810406": 0,
    "0.026816502899999997": 0,
    "0.03575196519999999": 0,
    "0.044687427499999995": 0,
    "0.05362288979999999": 0,
    "0.06255835209999999": 0,
    "0.0714938144": 0,
    "0.0804292767": 0,
    "0.089364739": 79
  },
  "latencyPercentiles": {
    "p10": 0.000043272,
    "p25": 0.000056399,
    "p50": 0.000075025,
    "p75": 0.000098371,
    "p90": 0.000125212,
    "p95": 0.000145032,
    "p99": 0.000193656,
    "p99.9": 0.000287367,
    "p99.99": 0.000431747
  },
  "rps": {
    "mean": 1220746.9728344616,
    "stddev": 48839.98569767497,
    "max": 1288739.3065488671,
    "percentiles": {
      "p10": 1187437.8792683443,
      "p25": 1208904.110274126,
      "p50": 1225820.8659373915,
      "p75": 1241968.9292755683,
      "p90": 1255368.0409478208,
      "p95": 1263268.0901500818,
      "p99": 1275893.650593967,
      "p99.9": 1284248.2877356494,
      "p99.99": 1288739.3065488671
    }
  },
  "details": {
    "DNSDialup": {
      "average": 0.07020410882000003,
      "fastest": 0.000137499,
      "slowest": 0.089192993
    },
    "DNSLookup": {
      "average": 0.000048406239999999993,
      "fastest": 1.37e-6,
      "slowest": 0.000495912
    }
  },
  "statusCodeDistribution": {
    "200": 18215826
  },
  "errorDistribution": {
    "aborted due to deadline": 100
  }
}