{
  "summary": {
    "successRate": 3.2530265766662645e-6,
    "total": 15.001036586,
    "slowest": 0.014831996,
    "fastest": 0.000010248,
    "average": 0.005065617793103446,
    "requestsPerSec": 594283.9315731004,
    "totalData": 406,
    "sizePerRequest": 14,
    "sizePerSec": 27.064796334068483
  },
  "responseTimeHistogram": {
    "0.000010248": 1,
    "0.0014924228": 18,
    "0.0029745976": 0,
    "0.0044567724000000005": 0,
    "0.0059389472": 0,
    "0.007421122": 0,
    "0.0089032968": 0,
    "0.0103854716": 0,
    "0.0118676464": 0,
    "0.013349821199999999": 0,
    "0.014831995999999998": 10
  },
  "latencyPercentiles": {
    "p10": 0.000010906,
    "p25": 0.000035393,
    "p50": 0.000095754,
    "p75": 0.014434403,
    "p90": 0.014730038,
    "p95": 0.014828898,
    "p99": 0.014831996,
    "p99.9": 0.014831996,
    "p99.99": 0.014831996
  },
  "rps": {
    "mean": 37164.49607525083,
    "stddev": 52462.80180166031,
    "max": 74261.29898925064,
    "percentiles": {
      "p10": 67.69316125099941,
      "p25": 67.69316125099941,
      "p50": 74261.29898925064,
      "p75": 74261.29898925064,
      "p90": 74261.29898925064,
      "p95": 74261.29898925064,
      "p99": 74261.29898925064,
      "p99.9": 74261.29898925064,
      "p99.99": 74261.29898925064
    }
  },
  "details": {
    "DNSDialup": {
      "average": 0.0072462460499999985,
      "fastest": 0.000015456,
      "slowest": 0.014659117
    },
    "DNSLookup": {
      "average": 7.349199999999999e-6,
      "fastest": 1.295e-6,
      "slowest": 0.000041428
    }
  },
  "statusCodeDistribution": {
    "200": 29
  },
  "errorDistribution": {
    "Connection refused (os error 111)": 8914546,
    "aborted due to deadline": 100,
    "connection closed before message completed": 64,
    "connection error": 134,
    "invalid HTTP version parsed": 2
  }
}