{
  "summary": {
    "successRate": 1.0,
    "total": 15.000940147,
    "slowest": 0.055589685,
    "fastest": 0.000064662,
    "average": 0.00030139097414398657,
    "requestsPerSec": 330732.6041822917,
    "totalData": 69456800,
    "sizePerRequest": 14,
    "sizePerSec": 4630163.131068188
  },
  "responseTimeHistogram": {
    "0.000064662": 1,
    "0.0056171643": 4961120,
    "0.0111696666": 0,
    "0.0167221689": 0,
    "0.0222746712": 0,
    "0.027827173499999996": 0,
    "0.0333796758": 0,
    "0.0389321781": 0,
    "0.0444846804": 0,
    "0.050037182699999995": 0,
    "0.05558968499999999": 79
  },
  "latencyPercentiles": {
    "p10": 0.000296054,
    "p25": 0.00029787,
    "p50": 0.000300028,
    "p75": 0.000302497,
    "p90": 0.00030538,
    "p95": 0.000307617,
    "p99": 0.000312164,
    "p99.9": 0.000321496,
    "p99.99": 0.000501878
  },
  "rps": {
    "mean": 331732.3647366723,
    "stddev": 8864.902156720667,
    "max": 335847.8919093887,
    "percentiles": {
      "p10": 330350.6341631011,
      "p25": 331140.9621370009,
      "p50": 332030.8456655559,
      "p75": 332900.86554227,
      "p90": 333739.50154959154,
      "p95": 334258.69582698203,
      "p99": 335025.9645122627,
      "p99.9": 335755.43322202435,
      "p99.99": 335847.8919093887
    }
  },
  "details": {
    "DNSDialup": {
      "average": 0.04339737731,
      "fastest": 0.000081004,
      "slowest": 0.055191934
    },
    "DNSLookup": {
      "average": 0.000022818550000000002,
      "fastest": 1.434e-6,
      "slowest": 0.00025781
    }
  },
  "statusCodeDistribution": {
    "200": 4961200
  },
  "errorDistribution": {
    "aborted due to deadline": 100
  }
}