{
  "summary": {
    "successRate": 1.0,
    "total": 15.000384759,
    "slowest": 0.028968502,
    "fastest": 0.000063415,
    "average": 0.000301004524363508,
    "requestsPerSec": 331281.96908539045,
    "totalData": 69569598,
    "sizePerRequest": 14,
    "sizePerSec": 4637854.236256128
  },
  "responseTimeHistogram": {
    "0.000063415": 1,
    "0.0029539236999999996": 4969177,
    "0.005844432399999999": 0,
    "0.008734941100000001": 0,
    "0.0116254498": 0,
    "0.014515958499999999": 0,
    "0.0174064672": 0,
    "0.0202969759": 0,
    "0.0231874846": 0,
    "0.026077993299999998": 0,
    "0.028968501999999997": 79
  },
  "latencyPercentiles": {
    "p10": 0.000296012,
    "p25": 0.000297868,
    "p50": 0.000300076,
    "p75": 0.000302595,
    "p90": 0.000305499,
    "p95": 0.000307715,
    "p99": 0.000312252,
    "p99.9": 0.000319596,
    "p99.99": 0.000467504
  },
  "rps": {
    "mean": 331665.3342341592,
    "stddev": 8875.770650573564,
    "max": 336136.37052552757,
    "percentiles": {
      "p10": 330286.01708484866,
      "p25": 331051.3196759136,
      "p50": 331925.6246582209,
      "p75": 332855.7200475414,
      "p90": 333641.2380570352,
      "p95": 334154.7011245663,
      "p99": 335139.8481279128,
      "p99.9": 335900.60223037534,
      "p99.99": 336136.37052552757
    }
  },
  "details": {
    "DNSDialup": {
      "average": 0.021870932129999996,
      "fastest": 0.000057913,
      "slowest": 0.027936879
    },
    "DNSLookup": {
      "average": 0.000021414690000000006,
      "fastest": 1.316e-6,
      "slowest": 0.00021499
    }
  },
  "statusCodeDistribution": {
    "200": 4969257
  },
  "errorDistribution": {
    "aborted due to deadline": 100
  }
}