{
  "summary": {
    "successRate": 1.0,
    "total": 15.000589561,
    "slowest": 0.057626427,
    "fastest": 0.000034141,
    "average": 0.0003369126609093414,
    "requestsPerSec": 296073.9630892165,
    "totalData": 62176576,
    "sizePerRequest": 14,
    "sizePerSec": 4144942.1535839327
  },
  "responseTimeHistogram": {
    "0.000034141": 1,
    "0.0057933696": 4440982,
    "0.0115525982": 0,
    "0.017311826800000003": 21,
    "0.023071055400000002": 0,
    "0.028830284": 0,
    "0.034589512600000004": 0,
    "0.0403487412": 0,
    "0.0461079698": 106,
    "0.0518671984": 73,
    "0.057626427": 1
  },
  "latencyPercentiles": {
    "p10": 0.000182904,
    "p25": 0.000231126,
    "p50": 0.000295694,
    "p75": 0.000387674,
    "p90": 0.000535812,
    "p95": 0.000661291,
    "p99": 0.000945782,
    "p99.9": 0.00136963,
    "p99.99": 0.001941291
  },
  "rps": {
    "mean": 297421.8204167949,
    "stddev": 49426.36109370828,
    "max": 346375.92560290574,
    "percentiles": {
      "p10": 198910.108747875,
      "p25": 299888.47990962944,
      "p50": 317572.18764014804,
      "p75": 327166.1529961534,
      "p90": 333154.7098195474,
      "p95": 336545.0633839865,
      "p99": 340527.2421793824,
      "p99.9": 346273.6177711394,
      "p99.99": 346375.92560290574
    }
  },
  "details": {
    "DNSDialup": {
      "average": 0.00013837582935563526,
      "fastest": 0.000014391,
      "slowest": 0.057520614
    },
    "DNSLookup": {
      "average": 1.91874561715948e-6,
      "fastest": 1.083e-6,
      "slowest": 0.00114846
    }
  },
  "statusCodeDistribution": {
    "200": 4441184
  },
  "errorDistribution": {
    "aborted due to deadline": 100
  }
}