{
  "summary": {
    "successRate": 1.0,
    "total": 15.000797552,
    "slowest": 0.028728692,
    "fastest": 0.000010222,
    "average": 0.00007949792635816096,
    "requestsPerSec": 1244519.0954204274,
    "totalData": 261361506,
    "sizePerRequest": 14,
    "sizePerSec": 17423174.00751493
  },
  "responseTimeHistogram": {
    "0.000010222": 1,
    "0.0028820689999999997": 18668454,
    "0.0057539159999999995": 145,
    "0.008625763": 0,
    "0.01149761": 0,
    "0.014369457": 0,
    "0.017241304": 0,
    "0.020113151": 0,
    "0.022984998": 0,
    "0.025856845": 0,
    "0.028728692": 79
  },
  "latencyPercentiles": {
    "p10": 0.000042416,
    "p25": 0.000055153,
    "p50": 0.000073293,
    "p75": 0.000096101,
    "p90": 0.000122772,
    "p95": 0.000142957,
    "p99": 0.000195061,
    "p99.9": 0.000296995,
    "p99.99": 0.000443714
  },
  "rps": {
    "mean": 1245391.413516285,
    "stddev": 57332.95128791947,
    "max": 1325517.3642774655,
    "percentiles": {
      "p10": 1207688.3959889836,
      "p25": 1231919.7107153872,
      "p50": 1251404.7425769772,
      "p75": 1268601.0148808102,
      "p90": 1283273.403238668,
      "p95": 1292295.8883549145,
      "p99": 1308801.047040836,
      "p99.9": 1319676.9371654426,
      "p99.99": 1325517.3642774655
    }
  },
  "details": {
    "DNSDialup": {
      "average": 0.011560984669999998,
      "fastest": 0.000049859,
      "slowest": 0.028628745
    },
    "DNSLookup": {
      "average": 0.000035116449999999985,
      "fastest": 1.346e-6,
      "slowest": 0.000357302
    }
  },
  "statusCodeDistribution": {
    "200": 18668679
  },
  "errorDistribution": {
    "aborted due to deadline": 100
  }
}