{
  "summary": {
    "successRate": 1.0,
    "total": 15.000424201,
    "slowest": 0.047701581,
    "fastest": 0.000035363,
    "average": 0.0003075945518570145,
    "requestsPerSec": 324265.69641115447,
    "totalData": 68096322,
    "sizePerRequest": 14,
    "sizePerSec": 4539626.419062227
  },
  "responseTimeHistogram": {
    "0.000035363": 1,
    "0.004801984800000001": 4863842,
    "0.009568606600000001": 1,
    "0.014335228400000002": 0,
    "0.019101850200000003": 0,
    "0.023868472000000005": 0,
    "0.028635093800000004": 0,
    "0.0334017156": 0,
    "0.0381683374": 14,
    "0.042934959200000004": 65,
    "0.04770158100000001": 100
  },
  "latencyPercentiles": {
    "p10": 0.000177039,
    "p25": 0.000220917,
    "p50": 0.00027759,
    "p75": 0.000349639,
    "p90": 0.00045457,
    "p95": 0.00056374,
    "p99": 0.000865393,
    "p99.9": 0.001247344,
    "p99.99": 0.001729474
  },
  "rps": {
    "mean": 325497.7922064809,
    "stddev": 15945.091558379623,
    "max": 345229.9314350556,
    "percentiles": {
      "p10": 314048.3039538959,
      "p25": 320566.3753103404,
      "p50": 327251.25553032977,
      "p75": 332759.9300634049,
      "p90": 337025.1618761788,
      "p95": 339395.9811834693,
      "p99": 343200.6437639463,
      "p99.9": 345209.3896953868,
      "p99.99": 345229.9314350556
    }
  },
  "details": {
    "DNSDialup": {
      "average": 0.00011774258093434245,
      "fastest": 0.000013693,
      "slowest": 0.034715855
    },
    "DNSLookup": {
      "average": 1.8803094740711979e-6,
      "fastest": 1.105e-6,
      "slowest": 0.0013299
    }
  },
  "statusCodeDistribution": {
    "200": 4864023
  },
  "errorDistribution": {
    "aborted due to deadline": 100
  }
}