{
  "summary": {
    "successRate": 1.0,
    "total": 15.000853633,
    "slowest": 0.035012085,
    "fastest": 0.000114267,
    "average": 0.0009215125463176382,
    "requestsPerSec": 108397.63121365827,
    "totalData": 22763398,
    "sizePerRequest": 14,
    "sizePerSec": 1517473.5089690746
  },
  "responseTimeHistogram": {
    "0.000114267": 1,
    "0.0036040487999999997": 1625877,
    "0.0070938306": 0,
    "0.0105836124": 0,
    "0.014073394199999999": 0,
    "0.017563176": 0,
    "0.0210529578": 0,
    "0.0245427396": 0,
    "0.0280325214": 0,
    "0.0315223032": 0,
    "0.035012085": 79
  },
  "latencyPercentiles": {
    "p10": 0.00088204,
    "p25": 0.000888039,
    "p50": 0.000894512,
    "p75": 0.000902734,
    "p90": 0.000915328,
    "p95": 0.001099643,
    "p99": 0.001551681,
    "p99.9": 0.002002094,
    "p99.99": 0.002297106
  },
  "rps": {
    "mean": 108567.43238518525,
    "stddev": 4460.586051335096,
    "max": 113001.38991710299,
    "percentiles": {
      "p10": 104116.17965430909,
      "p25": 106434.36765731698,
      "p50": 109353.26597585694,
      "p75": 111598.53034243663,
      "p90": 112063.4782019933,
      "p95": 112271.42708191856,
      "p99": 112628.88122879251,
      "p99.9": 112940.71283412895,
      "p99.99": 113001.38991710299
    }
  },
  "details": {
    "DNSDialup": {
      "average": 0.000020375450491618893,
      "fastest": 0.000012381,
      "slowest": 0.034085176
    },
    "DNSLookup": {
      "average": 1.3853942324428247e-6,
      "fastest": 1.062e-6,
      "slowest": 0.000376667
    }
  },
  "statusCodeDistribution": {
    "200": 1625957
  },
  "errorDistribution": {
    "aborted due to deadline": 100
  }
}