{
  "summary": {
    "successRate": 1.0,
    "total": 15.000638875,
    "slowest": 0.043784575,
    "fastest": 0.000010019,
    "average": 0.00008172883978794555,
    "requestsPerSec": 1210550.240647667,
    "totalData": 254224978,
    "sizePerRequest": 14,
    "sizePerSec": 16947610.039709058
  },
  "responseTimeHistogram": {
    "0.000010019": 1,
    "0.0043874746": 18158770,
    "0.0087649302": 77,
    "0.0131423858": 0,
    "0.0175198414": 0,
    "0.021897297": 0,
    "0.0262747526": 0,
    "0.0306522082": 0,
    "0.0350296638": 0,
    "0.039407119399999996": 0,
    "0.043784575": 79
  },
  "latencyPercentiles": {
    "p10": 0.000042711,
    "p25": 0.000056155,
    "p50": 0.000075525,
    "p75": 0.000099616,
    "p90": 0.000127122,
    "p95": 0.000147239,
    "p99": 0.000196776,
    "p99.9": 0.000294511,
    "p99.99": 0.000442572
  },
  "rps": {
    "mean": 1213267.0618356387,
    "stddev": 46032.43170094901,
    "max": 1278154.7050213593,
    "percentiles": {
      "p10": 1182433.1081268515,
      "p25": 1201144.8027011394,
      "p50": 1217786.3410513955,
      "p75": 1232603.6978109877,
      "p90": 1244302.2397442434,
      "p95": 1251730.7925774036,
      "p99": 1263634.2312541264,
      "p99.9": 1275022.4403949522,
      "p99.99": 1278154.7050213593
    }
  },
  "details": {
    "DNSDialup": {
      "average": 0.03418418780000001,
      "fastest": 0.000084294,
      "slowest": 0.043597169
    },
    "DNSLookup": {
      "average": 0.000030127749999999996,
      "fastest": 1.286e-6,
      "slowest": 0.000268064
    }
  },
  "statusCodeDistribution": {
    "200": 18158927
  },
  "errorDistribution": {
    "aborted due to deadline": 100
  }
}