{
  "summary": {
    "successRate": 1.0,
    "total": 15.001008103,
    "slowest": 0.046632005,
    "fastest": 0.000031611,
    "average": 0.00036201826252592247,
    "requestsPerSec": 275536.8153673212,
    "totalData": 57865220,
    "sizePerRequest": 14,
    "sizePerSec": 3857422.0880813827
  },
  "responseTimeHistogram": {
    "0.000031611": 1,
    "0.0046916504": 4133050,
    "0.0093516898": 0,
    "0.0140117292": 0,
    "0.0186717686": 0,
    "0.023331808": 0,
    "0.0279918474": 0,
    "0.0326518868": 0,
    "0.0373119262": 0,
    "0.041971965599999994": 79,
    "0.046632005": 100
  },
  "latencyPercentiles": {
    "p10": 0.000192033,
    "p25": 0.000244537,
    "p50": 0.00031718,
    "p75": 0.000427822,
    "p90": 0.000588697,
    "p95": 0.000705538,
    "p99": 0.000963327,
    "p99.9": 0.001365153,
    "p99.99": 0.001980363
  },
  "rps": {
    "mean": 276693.19576717966,
    "stddev": 56657.042871655845,
    "max": 345104.24478221114,
    "percentiles": {
      "p10": 183335.329740473,
      "p25": 214864.9265913117,
      "p50": 305930.07292616356,
      "p75": 317588.32987963734,
      "p90": 323897.091380079,
      "p95": 327246.73083317076,
      "p99": 333324.8660350058,
      "p99.9": 339686.0424745613,
      "p99.99": 345104.24478221114
    }
  },
  "details": {
    "DNSDialup": {
      "average": 0.00015304960259264808,
      "fastest": 0.000015499,
      "slowest": 0.033520818
    },
    "DNSLookup": {
      "average": 2.015272821256176e-6,
      "fastest": 1.136e-6,
      "slowest": 0.000991591
    }
  },
  "statusCodeDistribution": {
    "200": 4133230
  },
  "errorDistribution": {
    "aborted due to deadline": 100
  }
}