{
  "summary": {
    "successRate": 1.0,
    "total": 15.000951813,
    "slowest": 0.062729058,
    "fastest": 0.000070483,
    "average": 0.0003017318570081871,
    "requestsPerSec": 330334.23890513764,
    "totalData": 69373192,
    "sizePerRequest": 14,
    "sizePerSec": 4624586.01726061
  },
  "responseTimeHistogram": {
    "0.000070483": 1,
    "0.006336340500000001": 4955148,
    "0.012602198000000002": 0,
    "0.018868055500000005": 0,
    "0.025133913000000004": 0,
    "0.03139977050000001": 0,
    "0.037665628000000013": 0,
    "0.04393148550000001": 0,
    "0.05019734300000001": 0,
    "0.05646320050000001": 0,
    "0.062729058": 79
  },
  "latencyPercentiles": {
    "p10": 0.000296032,
    "p25": 0.000297941,
    "p50": 0.000300238,
    "p75": 0.000302925,
    "p90": 0.000305957,
    "p95": 0.000308138,
    "p99": 0.000312725,
    "p99.9": 0.000324786,
    "p99.99": 0.000475036
  },
  "rps": {
    "mean": 331442.1786781549,
    "stddev": 8962.903609376564,
    "max": 336418.33479924686,
    "percentiles": {
      "p10": 329014.377928314,
      "p25": 330843.60518719367,
      "p50": 331922.00642902637,
      "p75": 333043.43249280134,
      "p90": 333872.1163771214,
      "p95": 334410.93523760315,
      "p99": 335214.17394763266,
      "p99.9": 336111.9252711288,
      "p99.99": 336418.33479924686
    }
  },
  "details": {
    "DNSDialup": {
      "average": 0.04731413301999999,
      "fastest": 0.000102593,
      "slowest": 0.060168312
    },
    "DNSLookup": {
      "average": 0.00002956372999999999,
      "fastest": 1.266e-6,
      "slowest": 0.000282111
    }
  },
  "statusCodeDistribution": {
    "200": 4955228
  },
  "errorDistribution": {
    "aborted due to deadline": 100
  }
}