{
  "summary": {
    "successRate": 1.0,
    "total": 15.00078193,
    "slowest": 0.094091923,
    "fastest": 0.000054959,
    "average": 0.0025409567222545977,
    "requestsPerSec": 39321.68354639897,
    "totalData": 8256584,
    "sizePerRequest": 14,
    "sizePerSec": 550410.2411813409
  },
  "responseTimeHistogram": {
    "0.000054959": 1,
    "0.0094586554": 589334,
    "0.0188623518": 267,
    "0.028266048199999998": 49,
    "0.0376697446": 0,
    "0.047073441": 21,
    "0.056477137399999995": 0,
    "0.0658808338": 5,
    "0.07528453019999999": 0,
    "0.08468822659999999": 0,
    "0.094091923": 79
  },
  "latencyPercentiles": {
    "p10": 0.001080734,
    "p25": 0.001093709,
    "p50": 0.00238595,
    "p75": 0.003575715,
    "p90": 0.004488325,
    "p95": 0.005037513,
    "p99": 0.006243348,
    "p99.9": 0.008499285,
    "p99.99": 0.093743631
  },
  "rps": {
    "mean": 39622.97258489649,
    "stddev": 22922.05767384442,
    "max": 97136.39678550874,
    "percentiles": {
      "p10": 23275.946098602326,
      "p25": 25893.878255614953,
      "p50": 30036.725904761817,
      "p75": 38032.711342963084,
      "p90": 89576.71837834825,
      "p95": 91841.53294539812,
      "p99": 93286.76371468231,
      "p99.9": 96109.2642957219,
      "p99.99": 97136.39678550874
    }
  },
  "details": {
    "DNSDialup": {
      "average": 0.001142771825288769,
      "fastest": 0.000012773,
      "slowest": 0.060971118
    },
    "DNSLookup": {
      "average": 1.9092815113368286e-6,
      "fastest": 1.086e-6,
      "slowest": 0.007460367
    }
  },
  "statusCodeDistribution": {
    "200": 589756
  },
  "errorDistribution": {
    "aborted due to deadline": 100
  }
}