{
  "summary": {
    "successRate": 0.9182389937106918,
    "total": 15.001768637,
    "slowest": 0.044942037,
    "fastest": 0.000027217,
    "average": 0.027452031054794546,
    "requestsPerSec": 17.264631008987077,
    "totalData": 2044,
    "sizePerRequest": 14,
    "sizePerSec": 136.25060147633044
  },
  "responseTimeHistogram": {
    "0.000027217": 1,
    "0.004518699": 41,
    "0.009010180999999999": 17,
    "0.013501662999999999": 0,
    "0.017993145": 0,
    "0.022484626999999997": 0,
    "0.026976108999999998": 0,
    "0.031467591": 0,
    "0.035959073": 0,
    "0.040450555": 0,
    "0.044942037": 87
  },
  "latencyPercentiles": {
    "p10": 0.000060281,
    "p25": 0.00025561,
    "p50": 0.044213947,
    "p75": 0.044436135,
    "p90": 0.044727401,
    "p95": 0.044828921,
    "p99": 0.044882778,
    "p99.9": 0.044942037,
    "p99.99": 0.044942037
  },
  "rps": {
    "mean": 60961.34974867613,
    "stddev": 88865.9062895287,
    "max": 188373.23629814383,
    "percentiles": {
      "p10": 22.401982199071316,
      "p25": 23.094153269382694,
      "p50": 55426.666561092265,
      "p75": 188373.23629814383,
      "p90": 188373.23629814383,
      "p95": 188373.23629814383,
      "p99": 188373.23629814383,
      "p99.9": 188373.23629814383,
      "p99.99": 188373.23629814383
    }
  },
  "details": {
    "DNSDialup": {
      "average": 0.01848098767808219,
      "fastest": 0.000014298,
      "slowest": 0.03670878
    },
    "DNSLookup": {
      "average": 0.00002092295205479452,
      "fastest": 1.302e-6,
      "slowest": 0.000371381
    }
  },
  "statusCodeDistribution": {
    "200": 146
  },
  "errorDistribution": {
    "aborted due to deadline": 100,
    "connection closed before message completed": 7,
    "connection error": 1,
    "invalid HTTP version parsed": 5
  }
}