{
  "summary": {
    "successRate": 1.0,
    "total": 15.000636,
    "slowest": 0.060444925,
    "fastest": 0.000031739,
    "average": 0.0003086148516758642,
    "requestsPerSec": 323225.16191980126,
    "totalData": 67878762,
    "sizePerRequest": 14,
    "sizePerSec": 4525058.93750105
  },
  "responseTimeHistogram": {
    "0.000031739": 1,
    "0.0060730576": 4848382,
    "0.012114376199999999": 0,
    "0.0181556948": 0,
    "0.024197013399999998": 0,
    "0.030238331999999996": 21,
    "0.036279650600000005": 0,
    "0.0423209692": 0,
    "0.0483622878": 0,
    "0.0544036064": 0,
    "0.060444925": 79
  },
  "latencyPercentiles": {
    "p10": 0.000177911,
    "p25": 0.000221574,
    "p50": 0.000278074,
    "p75": 0.000349683,
    "p90": 0.000457003,
    "p95": 0.000571645,
    "p99": 0.000882879,
    "p99.9": 0.001288207,
    "p99.99": 0.001788213
  },
  "rps": {
    "mean": 324298.10298556805,
    "stddev": 13210.713266415336,
    "max": 346447.60190047766,
    "percentiles": {
      "p10": 311421.3323612682,
      "p25": 319248.3547104096,
      "p50": 325874.462314613,
      "p75": 331604.1450518097,
      "p90": 335918.34114142944,
      "p95": 338200.5749409721,
      "p99": 342213.638799961,
      "p99.9": 345451.0576663208,
      "p99.99": 346447.60190047766
    }
  },
  "details": {
    "DNSDialup": {
      "average": 0.00011980142692197984,
      "fastest": 0.000015042,
      "slowest": 0.032218156
    },
    "DNSLookup": {
      "average": 1.8804282219820794e-6,
      "fastest": 1.069e-6,
      "slowest": 0.001356918
    }
  },
  "statusCodeDistribution": {
    "200": 4848483
  },
  "errorDistribution": {
    "aborted due to deadline": 100
  }
}