{
  "summary": {
    "successRate": 1.0,
    "total": 15.002791386,
    "slowest": 0.024857142,
    "fastest": 5.511e-6,
    "average": 0.00004199971099991011,
    "requestsPerSec": 2349727.0669840933,
    "totalData": 493533320,
    "sizePerRequest": 14,
    "sizePerSec": 32896099.619204555
  },
  "responseTimeHistogram": {
    "0.000005511": 1,
    "0.0024906741": 35250461,
    "0.0049758371999999995": 1208,
    "0.007461000299999999": 202,
    "0.0099461634": 149,
    "0.0124313265": 177,
    "0.014916489599999999": 65,
    "0.0174016527": 111,
    "0.0198868158": 0,
    "0.0223719789": 0,
    "0.024857142": 6
  },
  "latencyPercentiles": {
    "p10": 0.000015506,
    "p25": 0.000019797,
    "p50": 0.000028048,
    "p75": 0.000048086,
    "p90": 0.000081402,
    "p95": 0.000112652,
    "p99": 0.000208513,
    "p99.9": 0.000406393,
    "p99.99": 0.000846807
  },
  "firstByteHistogram": {
    "0.000005463": 1,
    "0.0024906252": 35250461,
    "0.0049757874": 1208,
    "0.0074609496": 202,
    "0.0099461118": 149,
    "0.012431274": 177,
    "0.0149164362": 65,
    "0.0174015984": 111,
    "0.0198867606": 0,
    "0.022371922800000003": 0,
    "0.024857085": 6
  },
  "firstBytePercentiles": {
    "p10": 0.000015457,
    "p25": 0.000019747,
    "p50": 0.000027996,
    "p75": 0.000048035,
    "p90": 0.00008135,
    "p95": 0.0001126,
    "p99": 0.00020846,
    "p99.9": 0.000406342,
    "p99.99": 0.000846752
  },
  "rps": {
    "mean": 2349354.7125160396,
    "stddev": 76465.84674899267,
    "max": 2405302.8863633266,
    "min": 572630.6930051451,
    "percentiles": {
      "p10": 2270244.169015915,
      "p25": 2344009.610439415,
      "p50": 2373329.109103307,
      "p75": 2381410.478206176,
      "p90": 2387739.4439834533,
      "p95": 2390689.9906961345,
      "p99": 2396410.5051194886,
      "p99.9": 2404450.0628065583,
      "p99.99": 2405302.8863633266
    }
  },
  "details": {
    "DNSDialup": {
      "average": 0.0016753313999999999,
      "fastest": 0.000021916,
      "slowest": 0.013317714
    },
    "DNSLookup": {
      "average": 4.816680000000003e-6,
      "fastest": 7.4e-7,
      "slowest": 0.000020608
    },
    "firstByte": {
      "average": 0.000041949024437858124,
      "fastest": 5.463e-6,
      "slowest": 0.024857085
    }
  },
  "statusCodeDistribution": {
    "200": 35252380
  },
  "errorDistribution": {
    "aborted due to deadline": 85
  }
}