{
  "summary": {
    "successRate": 1.0,
    "total": 15.000314274,
    "slowest": 0.084068078,
    "fastest": 0.000031966,
    "average": 0.0003049685510907001,
    "requestsPerSec": 326971.14943126554,
    "totalData": 68663980,
    "sizePerRequest": 14,
    "sizePerSec": 4577502.760659826
  },
  "responseTimeHistogram": {
    "0.000031966": 1,
    "0.0084355772": 4904474,
    "0.016839188400000003": 5,
    "0.025242799600000004": 0,
    "0.033646410800000005": 11,
    "0.042050022000000006": 0,
    "0.05045363320000001": 0,
    "0.05885724440000001": 23,
    "0.0672608556": 0,
    "0.0756644668": 0,
    "0.084068078": 56
  },
  "latencyPercentiles": {
    "p10": 0.000175649,
    "p25": 0.00021794,
    "p50": 0.000272927,
    "p75": 0.000343965,
    "p90": 0.000453631,
    "p95": 0.000571237,
    "p99": 0.00088949,
    "p99.9": 0.001307953,
    "p99.99": 0.001778581
  },
  "rps": {
    "mean": 327871.62714794016,
    "stddev": 12909.75698576281,
    "max": 351786.002019661,
    "percentiles": {
      "p10": 315849.2093067926,
      "p25": 322366.5326492077,
      "p50": 328947.03922645474,
      "p75": 334943.0066820536,
      "p90": 339558.98139507,
      "p95": 341724.843396129,
      "p99": 345787.72634617647,
      "p99.9": 349570.31065535446,
      "p99.99": 351786.002019661
    }
  },
  "details": {
    "DNSDialup": {
      "average": 0.00011842396971865221,
      "fastest": 0.000014694,
      "slowest": 0.051791097
    },
    "DNSLookup": {
      "average": 1.876240485302443e-6,
      "fastest": 1.109e-6,
      "slowest": 0.001279063
    }
  },
  "statusCodeDistribution": {
    "200": 4904570
  },
  "errorDistribution": {
    "aborted due to deadline": 100
  }
}