{
  "summary": {
    "successRate": 1.0,
    "total": 15.001169416,
    "slowest": 0.01579182,
    "fastest": 9.772e-6,
    "average": 0.00008239722554776153,
    "requestsPerSec": 1200434.0128838927,
    "totalData": 252109396,
    "sizePerRequest": 14,
    "sizePerSec": 16805982.85431696
  },
  "responseTimeHistogram": {
    "0.000009772": 1,
    "0.0015879768": 18007553,
    "0.0031661816": 104,
    "0.0047443864": 0,
    "0.0063225912": 77,
    "0.007900796": 0,
    "0.0094790008": 0,
    "0.0110572056": 0,
    "0.0126354104": 0,
    "0.0142136152": 0,
    "0.01579182": 79
  },
  "latencyPercentiles": {
    "p10": 0.000043875,
    "p25": 0.000057375,
    "p50": 0.000076743,
    "p75": 0.000100502,
    "p90": 0.000126882,
    "p95": 0.000145708,
    "p99": 0.000192055,
    "p99.9": 0.000295644,
    "p99.99": 0.000519152
  },
  "rps": {
    "mean": 1200885.4908288436,
    "stddev": 49551.313171059686,
    "max": 1275362.4927621468,
    "percentiles": {
      "p10": 1170547.8754080357,
      "p25": 1192091.0922021405,
      "p50": 1206625.2184670349,
      "p75": 1221189.3910634455,
      "p90": 1232114.6621645154,
      "p95": 1239437.0817412706,
      "p99": 1253818.360453226,
      "p99.9": 1273217.2557255784,
      "p99.99": 1275362.4927621468
    }
  },
  "details": {
    "DNSDialup": {
      "average": 0.004538123319999999,
      "fastest": 0.000066989,
      "slowest": 0.015732702
    },
    "DNSLookup": {
      "average": 0.000032255209999999996,
      "fastest": 1.379e-6,
      "slowest": 0.00040361
    }
  },
  "statusCodeDistribution": {
    "200": 18007814
  },
  "errorDistribution": {
    "aborted due to deadline": 100
  }
}