{
  "summary": {
    "successRate": 1.0,
    "total": 15.000442931,
    "slowest": 0.026446871,
    "fastest": 9.143e-6,
    "average": 0.00008897024813852363,
    "requestsPerSec": 1112239.6903041156,
    "totalData": 233575832,
    "sizePerRequest": 14,
    "sizePerSec": 15571262.333680218
  },
  "responseTimeHistogram": {
    "0.000009143": 1,
    "0.0026529158000000003": 16683831,
    "0.0052966886": 77,
    "0.007940461400000001": 0,
    "0.0105842342": 0,
    "0.013228007": 0,
    "0.015871779800000003": 0,
    "0.018515552600000002": 0,
    "0.0211593254": 2,
    "0.0238030982": 67,
    "0.026446871": 10
  },
  "latencyPercentiles": {
    "p10": 0.000044151,
    "p25": 0.000057897,
    "p50": 0.000077729,
    "p75": 0.000105024,
    "p90": 0.000142833,
    "p95": 0.000176551,
    "p99": 0.000280416,
    "p99.9": 0.000507623,
    "p99.99": 0.000801945
  },
  "rps": {
    "mean": 1113394.5970967435,
    "stddev": 83897.45262569281,
    "max": 1197085.3851557495,
    "percentiles": {
      "p10": 1077102.369625145,
      "p25": 1102497.1264860986,
      "p50": 1123216.7359293774,
      "p75": 1142058.244970468,
      "p90": 1156459.0950597415,
      "p95": 1165832.1769680793,
      "p99": 1180257.9185095893,
      "p99.9": 1193118.7319640776,
      "p99.99": 1197085.3851557495
    }
  },
  "details": {
    "DNSDialup": {
      "average": 0.013907114009999999,
      "fastest": 0.000407859,
      "slowest": 0.025563749
    },
    "DNSLookup": {
      "average": 0.00011582668999999998,
      "fastest": 6.055e-6,
      "slowest": 0.003908446
    }
  },
  "statusCodeDistribution": {
    "200": 16683988
  },
  "errorDistribution": {
    "aborted due to deadline": 100
  }
}