{
  "summary": {
    "successRate": 1.0,
    "total": 15.000778932,
    "slowest": 0.042859552,
    "fastest": 0.00003361,
    "average": 0.000298893886829356,
    "requestsPerSec": 333323.69090071996,
    "totalData": 70000210,
    "sizePerRequest": 14,
    "sizePerSec": 4666438.344123183
  },
  "responseTimeHistogram": {
    "0.00003361": 1,
    "0.0043162042": 4999894,
    "0.0085987984": 0,
    "0.0128813926": 0,
    "0.0171639868": 0,
    "0.021446581": 41,
    "0.0257291752": 13,
    "0.0300117694": 7,
    "0.0342943636": 1,
    "0.038576957800000006": 7,
    "0.042859552": 51
  },
  "latencyPercentiles": {
    "p10": 0.000176641,
    "p25": 0.000216727,
    "p50": 0.000268559,
    "p75": 0.000336492,
    "p90": 0.000448481,
    "p95": 0.000557499,
    "p99": 0.000818593,
    "p99.9": 0.001215962,
    "p99.99": 0.001751881
  },
  "rps": {
    "mean": 333626.8755083683,
    "stddev": 18149.163189748568,
    "max": 357847.75533814373,
    "percentiles": {
      "p10": 322222.9100489038,
      "p25": 329514.05232837464,
      "p50": 335850.9149987203,
      "p75": 340790.4116962347,
      "p90": 344792.6356455416,
      "p95": 347032.4822403203,
      "p99": 350920.31828643434,
      "p99.9": 354411.9082401024,
      "p99.99": 357847.75533814373
    }
  },
  "details": {
    "DNSDialup": {
      "average": 0.00010783680825938042,
      "fastest": 9.547e-6,
      "slowest": 0.026171369
    },
    "DNSLookup": {
      "average": 2.568073320780029e-6,
      "fastest": 1.179e-6,
      "slowest": 0.001775697
    }
  },
  "statusCodeDistribution": {
    "200": 5000015
  },
  "errorDistribution": {
    "aborted due to deadline": 100
  }
}