{
  "summary": {
    "successRate": 1.0,
    "total": 15.001635942,
    "slowest": 0.024510366,
    "fastest": 0.000011476,
    "average": 0.0000762471916745484,
    "requestsPerSec": 1304957.4776836028,
    "totalData": 274069698,
    "sizePerRequest": 14,
    "sizePerSec": 18269320.696730718
  },
  "responseTimeHistogram": {
    "0.000011476": 1,
    "0.0024613649999999996": 19574775,
    "0.0049112539999999994": 1148,
    "0.007361142999999999": 434,
    "0.009811031999999999": 16,
    "0.012260921": 15,
    "0.014710809999999998": 1,
    "0.017160698999999998": 0,
    "0.019610587999999998": 2,
    "0.022060477": 0,
    "0.024510366": 15
  },
  "latencyPercentiles": {
    "p10": 0.000026094,
    "p25": 0.000033598,
    "p50": 0.000047333,
    "p75": 0.000079124,
    "p90": 0.000148994,
    "p95": 0.000222709,
    "p99": 0.000472749,
    "p99.9": 0.001052531,
    "p99.99": 0.002217348
  },
  "rps": {
    "mean": 1305654.9486585064,
    "stddev": 48697.65006861995,
    "max": 1422669.2839941303,
    "min": 55.931962123993884,
    "percentiles": {
      "p10": 1265633.6658556263,
      "p25": 1302634.8227039946,
      "p50": 1313815.6344060875,
      "p75": 1320924.0347668312,
      "p90": 1328313.3051249217,
      "p95": 1334392.6068469023,
      "p99": 1382532.4895135043,
      "p99.9": 1420587.6502580207,
      "p99.99": 1422669.2839941303
    }
  },
  "details": {
    "DNSDialup": {
      "average": 0.007354366719999997,
      "fastest": 0.000060878,
      "slowest": 0.024237405
    },
    "DNSLookup": {
      "average": 7.113699999999999e-6,
      "fastest": 9.77e-7,
      "slowest": 0.000030084
    }
  },
  "statusCodeDistribution": {
    "200": 19576407
  },
  "errorDistribution": {
    "aborted due to deadline": 90
  }
}