{
  "summary": {
    "successRate": 1.0,
    "total": 15.001044241,
    "slowest": 0.053101205,
    "fastest": 0.000034743,
    "average": 0.00030362296703470137,
    "requestsPerSec": 328133.08999826445,
    "totalData": 68911346,
    "sizePerRequest": 14,
    "sizePerSec": 4593769.933139416
  },
  "responseTimeHistogram": {
    "0.000034743": 1,
    "0.0053413892": 4922118,
    "0.0106480354": 0,
    "0.0159546816": 0,
    "0.0212613278": 23,
    "0.026567974": 18,
    "0.031874620199999995": 11,
    "0.037181266399999996": 9,
    "0.0424879126": 0,
    "0.0477945588": 3,
    "0.053101205": 56
  },
  "latencyPercentiles": {
    "p10": 0.000176818,
    "p25": 0.000217359,
    "p50": 0.000270114,
    "p75": 0.000341219,
    "p90": 0.00046029,
    "p95": 0.000575668,
    "p99": 0.000850641,
    "p99.9": 0.001431488,
    "p99.99": 0.001993415
  },
  "rps": {
    "mean": 328635.15824247425,
    "stddev": 25764.68407059046,
    "max": 352838.1247749708,
    "percentiles": {
      "p10": 319070.6422401917,
      "p25": 325370.08471621614,
      "p50": 331445.4080208949,
      "p75": 337090.0367488175,
      "p90": 341419.0886291743,
      "p95": 344224.5432099511,
      "p99": 347643.7838755815,
      "p99.9": 352786.8914113448,
      "p99.99": 352838.1247749708
    }
  },
  "details": {
    "DNSDialup": {
      "average": 0.0001089520484153596,
      "fastest": 9.973e-6,
      "slowest": 0.03270871
    },
    "DNSLookup": {
      "average": 2.5632767358512445e-6,
      "fastest": 1.191e-6,
      "slowest": 0.0019526
    }
  },
  "statusCodeDistribution": {
    "200": 4922239
  },
  "errorDistribution": {
    "aborted due to deadline": 100
  }
}