{
  "summary": {
    "successRate": 1.0,
    "total": 15.001101169,
    "slowest": 0.026849911,
    "fastest": 8.999e-6,
    "average": 0.00008819492469734254,
    "requestsPerSec": 1121540.3329702055,
    "totalData": 235539360,
    "sizePerRequest": 14,
    "sizePerSec": 15701471.33510076
  },
  "responseTimeHistogram": {
    "0.000008999": 1,
    "0.0026930902": 16824110,
    "0.0053771814": 50,
    "0.0080612726": 0,
    "0.010745363800000001": 0,
    "0.013429455000000002": 0,
    "0.0161135462": 0,
    "0.0187976374": 0,
    "0.0214817286": 0,
    "0.0241658198": 8,
    "0.026849911": 71
  },
  "latencyPercentiles": {
    "p10": 0.000044489,
    "p25": 0.000058136,
    "p50": 0.000077711,
    "p75": 0.000104356,
    "p90": 0.000140366,
    "p95": 0.000171886,
    "p99": 0.000268898,
    "p99.9": 0.000487373,
    "p99.99": 0.000767906
  },
  "rps": {
    "mean": 1121996.5349903174,
    "stddev": 83517.53600899602,
    "max": 1206197.9432729813,
    "percentiles": {
      "p10": 1090510.138439739,
      "p25": 1111296.9050901707,
      "p50": 1131483.5034824556,
      "p75": 1149254.7045239948,
      "p90": 1163424.0828784665,
      "p95": 1171761.869026625,
      "p99": 1184259.2828734978,
      "p99.9": 1195901.0763110833,
      "p99.99": 1206197.9432729813
    }
  },
  "details": {
    "DNSDialup": {
      "average": 0.013551994039999998,
      "fastest": 0.00020787,
      "slowest": 0.026292556
    },
    "DNSLookup": {
      "average": 0.00011713402999999997,
      "fastest": 6.335e-6,
      "slowest": 0.0024954
    }
  },
  "statusCodeDistribution": {
    "200": 16824240
  },
  "errorDistribution": {
    "aborted due to deadline": 100
  }
}