{
  "summary": {
    "successRate": 1.0,
    "total": 15.000253869,
    "slowest": 0.02724556,
    "fastest": 8.583e-6,
    "average": 0.00008829508843632277,
    "requestsPerSec": 1120435.1037507097,
    "totalData": 235293954,
    "sizePerRequest": 14,
    "sizePerSec": 15685998.120756205
  },
  "responseTimeHistogram": {
    "0.000008583": 1,
    "0.0027322807": 16806631,
    "0.0054559784": 0,
    "0.0081796761": 0,
    "0.0109033738": 0,
    "0.013627071499999999": 0,
    "0.0163507692": 0,
    "0.0190744669": 0,
    "0.0217981646": 0,
    "0.0245218623": 42,
    "0.02724556": 37
  },
  "latencyPercentiles": {
    "p10": 0.000044305,
    "p25": 0.000057935,
    "p50": 0.000077533,
    "p75": 0.000104353,
    "p90": 0.000140969,
    "p95": 0.000173452,
    "p99": 0.000273034,
    "p99.9": 0.000491086,
    "p99.99": 0.000742079
  },
  "rps": {
    "mean": 1121647.2804564764,
    "stddev": 76509.95590629395,
    "max": 1199212.5917322154,
    "percentiles": {
      "p10": 1085722.0401574296,
      "p25": 1110035.7431509527,
      "p50": 1131353.0604585286,
      "p75": 1147925.2543556707,
      "p90": 1161778.4491697233,
      "p95": 1169922.2213371505,
      "p99": 1184665.6304759125,
      "p99.9": 1197718.8041853178,
      "p99.99": 1199212.5917322154
    }
  },
  "details": {
    "DNSDialup": {
      "average": 0.015089143930000005,
      "fastest": 0.000487764,
      "slowest": 0.026388454
    },
    "DNSLookup": {
      "average": 0.00015113469000000004,
      "fastest": 5.683e-6,
      "slowest": 0.003049189
    }
  },
  "statusCodeDistribution": {
    "200": 16806711
  },
  "errorDistribution": {
    "aborted due to deadline": 100
  }
}