{
  "summary": {
    "successRate": 1.0,
    "total": 15.0026779,
    "slowest": 0.03338257,
    "fastest": 0.000037564,
    "average": 0.0006452510906965991,
    "requestsPerSec": 154692.18332015246,
    "totalData": 32489856,
    "sizePerRequest": 14,
    "sizePerSec": 2165603.781975483
  },
  "responseTimeHistogram": {
    "0.000037564": 1,
    "0.0033720646000000003": 2303788,
    "0.006706565200000001": 16678,
    "0.010041065800000002": 118,
    "0.013375566400000002": 39,
    "0.016710067000000002": 2,
    "0.020044567600000004": 64,
    "0.023379068200000002": 4,
    "0.026713568800000004": 9,
    "0.030048069400000006": 0,
    "0.03338257": 1
  },
  "latencyPercentiles": {
    "p10": 0.000215795,
    "p25": 0.000317912,
    "p50": 0.000380777,
    "p75": 0.000745939,
    "p90": 0.001441495,
    "p95": 0.001981929,
    "p99": 0.003151129,
    "p99.9": 0.004849779,
    "p99.99": 0.006725466
  },
  "rps": {
    "mean": 154732.83347177212,
    "stddev": 97852.32332290243,
    "max": 330489.8271350136,
    "min": 58.30351691478311,
    "percentiles": {
      "p10": 48982.58463769861,
      "p25": 63754.247025253404,
      "p50": 116373.44297942333,
      "p75": 275433.3274325939,
      "p90": 287872.05437520787,
      "p95": 296673.1087589559,
      "p99": 316548.65352808725,
      "p99.9": 328308.9300028838,
      "p99.99": 330489.8271350136
    }
  },
  "details": {
    "DNSDialup": {
      "average": 0.0001801753875522326,
      "fastest": 0.000012883,
      "slowest": 0.023492282
    },
    "DNSLookup": {
      "average": 1.5940843955110912e-6,
      "fastest": 8.12e-7,
      "slowest": 0.00081177
    }
  },
  "statusCodeDistribution": {
    "200": 2320704
  },
  "errorDistribution": {
    "aborted due to deadline": 93
  }
}