{
  "summary": {
    "successRate": 1.0,
    "total": 15.000874196,
    "slowest": 0.058923762,
    "fastest": 0.000037822,
    "average": 0.00030308485428015206,
    "requestsPerSec": 328604.44902033894,
    "totalData": 69009556,
    "sizePerRequest": 14,
    "sizePerSec": 4600368.958390537
  },
  "responseTimeHistogram": {
    "0.000037822": 1,
    "0.0059264159999999995": 4929174,
    "0.011815009999999999": 0,
    "0.017703603999999998": 0,
    "0.023592197999999998": 0,
    "0.029480792": 0,
    "0.035369385999999996": 0,
    "0.04125798": 0,
    "0.047146574": 0,
    "0.053035167999999994": 0,
    "0.058923762": 79
  },
  "latencyPercentiles": {
    "p10": 0.000177501,
    "p25": 0.000218281,
    "p50": 0.000270911,
    "p75": 0.000340957,
    "p90": 0.000458647,
    "p95": 0.000571452,
    "p99": 0.00083803,
    "p99.9": 0.001244344,
    "p99.99": 0.001798018
  },
  "rps": {
    "mean": 329446.2481377333,
    "stddev": 18123.524801722062,
    "max": 352707.65375610074,
    "percentiles": {
      "p10": 319024.4833533971,
      "p25": 325811.0775766351,
      "p50": 331321.8341088569,
      "p75": 336615.8546067555,
      "p90": 340619.2109235197,
      "p95": 343242.7278637847,
      "p99": 346909.6234409956,
      "p99.9": 349265.0168691246,
      "p99.99": 352707.65375610074
    }
  },
  "details": {
    "DNSDialup": {
      "average": 0.00010775848301852139,
      "fastest": 9.574e-6,
      "slowest": 0.058230926
    },
    "DNSLookup": {
      "average": 2.542929413253799e-6,
      "fastest": 1.187e-6,
      "slowest": 0.001372673
    }
  },
  "statusCodeDistribution": {
    "200": 4929254
  },
  "errorDistribution": {
    "aborted due to deadline": 100
  }
}