{
  "summary": {
    "successRate": 1.0,
    "total": 15.000517809,
    "slowest": 0.024186812,
    "fastest": 7.698e-6,
    "average": 0.0000777547765508149,
    "requestsPerSec": 1271944.1583911525,
    "totalData": 267116094,
    "sizePerRequest": 14,
    "sizePerSec": 17807124.887364615
  },
  "responseTimeHistogram": {
    "0.000007698": 1,
    "0.0024256093999999997": 19079479,
    "0.0048435208": 85,
    "0.007261432199999999": 77,
    "0.0096793436": 0,
    "0.012097255": 0,
    "0.014515166399999998": 0,
    "0.016933077799999998": 0,
    "0.019350989199999998": 0,
    "0.0217689006": 5,
    "0.024186812": 74
  },
  "latencyPercentiles": {
    "p10": 0.000039468,
    "p25": 0.000051565,
    "p50": 0.000069328,
    "p75": 0.000093004,
    "p90": 0.000123719,
    "p95": 0.000149738,
    "p99": 0.000221708,
    "p99.9": 0.000366111,
    "p99.99": 0.000662116
  },
  "rps": {
    "mean": 1272321.8039353979,
    "stddev": 102427.69078457705,
    "max": 1379675.5212015563,
    "percentiles": {
      "p10": 1233569.245700509,
      "p25": 1259967.156249416,
      "p50": 1284608.3634764808,
      "p75": 1306068.6992134906,
      "p90": 1323454.3939756544,
      "p95": 1335614.2279390127,
      "p99": 1354165.2707661882,
      "p99.9": 1368161.5672705467,
      "p99.99": 1379675.5212015563
    }
  },
  "details": {
    "DNSDialup": {
      "average": 0.008467114340000002,
      "fastest": 0.000142965,
      "slowest": 0.023184625
    },
    "DNSLookup": {
      "average": 0.00005873856999999996,
      "fastest": 5.358e-6,
      "slowest": 0.000893858
    }
  },
  "statusCodeDistribution": {
    "200": 19079721
  },
  "errorDistribution": {
    "aborted due to deadline": 100
  }
}