{
  "summary": {
    "successRate": 1.0,
    "total": 15.003210841,
    "slowest": 0.030516891,
    "fastest": 0.000019382,
    "average": 0.00021464656981083898,
    "requestsPerSec": 463525.37958044687,
    "totalData": 97359864,
    "sizePerRequest": 14,
    "sizePerSec": 6489268.532702346
  },
  "responseTimeHistogram": {
    "0.000019382": 1,
    "0.0030691329000000003": 6953585,
    "0.006118883800000001": 593,
    "0.0091686347": 9,
    "0.012218385600000001": 0,
    "0.015268136500000001": 66,
    "0.0183178874": 20,
    "0.0213676383": 0,
    "0.0244173892": 0,
    "0.027467140100000002": 0,
    "0.030516891": 2
  },
  "latencyPercentiles": {
    "p10": 0.000089293,
    "p25": 0.000142074,
    "p50": 0.000191263,
    "p75": 0.000238447,
    "p90": 0.0003447,
    "p95": 0.000452417,
    "p99": 0.000792745,
    "p99.9": 0.001416814,
    "p99.99": 0.003062083
  },
  "firstByteHistogram": {
    "0.000019333": 1,
    "0.0030690811999999996": 6953585,
    "0.006118829399999999": 593,
    "0.009168577599999998": 9,
    "0.012218325799999999": 0,
    "0.015268074": 66,
    "0.018317822199999997": 20,
    "0.021367570399999997": 0,
    "0.024417318599999998": 0,
    "0.0274670668": 0,
    "0.030516815": 2
  },
  "firstBytePercentiles": {
    "p10": 0.000089239,
    "p25": 0.000142019,
    "p50": 0.000191207,
    "p75": 0.000238387,
    "p90": 0.000344641,
    "p95": 0.000452358,
    "p99": 0.000792691,
    "p99.9": 0.001416745,
    "p99.99": 0.003062032
  },
  "rps": {
    "mean": 463747.0656361303,
    "stddev": 23852.745358640837,
    "max": 506544.2213105234,
    "min": 54.87111159982981,
    "percentiles": {
      "p10": 449213.4764042198,
      "p25": 454992.86404348555,
      "p50": 462500.36257869564,
      "p75": 474430.18364238576,
      "p90": 486432.834216358,
      "p95": 491115.2736849772,
      "p99": 497369.33328506444,
      "p99.9": 504087.40875666833,
      "p99.99": 506544.2213105234
    }
  },
  "details": {
    "DNSDialup": {
      "average": 0.000026011485403799165,
      "fastest": 6.337e-6,
      "slowest": 0.017705146
    },
    "DNSLookup": {
      "average": 1.5951592969563656e-6,
      "fastest": 7.23e-7,
      "slowest": 0.001443244
    },
    "firstByte": {
      "average": 0.0002145894401648673,
      "fastest": 0.000019333,
      "slowest": 0.030516815
    }
  },
  "statusCodeDistribution": {
    "200": 6954276
  },
  "errorDistribution": {
    "aborted due to deadline": 93
  }
}