{
  "summary": {
    "successRate": 1.0,
    "total": 15.000691462,
    "slowest": 0.024480446,
    "fastest": 0.000035268,
    "average": 0.00027583174801201586,
    "requestsPerSec": 361564.5994545954,
    "totalData": 75930666,
    "sizePerRequest": 14,
    "sizePerSec": 5061811.063333235
  },
  "responseTimeHistogram": {
    "0.000035268": 1,
    "0.0024797858": 5423531,
    "0.004924303599999999": 8,
    "0.007368821399999999": 0,
    "0.009813339199999998": 0,
    "0.012257856999999999": 0,
    "0.014702374799999997": 0,
    "0.017146892599999998": 3,
    "0.0195914104": 4,
    "0.0220359282": 56,
    "0.024480446": 16
  },
  "latencyPercentiles": {
    "p10": 0.000161162,
    "p25": 0.000198954,
    "p50": 0.000248858,
    "p75": 0.000306766,
    "p90": 0.000412476,
    "p95": 0.000522319,
    "p99": 0.000789836,
    "p99.9": 0.00116892,
    "p99.99": 0.001765452
  },
  "rps": {
    "mean": 361647.3906620168,
    "stddev": 22256.283450031657,
    "max": 389962.940018505,
    "percentiles": {
      "p10": 346649.3628692694,
      "p25": 355949.51257719385,
      "p50": 364396.11799069005,
      "p75": 371613.1933787031,
      "p90": 377404.69206156646,
      "p95": 380145.1232261208,
      "p99": 383823.5772337687,
      "p99.9": 389234.0969068837,
      "p99.99": 389962.940018505
    }
  },
  "details": {
    "DNSDialup": {
      "average": 0.00009388428624816895,
      "fastest": 8.248e-6,
      "slowest": 0.022969807
    },
    "DNSLookup": {
      "average": 1.8474924942184957e-6,
      "fastest": 9.4e-7,
      "slowest": 0.003382695
    }
  },
  "statusCodeDistribution": {
    "200": 5423619
  },
  "errorDistribution": {
    "aborted due to deadline": 100
  }
}