{
  "summary": {
    "successRate": 1.0,
    "total": 15.000711161,
    "slowest": 0.035245262,
    "fastest": 8.668e-6,
    "average": 0.00008927237012445335,
    "requestsPerSec": 1108202.4593087223,
    "totalData": 232732150,
    "sizePerRequest": 14,
    "sizePerSec": 15514741.101413572
  },
  "responseTimeHistogram": {
    "0.000008668": 1,
    "0.0035323273999999993": 16623645,
    "0.007055986799999999": 0,
    "0.010579646199999997": 0,
    "0.014103305599999998": 0,
    "0.017626964999999998": 0,
    "0.021150624399999995": 0,
    "0.024674283799999995": 0,
    "0.028197943199999995": 0,
    "0.031721602599999996": 1,
    "0.035245262": 78
  },
  "latencyPercentiles": {
    "p10": 0.000044262,
    "p25": 0.000057958,
    "p50": 0.000077767,
    "p75": 0.000105275,
    "p90": 0.000143645,
    "p95": 0.000178178,
    "p99": 0.000282173,
    "p99.9": 0.000504865,
    "p99.99": 0.000766202
  },
  "rps": {
    "mean": 1109332.3787022359,
    "stddev": 82089.49335680644,
    "max": 1194695.6951252706,
    "percentiles": {
      "p10": 1073667.318940912,
      "p25": 1096756.1780797485,
      "p50": 1119062.5555968892,
      "p75": 1138109.7536275864,
      "p90": 1153390.6565055463,
      "p95": 1162729.068226657,
      "p99": 1178925.437666553,
      "p99.9": 1192295.7229503868,
      "p99.99": 1194695.6951252706
    }
  },
  "details": {
    "DNSDialup": {
      "average": 0.01023092685,
      "fastest": 0.000239927,
      "slowest": 0.034474412
    },
    "DNSLookup": {
      "average": 0.00007452394999999996,
      "fastest": 6.528e-6,
      "slowest": 0.000977285
    }
  },
  "statusCodeDistribution": {
    "200": 16623725
  },
  "errorDistribution": {
    "aborted due to deadline": 100
  }
}