{
  "summary": {
    "successRate": 1.0,
    "total": 15.000621383,
    "slowest": 0.024326324,
    "fastest": 0.000034332,
    "average": 0.00030275103729277144,
    "requestsPerSec": 329180.9635030237,
    "totalData": 69129466,
    "sizePerRequest": 14,
    "sizePerSec": 4608440.159575221
  },
  "responseTimeHistogram": {
    "0.000034332": 1,
    "0.0024635312": 4937574,
    "0.0048927304": 85,
    "0.0073219296": 39,
    "0.0097511288": 0,
    "0.012180327999999999": 20,
    "0.0146095272": 41,
    "0.017038726400000002": 0,
    "0.0194679256": 2,
    "0.0218971248": 27,
    "0.024326324": 30
  },
  "latencyPercentiles": {
    "p10": 0.000176939,
    "p25": 0.00021752,
    "p50": 0.000270329,
    "p75": 0.00034137,
    "p90": 0.000459039,
    "p95": 0.000571966,
    "p99": 0.000842055,
    "p99.9": 0.001355943,
    "p99.99": 0.002081472
  },
  "rps": {
    "mean": 329045.7040983911,
    "stddev": 24358.99638062304,
    "max": 351968.8394522576,
    "percentiles": {
      "p10": 319101.97843226674,
      "p25": 325899.8278416516,
      "p50": 331926.1225858934,
      "p75": 337008.55045411026,
      "p90": 341340.0440389966,
      "p95": 343635.70374962053,
      "p99": 347606.60452548414,
      "p99.9": 350931.31849934615,
      "p99.99": 351968.8394522576
    }
  },
  "details": {
    "DNSDialup": {
      "average": 0.00010854800799382163,
      "fastest": 9.638e-6,
      "slowest": 0.011031615
    },
    "DNSLookup": {
      "average": 2.5523326148646204e-6,
      "fastest": 1.183e-6,
      "slowest": 0.001635274
    }
  },
  "statusCodeDistribution": {
    "200": 4937819
  },
  "errorDistribution": {
    "aborted due to deadline": 100
  }
}