{
  "summary": {
    "successRate": 1.0,
    "total": 15.005484188,
    "slowest": 0.036612933,
    "fastest": 6.638e-6,
    "average": 0.00004677103782696218,
    "requestsPerSec": 2111932.2510994473,
    "totalData": 443666622,
    "sizePerRequest": 14,
    "sizePerSec": 29566964.747115828
  },
  "responseTimeHistogram": {
    "0.000006638": 1,
    "0.0036672675": 31689551,
    "0.007327896999999999": 346,
    "0.010988526499999998": 190,
    "0.014649155999999998": 161,
    "0.0183097855": 190,
    "0.021970414999999997": 29,
    "0.0256310445": 4,
    "0.029291673999999997": 0,
    "0.0329523035": 0,
    "0.036612933": 1
  },
  "latencyPercentiles": {
    "p10": 0.000015888,
    "p25": 0.000021853,
    "p50": 0.000038146,
    "p75": 0.000060971,
    "p90": 0.000087644,
    "p95": 0.000107727,
    "p99": 0.00015888,
    "p99.9": 0.000256227,
    "p99.99": 0.000732239
  },
  "firstByteHistogram": {
    "0.000006594": 1,
    "0.0036672236000000005": 31689551,
    "0.007327853200000001": 346,
    "0.010988482800000003": 190,
    "0.014649112400000002": 161,
    "0.018309742": 190,
    "0.021970371600000003": 29,
    "0.025631001200000003": 4,
    "0.029291630800000003": 0,
    "0.0329522604": 0,
    "0.03661289": 1
  },
  "firstBytePercentiles": {
    "p10": 0.00001584,
    "p25": 0.000021803,
    "p50": 0.000038096,
    "p75": 0.00006092,
    "p90": 0.000087592,
    "p95": 0.000107674,
    "p99": 0.000158828,
    "p99.9": 0.000256169,
    "p99.99": 0.000732192
  },
  "rps": {
    "mean": 2112415.4241026584,
    "stddev": 115121.89268525197,
    "max": 2167526.0103121083,
    "min": 395592.37081858615,
    "percentiles": {
      "p10": 2073300.6219901901,
      "p25": 2131734.2992606508,
      "p50": 2141007.06532328,
      "p75": 2146515.2678699354,
      "p90": 2150781.084446881,
      "p95": 2153307.234700409,
      "p99": 2158418.346555976,
      "p99.9": 2163808.871616385,
      "p99.99": 2167526.0103121083
    }
  },
  "details": {
    "DNSDialup": {
      "average": 0.00258029249,
      "fastest": 0.000023469,
      "slowest": 0.012987142
    },
    "DNSLookup": {
      "average": 5.1356500000000005e-6,
      "fastest": 7.37e-7,
      "slowest": 0.000023698
    },
    "firstByte": {
      "average": 0.000046721031616758963,
      "fastest": 6.594e-6,
      "slowest": 0.03661289
    }
  },
  "statusCodeDistribution": {
    "200": 31690473
  },
  "errorDistribution": {
    "aborted due to deadline": 93
  }
}