{
  "summary": {
    "successRate": 1.0,
    "total": 15.000281964,
    "slowest": 0.050589823,
    "fastest": 0.000035924,
    "average": 0.00030420097613152177,
    "requestsPerSec": 327422.24524760275,
    "totalData": 68758564,
    "sizePerRequest": 14,
    "sizePerSec": 4583818.101887515
  },
  "responseTimeHistogram": {
    "0.000035924": 1,
    "0.0050913139": 4911246,
    "0.0101467038": 0,
    "0.0152020937": 0,
    "0.0202574836": 0,
    "0.0253128735": 0,
    "0.0303682634": 0,
    "0.0354236533": 0,
    "0.0404790432": 2,
    "0.0455344331": 10,
    "0.050589823": 67
  },
  "latencyPercentiles": {
    "p10": 0.000176823,
    "p25": 0.000217473,
    "p50": 0.000270761,
    "p75": 0.000343056,
    "p90": 0.00046288,
    "p95": 0.000577395,
    "p99": 0.000851511,
    "p99.9": 0.001316836,
    "p99.99": 0.002001009
  },
  "rps": {
    "mean": 328260.0383698997,
    "stddev": 19916.44605111915,
    "max": 352628.24552243063,
    "percentiles": {
      "p10": 317604.19237529807,
      "p25": 324467.29451692454,
      "p50": 330505.84995353624,
      "p75": 335706.45251608215,
      "p90": 339923.120154117,
      "p95": 342423.8644910454,
      "p99": 347222.4306290309,
      "p99.9": 351988.73636045994,
      "p99.99": 352628.24552243063
    }
  },
  "details": {
    "DNSDialup": {
      "average": 0.00010935723510880688,
      "fastest": 9.659e-6,
      "slowest": 0.04822117
    },
    "DNSLookup": {
      "average": 2.5431255925592157e-6,
      "fastest": 1.168e-6,
      "slowest": 0.002674202
    }
  },
  "statusCodeDistribution": {
    "200": 4911326
  },
  "errorDistribution": {
    "aborted due to deadline": 100
  }
}