{
  "summary": {
    "successRate": 1.0,
    "total": 15.000567318,
    "slowest": 0.026971286,
    "fastest": 0.000037694,
    "average": 0.00030014993929483407,
    "requestsPerSec": 331905.4469377103,
    "totalData": 69701380,
    "sizePerRequest": 14,
    "sizePerSec": 4646582.927324456
  },
  "responseTimeHistogram": {
    "0.000037694": 1,
    "0.0027310532": 4978590,
    "0.005424412399999999": 0,
    "0.008117771599999999": 0,
    "0.010811130799999999": 0,
    "0.01350449": 0,
    "0.0161978492": 0,
    "0.0188912084": 0,
    "0.0215845676": 0,
    "0.0242779268": 5,
    "0.026971286": 74
  },
  "latencyPercentiles": {
    "p10": 0.000177954,
    "p25": 0.000218079,
    "p50": 0.000270111,
    "p75": 0.000338359,
    "p90": 0.00044978,
    "p95": 0.000559374,
    "p99": 0.000824862,
    "p99.9": 0.001211963,
    "p99.99": 0.001718513
  },
  "rps": {
    "mean": 331956.1932575948,
    "stddev": 16600.056182403103,
    "max": 352959.9999038261,
    "percentiles": {
      "p10": 320195.7356531966,
      "p25": 326868.8712711775,
      "p50": 333603.3836886032,
      "p75": 339439.0015412855,
      "p90": 343774.1254876662,
      "p95": 346228.6331079974,
      "p99": 349114.09795390983,
      "p99.9": 351271.1675385114,
      "p99.99": 352959.9999038261
    }
  },
  "details": {
    "DNSDialup": {
      "average": 0.00010856289732015246,
      "fastest": 9.62e-6,
      "slowest": 0.024587392
    },
    "DNSLookup": {
      "average": 2.5721852810089455e-6,
      "fastest": 1.172e-6,
      "slowest": 0.001568329
    }
  },
  "statusCodeDistribution": {
    "200": 4978670
  },
  "errorDistribution": {
    "aborted due to deadline": 100
  }
}