{
  "summary": {
    "successRate": 1.0,
    "total": 15.000896594,
    "slowest": 0.03042844,
    "fastest": 0.000036948,
    "average": 0.0003050875091911607,
    "requestsPerSec": 326558.28065366106,
    "totalData": 68579938,
    "sizePerRequest": 14,
    "sizePerSec": 4571722.601396395
  },
  "responseTimeHistogram": {
    "0.000036948": 1,
    "0.0030760972000000004": 4898433,
    "0.0061152464000000005": 54,
    "0.0091543956": 0,
    "0.012193544800000001": 0,
    "0.015232694000000001": 0,
    "0.0182718432": 0,
    "0.0213109924": 0,
    "0.0243501416": 2,
    "0.0273892908": 11,
    "0.03042844": 66
  },
  "latencyPercentiles": {
    "p10": 0.000178072,
    "p25": 0.000218759,
    "p50": 0.000272151,
    "p75": 0.000343932,
    "p90": 0.000463532,
    "p95": 0.000578832,
    "p99": 0.00085776,
    "p99.9": 0.001302289,
    "p99.99": 0.001900593
  },
  "rps": {
    "mean": 326972.41492677387,
    "stddev": 18638.310198142834,
    "max": 348795.8490993398,
    "percentiles": {
      "p10": 315671.15690125333,
      "p25": 323030.70853204996,
      "p50": 329071.314526378,
      "p75": 334369.26757118804,
      "p90": 339025.5286222567,
      "p95": 341124.5950832875,
      "p99": 344591.420103796,
      "p99.9": 348710.0180106871,
      "p99.99": 348795.8490993398
    }
  },
  "details": {
    "DNSDialup": {
      "average": 0.00010961835188107387,
      "fastest": 9.801e-6,
      "slowest": 0.028448404
    },
    "DNSLookup": {
      "average": 2.5670775338990315e-6,
      "fastest": 1.158e-6,
      "slowest": 0.001889408
    }
  },
  "statusCodeDistribution": {
    "200": 4898567
  },
  "errorDistribution": {
    "aborted due to deadline": 100
  }
}