{
  "summary": {
    "successRate": 1.0,
    "total": 15.000394638,
    "slowest": 0.0325085,
    "fastest": 0.000035608,
    "average": 0.0003013786905216392,
    "requestsPerSec": 330564.5697772875,
    "totalData": 69418986,
    "sizePerRequest": 14,
    "sizePerSec": 4627810.6460041525
  },
  "responseTimeHistogram": {
    "0.000035608": 1,
    "0.0032828972000000004": 4958419,
    "0.006530186400000001": 0,
    "0.009777475600000002": 0,
    "0.013024764800000001": 0,
    "0.016272054": 0,
    "0.019519343200000004": 0,
    "0.022766632400000004": 0,
    "0.026013921600000003": 3,
    "0.029261210800000003": 36,
    "0.0325085": 40
  },
  "latencyPercentiles": {
    "p10": 0.000178014,
    "p25": 0.000218495,
    "p50": 0.000270908,
    "p75": 0.00034026,
    "p90": 0.000454175,
    "p95": 0.000563348,
    "p99": 0.000823036,
    "p99.9": 0.001194771,
    "p99.99": 0.001691503
  },
  "rps": {
    "mean": 330787.9263655078,
    "stddev": 15998.884768529202,
    "max": 351818.3297350034,
    "percentiles": {
      "p10": 319484.66343579936,
      "p25": 326858.2834155366,
      "p50": 332423.63532047055,
      "p75": 337523.2541607306,
      "p90": 341807.1990949781,
      "p95": 343826.5625576516,
      "p99": 347523.9270323933,
      "p99.9": 350061.09811738314,
      "p99.99": 351818.3297350034
    }
  },
  "details": {
    "DNSDialup": {
      "average": 0.00010836482967949833,
      "fastest": 9.694e-6,
      "slowest": 0.03079276
    },
    "DNSLookup": {
      "average": 2.5521756596098995e-6,
      "fastest": 1.164e-6,
      "slowest": 0.00163106
    }
  },
  "statusCodeDistribution": {
    "200": 4958499
  },
  "errorDistribution": {
    "aborted due to deadline": 100
  }
}