{
  "summary": {
    "successRate": 1.0,
    "total": 15.001166937,
    "slowest": 0.046098942,
    "fastest": 0.000034267,
    "average": 0.0003105194985914114,
    "requestsPerSec": 320842.57312868274,
    "totalData": 67380782,
    "sizePerRequest": 14,
    "sizePerSec": 4491702.697728601
  },
  "responseTimeHistogram": {
    "0.000034267": 1,
    "0.0046407345": 4812815,
    "0.009247202": 17,
    "0.0138536695": 0,
    "0.018460137": 1,
    "0.0230666045": 0,
    "0.027673072000000003": 0,
    "0.032279539499999996": 0,
    "0.036886007": 0,
    "0.0414924745": 0,
    "0.046098942": 79
  },
  "latencyPercentiles": {
    "p10": 0.000178087,
    "p25": 0.000219918,
    "p50": 0.000274698,
    "p75": 0.000349823,
    "p90": 0.00047687,
    "p95": 0.000599043,
    "p99": 0.000892547,
    "p99.9": 0.001379956,
    "p99.99": 0.002080157
  },
  "rps": {
    "mean": 321579.41864260804,
    "stddev": 18201.89604685862,
    "max": 347514.03956719465,
    "percentiles": {
      "p10": 311604.9737517624,
      "p25": 317786.50148569915,
      "p50": 323305.04355864425,
      "p75": 328714.97959664126,
      "p90": 333322.26592737786,
      "p95": 335824.4480198176,
      "p99": 339734.0753277758,
      "p99.9": 341976.49406861997,
      "p99.99": 347514.03956719465
    }
  },
  "details": {
    "DNSDialup": {
      "average": 0.00010972418945261425,
      "fastest": 8.99e-6,
      "slowest": 0.045143225
    },
    "DNSLookup": {
      "average": 2.5424037139253494e-6,
      "fastest": 1.163e-6,
      "slowest": 0.001496867
    }
  },
  "statusCodeDistribution": {
    "200": 4812913
  },
  "errorDistribution": {
    "aborted due to deadline": 100
  }
}