{
  "summary": {
    "successRate": 1.0,
    "total": 15.000374374,
    "slowest": 0.04994408,
    "fastest": 0.000039573,
    "average": 0.00030117408829567614,
    "requestsPerSec": 330777.0777108206,
    "totalData": 69463520,
    "sizePerRequest": 14,
    "sizePerSec": 4630785.756947535
  },
  "responseTimeHistogram": {
    "0.000039573": 1,
    "0.0050300237000000005": 4961559,
    "0.0100204744": 0,
    "0.015010925100000001": 41,
    "0.020001375800000002": 0,
    "0.0249918265": 0,
    "0.029982277200000004": 0,
    "0.0349727279": 0,
    "0.0399631786": 20,
    "0.044953629300000006": 0,
    "0.04994408": 59
  },
  "latencyPercentiles": {
    "p10": 0.000178201,
    "p25": 0.000218475,
    "p50": 0.000270557,
    "p75": 0.000339665,
    "p90": 0.000452671,
    "p95": 0.000561262,
    "p99": 0.00081399,
    "p99.9": 0.001198511,
    "p99.99": 0.001755545
  },
  "rps": {
    "mean": 331206.1285750681,
    "stddev": 17877.460863342618,
    "max": 353117.03396107093,
    "percentiles": {
      "p10": 320843.5063794668,
      "p25": 327081.7704426145,
      "p50": 333101.16585406574,
      "p75": 338007.63897261955,
      "p90": 341780.59186355857,
      "p95": 344101.61727758957,
      "p99": 347918.8224082811,
      "p99.9": 352603.4185827164,
      "p99.99": 353117.03396107093
    }
  },
  "details": {
    "DNSDialup": {
      "average": 0.00010858211996218931,
      "fastest": 9.856e-6,
      "slowest": 0.037314123
    },
    "DNSLookup": {
      "average": 2.5626085346091654e-6,
      "fastest": 1.182e-6,
      "slowest": 0.002198208
    }
  },
  "statusCodeDistribution": {
    "200": 4961680
  },
  "errorDistribution": {
    "aborted due to deadline": 100
  }
}