{
  "summary": {
    "successRate": 1.0,
    "total": 15.000242376,
    "slowest": 0.035034792,
    "fastest": 0.000035447,
    "average": 0.00030204480281876867,
    "requestsPerSec": 329851.2034656473,
    "totalData": 69268472,
    "sizePerRequest": 14,
    "sizePerSec": 4617823.516693821
  },
  "responseTimeHistogram": {
    "0.000035447": 1,
    "0.0035353815000000004": 4947617,
    "0.007035316000000001": 51,
    "0.010535250500000001": 0,
    "0.014035185": 0,
    "0.0175351195": 0,
    "0.021035054000000004": 0,
    "0.024534988500000004": 0,
    "0.028034923000000003": 1,
    "0.031534857500000006": 29,
    "0.035034792": 49
  },
  "latencyPercentiles": {
    "p10": 0.000176629,
    "p25": 0.00021695,
    "p50": 0.000269365,
    "p75": 0.000339985,
    "p90": 0.000457776,
    "p95": 0.000571485,
    "p99": 0.000844379,
    "p99.9": 0.001360708,
    "p99.99": 0.002095262
  },
  "rps": {
    "mean": 330278.1539953417,
    "stddev": 23314.507341632685,
    "max": 357011.6028771099,
    "percentiles": {
      "p10": 320404.80607209716,
      "p25": 327367.5355321308,
      "p50": 333191.92765284714,
      "p75": 338127.6588425066,
      "p90": 342563.71119757945,
      "p95": 344613.4399241745,
      "p99": 348333.09540087177,
      "p99.9": 352587.82962836965,
      "p99.99": 357011.6028771099
    }
  },
  "details": {
    "DNSDialup": {
      "average": 0.00010882648599605414,
      "fastest": 9.638e-6,
      "slowest": 0.03063779
    },
    "DNSLookup": {
      "average": 2.575395219198424e-6,
      "fastest": 1.178e-6,
      "slowest": 0.002988299
    }
  },
  "statusCodeDistribution": {
    "200": 4947748
  },
  "errorDistribution": {
    "aborted due to deadline": 100
  }
}