{
  "summary": {
    "successRate": 1.0,
    "total": 15.000351304,
    "slowest": 0.072549375,
    "fastest": 0.000038869,
    "average": 0.0003052276353666192,
    "requestsPerSec": 326313.2909890415,
    "totalData": 68525996,
    "sizePerRequest": 14,
    "sizePerSec": 4568292.742699088
  },
  "responseTimeHistogram": {
    "0.000038869": 1,
    "0.007289919600000001": 4894593,
    "0.014540970200000001": 0,
    "0.021792020800000002": 38,
    "0.029043071400000002": 3,
    "0.036294122": 0,
    "0.0435451726": 0,
    "0.0507962232": 1,
    "0.0580472738": 19,
    "0.0652983244": 0,
    "0.072549375": 59
  },
  "latencyPercentiles": {
    "p10": 0.000177872,
    "p25": 0.000218555,
    "p50": 0.000271604,
    "p75": 0.00034343,
    "p90": 0.000462855,
    "p95": 0.000577038,
    "p99": 0.000850003,
    "p99.9": 0.001305329,
    "p99.99": 0.001930737
  },
  "rps": {
    "mean": 327235.3854412649,
    "stddev": 22433.912547857886,
    "max": 349413.03712874424,
    "percentiles": {
      "p10": 317843.83066426846,
      "p25": 323876.7263965101,
      "p50": 329835.07345685776,
      "p75": 334549.1754773343,
      "p90": 338422.8096973444,
      "p95": 341046.8939478976,
      "p99": 345214.4731192603,
      "p99.9": 347930.65269051166,
      "p99.99": 349413.03712874424
    }
  },
  "details": {
    "DNSDialup": {
      "average": 0.00010947222312090353,
      "fastest": 9.735e-6,
      "slowest": 0.052329145
    },
    "DNSLookup": {
      "average": 2.5544295141657425e-6,
      "fastest": 1.196e-6,
      "slowest": 0.002959225
    }
  },
  "statusCodeDistribution": {
    "200": 4894714
  },
  "errorDistribution": {
    "aborted due to deadline": 100
  }
}