{
  "summary": {
    "successRate": 1.0,
    "total": 15.000765343,
    "slowest": 0.028233204,
    "fastest": 0.000036913,
    "average": 0.00030201943307536474,
    "requestsPerSec": 329893.3012314104,
    "totalData": 69279728,
    "sizePerRequest": 14,
    "sizePerSec": 4618412.888668303
  },
  "responseTimeHistogram": {
    "0.000036913": 1,
    "0.0028565421": 4948427,
    "0.005676171200000001": 45,
    "0.0084958003": 0,
    "0.0113154294": 0,
    "0.0141350585": 0,
    "0.0169546876": 0,
    "0.019774316700000003": 2,
    "0.0225939458": 5,
    "0.0254135749": 4,
    "0.028233204": 68
  },
  "latencyPercentiles": {
    "p10": 0.000177404,
    "p25": 0.000217951,
    "p50": 0.000270758,
    "p75": 0.000341379,
    "p90": 0.000457253,
    "p95": 0.000568394,
    "p99": 0.000827909,
    "p99.9": 0.001215558,
    "p99.99": 0.001763501
  },
  "rps": {
    "mean": 330271.7716672893,
    "stddev": 15040.979763884901,
    "max": 351415.81371162203,
    "percentiles": {
      "p10": 320018.8491102157,
      "p25": 326413.21973539836,
      "p50": 331954.1417205199,
      "p75": 336671.273308573,
      "p90": 340857.7753929334,
      "p95": 343269.03140226315,
      "p99": 346327.7603108063,
      "p99.9": 351264.5272937066,
      "p99.99": 351415.81371162203
    }
  },
  "details": {
    "DNSDialup": {
      "average": 0.00010868101179435847,
      "fastest": 9.758e-6,
      "slowest": 0.027098018
    },
    "DNSLookup": {
      "average": 2.56324129725228e-6,
      "fastest": 1.164e-6,
      "slowest": 0.001166605
    }
  },
  "statusCodeDistribution": {
    "200": 4948552
  },
  "errorDistribution": {
    "aborted due to deadline": 100
  }
}