{
  "summary": {
    "successRate": 1.0,
    "total": 15.0011424,
    "slowest": 0.049619805,
    "fastest": 0.000036414,
    "average": 0.00030011516123152075,
    "requestsPerSec": 331890.8565257003,
    "totalData": 69700988,
    "sizePerRequest": 14,
    "sizePerSec": 4646378.665134196
  },
  "responseTimeHistogram": {
    "0.000036414": 1,
    "0.004994753100000001": 4978562,
    "0.009953092200000001": 0,
    "0.014911431300000002": 0,
    "0.0198697704": 0,
    "0.0248281095": 0,
    "0.0297864486": 0,
    "0.0347447877": 0,
    "0.0397031268": 0,
    "0.0446614659": 0,
    "0.049619805": 79
  },
  "latencyPercentiles": {
    "p10": 0.000176798,
    "p25": 0.000216913,
    "p50": 0.000269004,
    "p75": 0.000338727,
    "p90": 0.000453108,
    "p95": 0.000562842,
    "p99": 0.000816066,
    "p99.9": 0.001197987,
    "p99.99": 0.001693244
  },
  "rps": {
    "mean": 332721.6409439023,
    "stddev": 13426.882382648517,
    "max": 353013.37920712045,
    "percentiles": {
      "p10": 322031.9133626159,
      "p25": 327838.9800547286,
      "p50": 333843.58612636063,
      "p75": 339210.27807143965,
      "p90": 343540.88136488537,
      "p95": 346014.6328767764,
      "p99": 349853.3526362865,
      "p99.9": 352837.54191443964,
      "p99.99": 353013.37920712045
    }
  },
  "details": {
    "DNSDialup": {
      "average": 0.00010886038311852467,
      "fastest": 9.812e-6,
      "slowest": 0.048069568
    },
    "DNSLookup": {
      "average": 2.5520133811590597e-6,
      "fastest": 1.191e-6,
      "slowest": 0.000896307
    }
  },
  "statusCodeDistribution": {
    "200": 4978642
  },
  "errorDistribution": {
    "aborted due to deadline": 100
  }
}