{
  "summary": {
    "successRate": 1.0,
    "total": 15.003243135,
    "slowest": 0.032057192,
    "fastest": 0.000020198,
    "average": 0.0037861902571058982,
    "requestsPerSec": 26380.36299476393,
    "totalData": 5539702,
    "sizePerRequest": 14,
    "sizePerSec": 369233.6350316701
  },
  "responseTimeHistogram": {
    "0.000020198": 1,
    "0.0032238974": 211874,
    "0.0064275968": 48702,
    "0.009631296200000002": 111309,
    "0.012834995600000001": 17558,
    "0.016038695": 4501,
    "0.0192423944": 1201,
    "0.0224460938": 406,
    "0.0256497932": 113,
    "0.0288534926": 22,
    "0.032057192": 6
  },
  "latencyPercentiles": {
    "p10": 0.000136616,
    "p25": 0.000311174,
    "p50": 0.001409878,
    "p75": 0.00712014,
    "p90": 0.008577403,
    "p95": 0.010073987,
    "p99": 0.01369025,
    "p99.9": 0.019848917,
    "p99.99": 0.024906194
  },
  "firstByteHistogram": {
    "0.000020149": 1,
    "0.0032238383000000007": 211874,
    "0.006427527600000001": 48702,
    "0.009631216900000003": 111309,
    "0.012834906200000003": 17558,
    "0.016038595500000002": 4501,
    "0.019242284800000006": 1201,
    "0.022445974100000005": 406,
    "0.025649663400000005": 113,
    "0.028853352700000005": 22,
    "0.032057042": 6
  },
  "firstBytePercentiles": {
    "p10": 0.000136564,
    "p25": 0.000311112,
    "p50": 0.00140982,
    "p75": 0.007120073,
    "p90": 0.008577345,
    "p95": 0.010073858,
    "p99": 0.013690201,
    "p99.9": 0.019848664,
    "p99.99": 0.024906037
  },
  "rps": {
    "mean": 26271.939421518073,
    "stddev": 54035.73812186674,
    "max": 454371.79074293736,
    "min": 52.59375296661638,
    "percentiles": {
      "p10": 12563.689222130008,
      "p25": 13002.590766210289,
      "p50": 13422.000000199352,
      "p75": 13963.985775622168,
      "p90": 15203.638230628645,
      "p95": 128651.02832968408,
      "p99": 301111.6229086496,
      "p99.9": 450321.8856436422,
      "p99.99": 454371.79074293736
    }
  },
  "details": {
    "DNSDialup": {
      "average": 0.00135846145131199,
      "fastest": 8.619e-6,
      "slowest": 0.017015616
    },
    "DNSLookup": {
      "average": 1.5565332745335658e-6,
      "fastest": 7.31e-7,
      "slowest": 0.004007182
    },
    "firstByte": {
      "average": 0.0037861213471731795,
      "fastest": 0.000020149,
      "slowest": 0.032057042
    }
  },
  "statusCodeDistribution": {
    "200": 395693
  },
  "errorDistribution": {
    "aborted due to deadline": 98
  }
}