{
  "summary": {
    "successRate": 1.0,
    "total": 15.003989372,
    "slowest": 0.016223542,
    "fastest": 7.433e-6,
    "average": 0.00006490273660883392,
    "requestsPerSec": 1526972.0227045226,
    "totalData": 320748218,
    "sizePerRequest": 14,
    "sizePerSec": 21377529.00562372
  },
  "responseTimeHistogram": {
    "0.000007433": 1,
    "0.0016290439": 22905015,
    "0.0032506548": 4608,
    "0.0048722657": 570,
    "0.0064938766": 136,
    "0.008115487499999999": 131,
    "0.0097370984": 70,
    "0.011358709299999999": 16,
    "0.0129803202": 11,
    "0.0146019311": 5,
    "0.016223542": 24
  },
  "latencyPercentiles": {
    "p10": 0.000023045,
    "p25": 0.00003015,
    "p50": 0.000044241,
    "p75": 0.00007061,
    "p90": 0.000116917,
    "p95": 0.000168387,
    "p99": 0.000371666,
    "p99.9": 0.000970057,
    "p99.99": 0.002275689
  },
  "firstByteHistogram": {
    "0.00000739": 1,
    "0.0016289999": 22905015,
    "0.0032506098": 4608,
    "0.0048722197": 570,
    "0.006493829600000001": 136,
    "0.0081154395": 131,
    "0.0097370494": 70,
    "0.0113586593": 16,
    "0.0129802692": 11,
    "0.0146018791": 5,
    "0.016223489": 24
  },
  "firstBytePercentiles": {
    "p10": 0.000022996,
    "p25": 0.0000301,
    "p50": 0.000044191,
    "p75": 0.00007056,
    "p90": 0.000116865,
    "p95": 0.000168335,
    "p99": 0.000371613,
    "p99.9": 0.000969982,
    "p99.99": 0.00227564
  },
  "rps": {
    "mean": 1526907.9610798308,
    "stddev": 49855.58281652924,
    "max": 1605999.1976504927,
    "min": 401750.1340250852,
    "percentiles": {
      "p10": 1483914.6907554336,
      "p25": 1514068.1330658752,
      "p50": 1535111.5133362445,
      "p75": 1551459.542316458,
      "p90": 1563940.6624572272,
      "p95": 1571413.3570135566,
      "p99": 1586254.2498953606,
      "p99.9": 1595206.699868161,
      "p99.99": 1605999.1976504927
    }
  },
  "details": {
    "DNSDialup": {
      "average": 0.00196970208,
      "fastest": 0.000027007,
      "slowest": 0.010952475
    },
    "DNSLookup": {
      "average": 4.8385300000000024e-6,
      "fastest": 8.29e-7,
      "slowest": 0.000024501
    },
    "firstByte": {
      "average": 0.00006485251929934208,
      "fastest": 7.39e-6,
      "slowest": 0.016223489
    }
  },
  "statusCodeDistribution": {
    "200": 22910587
  },
  "errorDistribution": {
    "aborted due to deadline": 85
  }
}