{
  "summary": {
    "successRate": 0.9260442177015115,
    "total": 15.002149327,
    "slowest": 0.264817337,
    "fastest": 0.000253256,
    "average": 0.0032596183427589737,
    "requestsPerSec": 31416.431721003893,
    "totalData": 6109110,
    "sizePerRequest": 14,
    "sizePerSec": 407215.65069380944
  },
  "responseTimeHistogram": {
    "0.000253256": 1,
    "0.026709664100000002": 435113,
    "0.053166072200000004": 186,
    "0.0796224803": 1,
    "0.1060788884": 0,
    "0.1325352965": 0,
    "0.15899170460000003": 0,
    "0.18544811270000003": 0,
    "0.21190452080000002": 0,
    "0.23836092890000002": 798,
    "0.264817337": 266
  },
  "latencyPercentiles": {
    "p10": 0.000488489,
    "p25": 0.000643159,
    "p50": 0.001683782,
    "p75": 0.00456306,
    "p90": 0.005586563,
    "p95": 0.006260472,
    "p99": 0.007734117,
    "p99.9": 0.234389507,
    "p99.99": 0.255704749
  },
  "rps": {
    "mean": 36368.469155143226,
    "stddev": 39323.24559344266,
    "max": 149181.08076639447,
    "percentiles": {
      "p10": 19573.169704325344,
      "p25": 20709.261181601956,
      "p50": 21519.996380636618,
      "p75": 22265.50288293097,
      "p90": 131355.54887838275,
      "p95": 141100.88893558912,
      "p99": 144922.63353249567,
      "p99.9": 148110.0026673885,
      "p99.99": 149181.08076639447
    }
  },
  "details": {
    "DNSDialup": {
      "average": 0.0015780824465001135,
      "fastest": 8.656e-6,
      "slowest": 0.260984164
    },
    "DNSLookup": {
      "average": 1.9182486335979407e-6,
      "fastest": 9.13e-7,
      "slowest": 0.001462913
    }
  },
  "statusCodeDistribution": {
    "200": 436365
  },
  "errorDistribution": {
    "Address not available (os error 99)": 34849,
    "aborted due to deadline": 100
  }
}