{
  "summary": {
    "successRate": 1.0,
    "total": 15.000738495,
    "slowest": 0.03614,
    "fastest": 0.000014237,
    "average": 0.0001855670802648741,
    "requestsPerSec": 536884.3009085467,
    "totalData": 112749854,
    "sizePerRequest": 14,
    "sizePerSec": 7516286.883981174
  },
  "responseTimeHistogram": {
    "0.000014237": 1,
    "0.0036268132999999997": 8053481,
    "0.0072393896": 0,
    "0.0108519659": 0,
    "0.0144645422": 0,
    "0.0180771185": 0,
    "0.0216896948": 0,
    "0.0253022711": 0,
    "0.0289148474": 0,
    "0.0325274237": 5,
    "0.03614": 74
  },
  "latencyPercentiles": {
    "p10": 0.00017153,
    "p25": 0.000174568,
    "p50": 0.000177973,
    "p75": 0.000181989,
    "p90": 0.000188543,
    "p95": 0.000261517,
    "p99": 0.000347691,
    "p99.9": 0.000363945,
    "p99.99": 0.000390949
  },
  "rps": {
    "mean": 537473.0669459981,
    "stddev": 19918.857084142743,
    "max": 549708.6304255399,
    "percentiles": {
      "p10": 531271.4502849791,
      "p25": 535449.8503810215,
      "p50": 539154.1849955915,
      "p75": 541756.4510221964,
      "p90": 543811.6919513899,
      "p95": 544713.1820589954,
      "p99": 546685.028392385,
      "p99.9": 549152.6088199486,
      "p99.99": 549708.6304255399
    }
  },
  "details": {
    "DNSDialup": {
      "average": 0.008924667229999999,
      "fastest": 0.00005112,
      "slowest": 0.033676273
    },
    "DNSLookup": {
      "average": 0.00011422206,
      "fastest": 1.283e-6,
      "slowest": 0.002266243
    }
  },
  "statusCodeDistribution": {
    "200": 8053561
  },
  "errorDistribution": {
    "aborted due to deadline": 100
  }
}