{
  "summary": {
    "successRate": 1.0,
    "total": 15.000444042,
    "slowest": 0.017112974,
    "fastest": 0.000010534,
    "average": 0.00009565576071551851,
    "requestsPerSec": 1037471.0212861844,
    "totalData": 217873964,
    "sizePerRequest": 14,
    "sizePerSec": 14524500.967436094
  },
  "responseTimeHistogram": {
    "0.000010534": 1,
    "0.001720778": 15562292,
    "0.003431022": 54,
    "0.005141266000000001": 0,
    "0.006851510000000001": 0,
    "0.008561754": 0,
    "0.010271998000000001": 0,
    "0.011982242": 0,
    "0.013692486": 17,
    "0.01540273": 42,
    "0.017112974": 20
  },
  "latencyPercentiles": {
    "p10": 0.000047065,
    "p25": 0.000062947,
    "p50": 0.000085908,
    "p75": 0.000116283,
    "p90": 0.000154433,
    "p95": 0.000183957,
    "p99": 0.000259217,
    "p99.9": 0.00042484,
    "p99.99": 0.000846704
  },
  "rps": {
    "mean": 1037194.8999634103,
    "stddev": 76945.43480678705,
    "max": 1123825.7356093465,
    "percentiles": {
      "p10": 1007634.0306811759,
      "p25": 1027728.2625272066,
      "p50": 1046846.2443202448,
      "p75": 1061549.4682051854,
      "p90": 1075064.0738187768,
      "p95": 1082619.5954146388,
      "p99": 1098758.4279822707,
      "p99.9": 1117027.7022870136,
      "p99.99": 1123825.7356093465
    }
  },
  "details": {
    "DNSDialup": {
      "average": 0.008855556220000003,
      "fastest": 0.000201022,
      "slowest": 0.015964402
    },
    "DNSLookup": {
      "average": 0.00031735806,
      "fastest": 5.335e-6,
      "slowest": 0.002471005
    }
  },
  "statusCodeDistribution": {
    "200": 15562426
  },
  "errorDistribution": {
    "aborted due to deadline": 100
  }
}