{
  "summary": {
    "successRate": 1.0,
    "total": 15.000534065,
    "slowest": 0.053798579,
    "fastest": 0.000034513,
    "average": 0.0003394390688468752,
    "requestsPerSec": 293549.94834978896,
    "totalData": 61646284,
    "sizePerRequest": 14,
    "sizePerSec": 4109605.946886665
  },
  "responseTimeHistogram": {
    "0.000034513": 1,
    "0.0054109195999999995": 4403126,
    "0.010787326199999999": 0,
    "0.016163732799999997": 0,
    "0.021540139399999998": 0,
    "0.026916546": 0,
    "0.032292952599999994": 0,
    "0.037669359199999995": 0,
    "0.043045765799999997": 0,
    "0.0484221724": 77,
    "0.053798579": 102
  },
  "latencyPercentiles": {
    "p10": 0.000195499,
    "p25": 0.000240972,
    "p50": 0.000302126,
    "p75": 0.000385853,
    "p90": 0.000510845,
    "p95": 0.000629747,
    "p99": 0.000937637,
    "p99.9": 0.001575171,
    "p99.99": 0.002644568
  },
  "rps": {
    "mean": 294921.77101652627,
    "stddev": 24197.706839571532,
    "max": 317004.4380621338,
    "percentiles": {
      "p10": 287118.3501839518,
      "p25": 292646.208836358,
      "p50": 297421.6522962887,
      "p75": 302452.8203124977,
      "p90": 306469.5082850323,
      "p95": 308518.9122093005,
      "p99": 311947.97759895516,
      "p99.9": 316138.09464040445,
      "p99.99": 317004.4380621338
    }
  },
  "details": {
    "DNSDialup": {
      "average": 0.0001181501534492472,
      "fastest": 9.82e-6,
      "slowest": 0.048003114
    },
    "DNSLookup": {
      "average": 2.5660776473403084e-6,
      "fastest": 1.174e-6,
      "slowest": 0.001261815
    }
  },
  "statusCodeDistribution": {
    "200": 4403306
  },
  "errorDistribution": {
    "aborted due to deadline": 100
  }
}