{
  "summary": {
    "successRate": 1.0,
    "total": 15.00022741,
    "slowest": 0.061592606,
    "fastest": 0.000032928,
    "average": 0.00031276131958443834,
    "requestsPerSec": 318946.0312322025,
    "totalData": 66978282,
    "sizePerRequest": 14,
    "sizePerSec": 4465151.105332475
  },
  "responseTimeHistogram": {
    "0.000032928": 1,
    "0.0061888958": 4783983,
    "0.0123448636": 0,
    "0.0185008314": 0,
    "0.024656799200000003": 10,
    "0.030812767000000005": 69,
    "0.0369687348": 0,
    "0.0431247026": 0,
    "0.049280670400000004": 0,
    "0.055436638200000006": 0,
    "0.06159260600000001": 100
  },
  "latencyPercentiles": {
    "p10": 0.00017721,
    "p25": 0.000219159,
    "p50": 0.000275824,
    "p75": 0.000354238,
    "p90": 0.000474882,
    "p95": 0.000596891,
    "p99": 0.000907371,
    "p99.9": 0.001488821,
    "p99.99": 0.002311568
  },
  "rps": {
    "mean": 320335.71676779835,
    "stddev": 27042.98806639831,
    "max": 347663.36701616045,
    "percentiles": {
      "p10": 310013.1135546936,
      "p25": 317122.1034106125,
      "p50": 323757.1107543391,
      "p75": 329613.4199778084,
      "p90": 334032.43454941537,
      "p95": 337023.08082911733,
      "p99": 341645.0615121312,
      "p99.9": 347429.5662560889,
      "p99.99": 347663.36701616045
    }
  },
  "details": {
    "DNSDialup": {
      "average": 0.00010786143144515649,
      "fastest": 8.548e-6,
      "slowest": 0.025308091
    },
    "DNSLookup": {
      "average": 1.8424265803654024e-6,
      "fastest": 9.37e-7,
      "slowest": 0.001226682
    }
  },
  "statusCodeDistribution": {
    "200": 4784163
  },
  "errorDistribution": {
    "aborted due to deadline": 100
  }
}