{
  "summary": {
    "successRate": 1.0,
    "total": 15.002323718,
    "slowest": 0.028127211,
    "fastest": 0.000038147,
    "average": 0.0012341747284482976,
    "requestsPerSec": 80877.00430995326,
    "totalData": 16985444,
    "sizePerRequest": 14,
    "sizePerSec": 1132187.541028769
  },
  "responseTimeHistogram": {
    "0.000038147": 1,
    "0.0028470534": 1012375,
    "0.0056559598": 189324,
    "0.0084648662": 11081,
    "0.0112737726": 439,
    "0.014082679": 9,
    "0.0168915854": 0,
    "0.0197004918": 0,
    "0.0225093982": 0,
    "0.025318304599999997": 0,
    "0.028127211": 17
  },
  "latencyPercentiles": {
    "p10": 0.000156734,
    "p25": 0.000240628,
    "p50": 0.000482084,
    "p75": 0.001907486,
    "p90": 0.003591984,
    "p95": 0.00432217,
    "p99": 0.005617488,
    "p99.9": 0.00757875,
    "p99.99": 0.009586591
  },
  "rps": {
    "mean": 80800.22156136615,
    "stddev": 94323.70007204107,
    "max": 300635.414851869,
    "min": 35.22671526450367,
    "percentiles": {
      "p10": 25698.6324397132,
      "p25": 27628.849762584632,
      "p50": 32519.798053055805,
      "p75": 66117.31194658612,
      "p90": 285828.66861545393,
      "p95": 290800.78516211925,
      "p99": 297760.326242096,
      "p99.9": 300364.48825562844,
      "p99.99": 300635.414851869
    }
  },
  "details": {
    "DNSDialup": {
      "average": 0.0004223045222271569,
      "fastest": 0.000013517,
      "slowest": 0.027839782
    },
    "DNSLookup": {
      "average": 1.644193764496131e-6,
      "fastest": 8.07e-7,
      "slowest": 0.001020567
    }
  },
  "statusCodeDistribution": {
    "200": 1213246
  },
  "errorDistribution": {
    "aborted due to deadline": 97
  }
}