{
  "summary": {
    "successRate": 1.0,
    "total": 15.004503046,
    "slowest": 0.030449448,
    "fastest": 0.000023134,
    "average": 0.0008965586945802382,
    "requestsPerSec": 111285.52507742948,
    "totalData": 23375646,
    "sizePerRequest": 14,
    "sizePerSec": 1557908.7110273628
  },
  "responseTimeHistogram": {
    "0.000023134": 1,
    "0.0030657654": 1524090,
    "0.0061083968": 96752,
    "0.0091510282": 43265,
    "0.012193659599999998": 4333,
    "0.015236290999999997": 921,
    "0.0182789224": 263,
    "0.0213215538": 51,
    "0.0243641852": 9,
    "0.027406816599999998": 1,
    "0.030449447999999997": 3
  },
  "latencyPercentiles": {
    "p10": 0.000126524,
    "p25": 0.000198812,
    "p50": 0.000333686,
    "p75": 0.00064694,
    "p90": 0.002338194,
    "p95": 0.005000272,
    "p99": 0.007569998,
    "p99.9": 0.011447468,
    "p99.99": 0.016739121
  },
  "firstByteHistogram": {
    "0.000023088": 1,
    "0.0030657182": 1524091,
    "0.0061083484": 96754,
    "0.009150978599999998": 43262,
    "0.012193608799999998": 4333,
    "0.015236238999999999": 921,
    "0.0182788692": 263,
    "0.0213214994": 51,
    "0.0243641296": 9,
    "0.0274067598": 1,
    "0.03044939": 3
  },
  "firstBytePercentiles": {
    "p10": 0.000126467,
    "p25": 0.000198758,
    "p50": 0.000333628,
    "p75": 0.000646878,
    "p90": 0.002338129,
    "p95": 0.005000149,
    "p99": 0.007569868,
    "p99.9": 0.011447398,
    "p99.99": 0.016738962
  },
  "rps": {
    "mean": 110822.66373913533,
    "stddev": 127376.08251558132,
    "max": 458612.5669247694,
    "min": 67.67062810523593,
    "percentiles": {
      "p10": 16354.36025806206,
      "p25": 18252.531808687185,
      "p50": 25176.340142261557,
      "p75": 211663.52194671662,
      "p90": 327351.5578703926,
      "p95": 368309.60893963603,
      "p99": 416148.6482971717,
      "p99.9": 449963.6967928935,
      "p99.99": 458612.5669247694
    }
  },
  "details": {
    "DNSDialup": {
      "average": 0.0002663040967814902,
      "fastest": 6.634e-6,
      "slowest": 0.017650381
    },
    "DNSLookup": {
      "average": 1.4664385349607176e-6,
      "fastest": 7.22e-7,
      "slowest": 0.001543262
    },
    "firstByte": {
      "average": 0.0008964987572793454,
      "fastest": 0.000023088,
      "slowest": 0.03044939
    }
  },
  "statusCodeDistribution": {
    "200": 1669689
  },
  "errorDistribution": {
    "aborted due to deadline": 95
  }
}