{
  "summary": {
    "successRate": 1.0,
    "total": 15.000546918,
    "slowest": 0.02049777,
    "fastest": 8.634e-6,
    "average": 0.00008976903769614769,
    "requestsPerSec": 1102445.1368607092,
    "totalData": 231520520,
    "sizePerRequest": 14,
    "sizePerSec": 15434138.586119518
  },
  "responseTimeHistogram": {
    "0.000008634": 1,
    "0.0020575475999999996": 16537014,
    "0.0041064612": 9,
    "0.006155374799999999": 77,
    "0.008204288399999999": 0,
    "0.010253202": 0,
    "0.012302115599999998": 0,
    "0.014351029199999997": 0,
    "0.016399942799999997": 1,
    "0.018448856399999998": 9,
    "0.02049777": 69
  },
  "latencyPercentiles": {
    "p10": 0.000044772,
    "p25": 0.00005859,
    "p50": 0.000078595,
    "p75": 0.000106222,
    "p90": 0.000144054,
    "p95": 0.000177281,
    "p99": 0.000278486,
    "p99.9": 0.000506091,
    "p99.99": 0.000777044
  },
  "rps": {
    "mean": 1102418.1162996625,
    "stddev": 88824.7486609382,
    "max": 1187941.008597721,
    "percentiles": {
      "p10": 1067049.7245172241,
      "p25": 1091145.391648389,
      "p50": 1114633.421620543,
      "p75": 1133405.771774092,
      "p90": 1147418.987349074,
      "p95": 1158248.1831244172,
      "p99": 1173730.0492894049,
      "p99.9": 1186147.659879035,
      "p99.99": 1187941.008597721
    }
  },
  "details": {
    "DNSDialup": {
      "average": 0.007126169320000001,
      "fastest": 0.000129476,
      "slowest": 0.019567593
    },
    "DNSLookup": {
      "average": 0.00004748192000000003,
      "fastest": 6.238e-6,
      "slowest": 0.000982729
    }
  },
  "statusCodeDistribution": {
    "200": 16537180
  },
  "errorDistribution": {
    "aborted due to deadline": 100
  }
}