{
  "summary": {
    "successRate": 1.0,
    "total": 15.001075071,
    "slowest": 0.040042252,
    "fastest": 9.227e-6,
    "average": 0.00008869530567396675,
    "requestsPerSec": 1115762.8317157829,
    "totalData": 234325588,
    "sizePerRequest": 14,
    "sizePerSec": 15620586.31737648
  },
  "responseTimeHistogram": {
    "0.000009227": 1,
    "0.0040125295": 16737462,
    "0.008015832": 0,
    "0.0120191345": 0,
    "0.016022437": 0,
    "0.0200257395": 0,
    "0.024029042": 0,
    "0.0280323445": 0,
    "0.032035647": 0,
    "0.0360389495": 2,
    "0.040042252": 77
  },
  "latencyPercentiles": {
    "p10": 0.000043999,
    "p25": 0.000057658,
    "p50": 0.000077456,
    "p75": 0.000104788,
    "p90": 0.000142363,
    "p95": 0.000175493,
    "p99": 0.000277935,
    "p99.9": 0.00050636,
    "p99.99": 0.000793873
  },
  "rps": {
    "mean": 1117931.1320696215,
    "stddev": 84964.67793454429,
    "max": 1210130.5730887027,
    "percentiles": {
      "p10": 1083592.1208830718,
      "p25": 1106863.5339669196,
      "p50": 1127747.0270511368,
      "p75": 1145687.4159497677,
      "p90": 1159949.5298449262,
      "p95": 1169299.0396286715,
      "p99": 1184106.0344500295,
      "p99.9": 1195722.9578808048,
      "p99.99": 1210130.5730887027
    }
  },
  "details": {
    "DNSDialup": {
      "average": 0.021695860090000012,
      "fastest": 0.000109231,
      "slowest": 0.038967766
    },
    "DNSLookup": {
      "average": 0.00016998682999999994,
      "fastest": 6.578e-6,
      "slowest": 0.002515998
    }
  },
  "statusCodeDistribution": {
    "200": 16737542
  },
  "errorDistribution": {
    "aborted due to deadline": 100
  }
}