{
  "summary": {
    "successRate": 1.0,
    "total": 15.001446649,
    "slowest": 0.021133291,
    "fastest": 0.000011942,
    "average": 0.00008007767156492445,
    "requestsPerSec": 1242885.5987194332,
    "totalData": 261029958,
    "sizePerRequest": 14,
    "sizePerSec": 17400319.05638916
  },
  "responseTimeHistogram": {
    "0.000011942": 1,
    "0.0021240769": 18643468,
    "0.0042362117999999995": 1013,
    "0.006348346699999999": 301,
    "0.008460481599999998": 195,
    "0.010572616499999998": 0,
    "0.012684751399999998": 0,
    "0.014796886299999997": 1,
    "0.0169090212": 8,
    "0.0190211561": 0,
    "0.021133291": 10
  },
  "latencyPercentiles": {
    "p10": 0.000027848,
    "p25": 0.000036167,
    "p50": 0.000053061,
    "p75": 0.000089871,
    "p90": 0.000156835,
    "p95": 0.00022116,
    "p99": 0.000428406,
    "p99.9": 0.000907221,
    "p99.99": 0.001846123
  },
  "rps": {
    "mean": 1243380.0503691856,
    "stddev": 43903.468886651164,
    "max": 1348989.1282757847,
    "min": 64.33138589361957,
    "percentiles": {
      "p10": 1203495.5575472913,
      "p25": 1241235.37520806,
      "p50": 1250642.1980179325,
      "p75": 1257857.8614616375,
      "p90": 1265254.7855322221,
      "p95": 1269530.9765558245,
      "p99": 1320926.2864330998,
      "p99.9": 1346057.5007999027,
      "p99.99": 1348989.1282757847
    }
  },
  "details": {
    "DNSDialup": {
      "average": 0.005363146179999999,
      "fastest": 0.000050423,
      "slowest": 0.02096997
    },
    "DNSLookup": {
      "average": 6.606769999999997e-6,
      "fastest": 8.88e-7,
      "slowest": 0.000031727
    }
  },
  "statusCodeDistribution": {
    "200": 18644997
  },
  "errorDistribution": {
    "aborted due to deadline": 85
  }
}