{
  "summary": {
    "successRate": 1.0,
    "total": 15.001147563,
    "slowest": 0.026903404,
    "fastest": 8.11e-6,
    "average": 0.00008859384235139625,
    "requestsPerSec": 1116855.5558591834,
    "totalData": 234556210,
    "sizePerRequest": 14,
    "sizePerSec": 15635884.45583508
  },
  "responseTimeHistogram": {
    "0.00000811": 1,
    "0.0026976394": 16753904,
    "0.005387168800000001": 31,
    "0.008076698200000001": 0,
    "0.0107662276": 0,
    "0.013455757": 0,
    "0.0161452864": 0,
    "0.018834815799999998": 0,
    "0.0215243452": 0,
    "0.0242138746": 1,
    "0.026903404": 78
  },
  "latencyPercentiles": {
    "p10": 0.00004429,
    "p25": 0.000057961,
    "p50": 0.000077689,
    "p75": 0.000104717,
    "p90": 0.00014169,
    "p95": 0.000174063,
    "p99": 0.00027499,
    "p99.9": 0.000502845,
    "p99.99": 0.000777188
  },
  "rps": {
    "mean": 1117569.7910610794,
    "stddev": 87609.06901833863,
    "max": 1192148.0860167106,
    "percentiles": {
      "p10": 1083609.986413505,
      "p25": 1106351.334702074,
      "p50": 1128125.834081658,
      "p75": 1146288.133161957,
      "p90": 1160814.9290901567,
      "p95": 1167551.781731557,
      "p99": 1179127.2278279618,
      "p99.9": 1191389.4652160492,
      "p99.99": 1192148.0860167106
    }
  },
  "details": {
    "DNSDialup": {
      "average": 0.009803724729999998,
      "fastest": 0.000191661,
      "slowest": 0.026290157
    },
    "DNSLookup": {
      "average": 0.00009544715000000003,
      "fastest": 6.409e-6,
      "slowest": 0.003178343
    }
  },
  "statusCodeDistribution": {
    "200": 16754015
  },
  "errorDistribution": {
    "aborted due to deadline": 100
  }
}