{
  "summary": {
    "successRate": 1.0,
    "total": 15.000900355,
    "slowest": 0.033729318,
    "fastest": 8.587e-6,
    "average": 0.00008874549157759148,
    "requestsPerSec": 1114949.343318933,
    "totalData": 234152016,
    "sizePerRequest": 14,
    "sizePerSec": 15609197.478733601
  },
  "responseTimeHistogram": {
    "0.000008587": 1,
    "0.0033806601": 16725064,
    "0.0067527332": 0,
    "0.010124806299999999": 0,
    "0.0134968794": 0,
    "0.016868952500000003": 0,
    "0.0202410256": 0,
    "0.0236130987": 0,
    "0.026985171800000003": 3,
    "0.030357244900000004": 53,
    "0.033729318": 23
  },
  "latencyPercentiles": {
    "p10": 0.000044231,
    "p25": 0.000057884,
    "p50": 0.000077591,
    "p75": 0.000104773,
    "p90": 0.000142217,
    "p95": 0.000175277,
    "p99": 0.000278474,
    "p99.9": 0.000504521,
    "p99.99": 0.000791587
  },
  "rps": {
    "mean": 1115794.3911036178,
    "stddev": 88241.99032596707,
    "max": 1212488.2994330004,
    "percentiles": {
      "p10": 1079776.5561578593,
      "p25": 1103667.7652007283,
      "p50": 1127522.0994329986,
      "p75": 1145828.9894734141,
      "p90": 1160030.3927963579,
      "p95": 1167845.6303499395,
      "p99": 1185742.212422805,
      "p99.9": 1201449.7400193228,
      "p99.99": 1212488.2994330004
    }
  },
  "details": {
    "DNSDialup": {
      "average": 0.015067733729999998,
      "fastest": 0.000354746,
      "slowest": 0.032934199
    },
    "DNSLookup": {
      "average": 0.00016611999,
      "fastest": 6.527e-6,
      "slowest": 0.002908823
    }
  },
  "statusCodeDistribution": {
    "200": 16725144
  },
  "errorDistribution": {
    "aborted due to deadline": 100
  }
}