{
  "summary": {
    "successRate": 1.0,
    "total": 15.001230746,
    "slowest": 0.039479615,
    "fastest": 9.64e-6,
    "average": 0.00009418704160575415,
    "requestsPerSec": 1053389.7696503042,
    "totalData": 221228602,
    "sizePerRequest": 14,
    "sizePerSec": 14747363.449428272
  },
  "responseTimeHistogram": {
    "0.00000964": 1,
    "0.0039566375": 15801963,
    "0.007903635000000001": 0,
    "0.011850632500000001": 0,
    "0.015797630000000003": 0,
    "0.019744627500000004": 0,
    "0.023691625000000004": 0,
    "0.027638622500000005": 0,
    "0.03158562": 0,
    "0.0355326175": 3,
    "0.039479615": 76
  },
  "latencyPercentiles": {
    "p10": 0.000045832,
    "p25": 0.000061314,
    "p50": 0.000083895,
    "p75": 0.000114324,
    "p90": 0.000153312,
    "p95": 0.000183572,
    "p99": 0.000259607,
    "p99.9": 0.000422432,
    "p99.99": 0.00081709
  },
  "rps": {
    "mean": 1055433.2429537962,
    "stddev": 76884.09829736136,
    "max": 1130227.9166294655,
    "percentiles": {
      "p10": 1020439.9023106031,
      "p25": 1045552.2776138638,
      "p50": 1065713.1082712032,
      "p75": 1082005.7346304106,
      "p90": 1097109.1060055771,
      "p95": 1105206.4313793369,
      "p99": 1117270.276300363,
      "p99.9": 1127083.722699543,
      "p99.99": 1130227.9166294655
    }
  },
  "details": {
    "DNSDialup": {
      "average": 0.02890290775000001,
      "fastest": 0.000331371,
      "slowest": 0.037961077
    },
    "DNSLookup": {
      "average": 0.00016406103999999996,
      "fastest": 5.15e-6,
      "slowest": 0.001848369
    }
  },
  "statusCodeDistribution": {
    "200": 15802043
  },
  "errorDistribution": {
    "aborted due to deadline": 100
  }
}