{
  "summary": {
    "successRate": 1.0,
    "total": 15.001031954,
    "slowest": 0.0545184,
    "fastest": 0.000035859,
    "average": 0.0003435217486770802,
    "requestsPerSec": 290045.64574904577,
    "totalData": 60912376,
    "sizePerRequest": 14,
    "sizePerSec": 4060545.713573913
  },
  "responseTimeHistogram": {
    "0.000035859": 1,
    "0.0054841131": 4350700,
    "0.0109323672": 4,
    "0.0163806213": 0,
    "0.0218288754": 0,
    "0.0272771295": 0,
    "0.0327253836": 0,
    "0.0381736377": 0,
    "0.0436218918": 0,
    "0.0490701459": 8,
    "0.0545184": 171
  },
  "latencyPercentiles": {
    "p10": 0.000198608,
    "p25": 0.000244665,
    "p50": 0.000306268,
    "p75": 0.000390299,
    "p90": 0.000514418,
    "p95": 0.000631721,
    "p99": 0.000942975,
    "p99.9": 0.001620813,
    "p99.99": 0.002888587
  },
  "rps": {
    "mean": 291408.66665143747,
    "stddev": 25659.911632794032,
    "max": 316399.1594965882,
    "percentiles": {
      "p10": 284045.3299515003,
      "p25": 289589.2224394402,
      "p50": 294787.6242850457,
      "p75": 299425.2415478564,
      "p90": 303561.6769491471,
      "p95": 305958.3640492162,
      "p99": 309431.72508536367,
      "p99.9": 311704.3898001468,
      "p99.99": 316399.1594965882
    }
  },
  "details": {
    "DNSDialup": {
      "average": 0.00012020930796086394,
      "fastest": 0.000010008,
      "slowest": 0.049775231
    },
    "DNSLookup": {
      "average": 2.6319703122400947e-6,
      "fastest": 1.167e-6,
      "slowest": 0.001075613
    }
  },
  "statusCodeDistribution": {
    "200": 4350884
  },
  "errorDistribution": {
    "aborted due to deadline": 100
  }
}