{
  "summary": {
    "successRate": 1.0,
    "total": 15.000243664,
    "slowest": 0.059120445,
    "fastest": 0.000036251,
    "average": 0.0003407562250474008,
    "requestsPerSec": 292491.382025326,
    "totalData": 61422788,
    "sizePerRequest": 14,
    "sizePerSec": 4094786.016537338
  },
  "responseTimeHistogram": {
    "0.000036251": 1,
    "0.0059446704": 4387162,
    "0.0118530898": 0,
    "0.0177615092": 5,
    "0.0236699286": 64,
    "0.029578348": 10,
    "0.0354867674": 0,
    "0.0413951868": 0,
    "0.0473036062": 0,
    "0.053212025600000004": 0,
    "0.059120445": 100
  },
  "latencyPercentiles": {
    "p10": 0.000196727,
    "p25": 0.000242501,
    "p50": 0.000303839,
    "p75": 0.00038751,
    "p90": 0.000512566,
    "p95": 0.00063155,
    "p99": 0.000941393,
    "p99.9": 0.001584927,
    "p99.99": 0.002502884
  },
  "rps": {
    "mean": 293664.5835741464,
    "stddev": 22164.44028950117,
    "max": 320320.19206397125,
    "percentiles": {
      "p10": 285349.1954523894,
      "p25": 290457.88825712714,
      "p50": 295955.28773945157,
      "p75": 301151.4366653785,
      "p90": 305083.6844546397,
      "p95": 307572.3102501399,
      "p99": 311332.16061219043,
      "p99.9": 317005.06757245684,
      "p99.99": 320320.19206397125
    }
  },
  "details": {
    "DNSDialup": {
      "average": 0.00011925533722011943,
      "fastest": 0.000010156,
      "slowest": 0.023549889
    },
    "DNSLookup": {
      "average": 2.5788283666967e-6,
      "fastest": 1.171e-6,
      "slowest": 0.002513373
    }
  },
  "statusCodeDistribution": {
    "200": 4387342
  },
  "errorDistribution": {
    "aborted due to deadline": 100
  }
}