{
  "summary": {
    "successRate": 1.0,
    "total": 15.000365148,
    "slowest": 0.045752889,
    "fastest": 0.000041805,
    "average": 0.00033180707458345014,
    "requestsPerSec": 300588.8160396667,
    "totalData": 63123788,
    "sizePerRequest": 14,
    "sizePerSec": 4208150.093493978
  },
  "responseTimeHistogram": {
    "0.000041805": 1,
    "0.0046129134": 4508746,
    "0.0091840218": 16,
    "0.013755130200000002": 0,
    "0.0183262386": 0,
    "0.022897347": 0,
    "0.0274684554": 0,
    "0.0320395638": 2,
    "0.0366106722": 37,
    "0.0411817806": 37,
    "0.045752889": 3
  },
  "latencyPercentiles": {
    "p10": 0.000195858,
    "p25": 0.000241281,
    "p50": 0.000302798,
    "p75": 0.000385204,
    "p90": 0.000493519,
    "p95": 0.000584997,
    "p99": 0.000832119,
    "p99.9": 0.001295862,
    "p99.99": 0.001988154
  },
  "rps": {
    "mean": 300931.61394496553,
    "stddev": 15218.775001800128,
    "max": 326519.93077058386,
    "percentiles": {
      "p10": 290066.367184796,
      "p25": 296522.89156723313,
      "p50": 302278.374468773,
      "p75": 307453.98773928,
      "p90": 311824.636307131,
      "p95": 314229.5375765268,
      "p99": 320067.99293048773,
      "p99.9": 326442.72075751406,
      "p99.99": 326519.93077058386
    }
  },
  "details": {
    "DNSDialup": {
      "average": 0.00011430291277405467,
      "fastest": 9.333e-6,
      "slowest": 0.037019581
    },
    "DNSLookup": {
      "average": 1.8756892539147718e-6,
      "fastest": 9.41e-7,
      "slowest": 0.005088022
    }
  },
  "statusCodeDistribution": {
    "200": 4508842
  },
  "errorDistribution": {
    "aborted due to deadline": 100
  }
}