{
  "summary": {
    "successRate": 1.0,
    "total": 15.00066129,
    "slowest": 0.042971795,
    "fastest": 7.58e-6,
    "average": 0.00007808078681116109,
    "requestsPerSec": 1266281.5080467695,
    "totalData": 265929440,
    "sizePerRequest": 14,
    "sizePerSec": 17727847.783435952
  },
  "responseTimeHistogram": {
    "0.00000758": 1,
    "0.0043040015": 18994726,
    "0.008600423": 77,
    "0.012896844499999999": 0,
    "0.017193266": 77,
    "0.0214896875": 0,
    "0.025786108999999998": 0,
    "0.030082530499999996": 0,
    "0.034378952": 0,
    "0.0386753735": 0,
    "0.042971795": 79
  },
  "latencyPercentiles": {
    "p10": 0.00003968,
    "p25": 0.000051773,
    "p50": 0.000069543,
    "p75": 0.000093174,
    "p90": 0.000123653,
    "p95": 0.000149442,
    "p99": 0.000221713,
    "p99.9": 0.000372635,
    "p99.99": 0.00070219
  },
  "rps": {
    "mean": 1269270.5460891533,
    "stddev": 107311.10930804705,
    "max": 1382743.141425894,
    "percentiles": {
      "p10": 1229418.836552913,
      "p25": 1255997.8422319444,
      "p50": 1282036.794455998,
      "p75": 1305382.369627642,
      "p90": 1325127.665836441,
      "p95": 1337045.5932547308,
      "p99": 1354997.830843387,
      "p99.9": 1373782.976491781,
      "p99.99": 1382743.141425894
    }
  },
  "details": {
    "DNSDialup": {
      "average": 0.032040980370000006,
      "fastest": 0.000326135,
      "slowest": 0.041731171
    },
    "DNSLookup": {
      "average": 0.000032610650000000006,
      "fastest": 5.711e-6,
      "slowest": 0.000551117
    }
  },
  "statusCodeDistribution": {
    "200": 18994960
  },
  "errorDistribution": {
    "aborted due to deadline": 100
  }
}