{
  "summary": {
    "successRate": 1.0,
    "total": 15.000190726,
    "slowest": 0.04152987,
    "fastest": 0.000040646,
    "average": 0.0003290189893855337,
    "requestsPerSec": 303174.81177872326,
    "totalData": 63666120,
    "sizePerRequest": 14,
    "sizePerSec": 4244354.0327555165
  },
  "responseTimeHistogram": {
    "0.000040646": 1,
    "0.0041895684": 4547412,
    "0.0083384908": 86,
    "0.0124874132": 2,
    "0.0166363356": 0,
    "0.020785258": 0,
    "0.0249341804": 0,
    "0.0290831028": 0,
    "0.0332320252": 3,
    "0.0373809476": 58,
    "0.04152987": 18
  },
  "latencyPercentiles": {
    "p10": 0.000191441,
    "p25": 0.000236699,
    "p50": 0.000298371,
    "p75": 0.000382361,
    "p90": 0.000494084,
    "p95": 0.000589304,
    "p99": 0.000845367,
    "p99.9": 0.001323729,
    "p99.99": 0.00205698
  },
  "rps": {
    "mean": 303468.30730995844,
    "stddev": 15740.040501982292,
    "max": 329623.740752277,
    "percentiles": {
      "p10": 292386.9266332672,
      "p25": 298925.7094530541,
      "p50": 304915.7946381757,
      "p75": 310026.73893090436,
      "p90": 314634.53772834886,
      "p95": 317505.919974904,
      "p99": 322240.99542135576,
      "p99.9": 328119.62155336735,
      "p99.99": 329623.740752277
    }
  },
  "details": {
    "DNSDialup": {
      "average": 0.00011247026972213408,
      "fastest": 8.584e-6,
      "slowest": 0.035461581
    },
    "DNSLookup": {
      "average": 1.8432811422779225e-6,
      "fastest": 9.35e-7,
      "slowest": 0.002749188
    }
  },
  "statusCodeDistribution": {
    "200": 4547580
  },
  "errorDistribution": {
    "aborted due to deadline": 100
  }
}