{
  "summary": {
    "successRate": 1.0,
    "total": 15.007215112,
    "slowest": 0.030959452,
    "fastest": 6.952e-6,
    "average": 0.00004856428279489705,
    "requestsPerSec": 2034002.9627210423,
    "totalData": 427344792,
    "sizePerRequest": 14,
    "sizePerSec": 28475955.652710576
  },
  "responseTimeHistogram": {
    "0.000006952": 1,
    "0.003102202": 30523161,
    "0.006197452": 807,
    "0.009292701999999998": 312,
    "0.012387951999999999": 48,
    "0.015483202": 161,
    "0.018578452": 131,
    "0.021673702": 2,
    "0.024768952": 0,
    "0.027864202": 0,
    "0.030959452000000002": 5
  },
  "latencyPercentiles": {
    "p10": 0.000017604,
    "p25": 0.000025468,
    "p50": 0.000042634,
    "p75": 0.000063153,
    "p90": 0.000085719,
    "p95": 0.000102189,
    "p99": 0.000142093,
    "p99.9": 0.000213167,
    "p99.99": 0.00081085
  },
  "firstByteHistogram": {
    "0.000006902": 1,
    "0.003102152": 30523161,
    "0.006197401999999999": 807,
    "0.009292651999999998": 312,
    "0.012387902": 48,
    "0.015483152": 161,
    "0.018578401999999997": 131,
    "0.021673651999999998": 2,
    "0.024768902": 0,
    "0.027864152": 0,
    "0.030959402": 5
  },
  "firstBytePercentiles": {
    "p10": 0.000017555,
    "p25": 0.000025418,
    "p50": 0.000042584,
    "p75": 0.000063103,
    "p90": 0.000085667,
    "p95": 0.000102136,
    "p99": 0.00014204,
    "p99.9": 0.000213113,
    "p99.99": 0.000810804
  },
  "rps": {
    "mean": 2034780.9700324559,
    "stddev": 111084.59984359742,
    "max": 2084668.9061444807,
    "min": 185417.9072472185,
    "percentiles": {
      "p10": 1999728.7825336365,
      "p25": 2053548.882293966,
      "p50": 2061436.6935732046,
      "p75": 2067445.8972989055,
      "p90": 2071758.009224318,
      "p95": 2074787.9710099227,
      "p99": 2079897.5471949507,
      "p99.9": 2084547.527683535,
      "p99.99": 2084668.9061444807
    }
  },
  "details": {
    "DNSDialup": {
      "average": 0.002988006990000001,
      "fastest": 0.000022165,
      "slowest": 0.015898361
    },
    "DNSLookup": {
      "average": 5.31926e-6,
      "fastest": 7.53e-7,
      "slowest": 0.000030349
    },
    "firstByte": {
      "average": 0.000048514231372801665,
      "fastest": 6.902e-6,
      "slowest": 0.030959402
    }
  },
  "statusCodeDistribution": {
    "200": 30524628
  },
  "errorDistribution": {
    "aborted due to deadline": 92
  }
}