{
  "summary": {
    "successRate": 1.0,
    "total": 15.000502286,
    "slowest": 0.0413774,
    "fastest": 0.000037576,
    "average": 0.0003395618147665293,
    "requestsPerSec": 293450.3069346087,
    "totalData": 61625228,
    "sizePerRequest": 14,
    "sizePerSec": 4108210.9668764197
  },
  "responseTimeHistogram": {
    "0.000037576": 1,
    "0.004171558400000001": 4401619,
    "0.0083055408": 3,
    "0.012439523200000002": 0,
    "0.016573505600000003": 0,
    "0.020707488000000003": 0,
    "0.024841470400000006": 0,
    "0.028975452800000006": 0,
    "0.0331094352": 0,
    "0.0372434176": 16,
    "0.0413774": 163
  },
  "latencyPercentiles": {
    "p10": 0.000196524,
    "p25": 0.000242178,
    "p50": 0.000303252,
    "p75": 0.000386747,
    "p90": 0.000510234,
    "p95": 0.00062785,
    "p99": 0.000935082,
    "p99.9": 0.00154037,
    "p99.99": 0.002463403
  },
  "rps": {
    "mean": 294506.75678587117,
    "stddev": 22873.80536104981,
    "max": 316715.85465966293,
    "percentiles": {
      "p10": 285966.85905164736,
      "p25": 291817.188032378,
      "p50": 297244.3191279856,
      "p75": 302124.5627269491,
      "p90": 306060.46750312997,
      "p95": 308132.7326529689,
      "p99": 312256.06558157323,
      "p99.9": 316196.25013853685,
      "p99.99": 316715.85465966293
    }
  },
  "details": {
    "DNSDialup": {
      "average": 0.00011869368504603637,
      "fastest": 9.844e-6,
      "slowest": 0.039914638
    },
    "DNSLookup": {
      "average": 2.600146449340651e-6,
      "fastest": 1.175e-6,
      "slowest": 0.002610578
    }
  },
  "statusCodeDistribution": {
    "200": 4401802
  },
  "errorDistribution": {
    "aborted due to deadline": 100
  }
}