{
  "summary": {
    "successRate": 1.0,
    "total": 15.001065082,
    "slowest": 0.012058677,
    "fastest": 0.000035128,
    "average": 0.0003134576966163217,
    "requestsPerSec": 318351.7952822118,
    "totalData": 66858442,
    "sizePerRequest": 14,
    "sizePerSec": 4456913.001479104
  },
  "responseTimeHistogram": {
    "0.000035128": 1,
    "0.0012374829": 4774185,
    "0.0024398378": 1313,
    "0.0036421927": 24,
    "0.0048445476": 0,
    "0.0060469025": 0,
    "0.0072492573999999995": 0,
    "0.0084516123": 0,
    "0.0096539672": 4,
    "0.010856322100000001": 0,
    "0.012058677": 76
  },
  "latencyPercentiles": {
    "p10": 0.000191123,
    "p25": 0.000235678,
    "p50": 0.000292743,
    "p75": 0.000362541,
    "p90": 0.000451847,
    "p95": 0.000530848,
    "p99": 0.000753023,
    "p99.9": 0.001060357,
    "p99.99": 0.001418755
  },
  "rps": {
    "mean": 318326.5259278036,
    "stddev": 10295.49662809406,
    "max": 336523.268473241,
    "min": 450.49768168261784,
    "percentiles": {
      "p10": 312034.8230862066,
      "p25": 315185.76204584487,
      "p50": 318680.85343611165,
      "p75": 322192.70345593453,
      "p90": 325432.5160503776,
      "p95": 327518.30827342713,
      "p99": 330837.3846244628,
      "p99.9": 336095.6528227931,
      "p99.99": 336523.268473241
    }
  },
  "details": {
    "DNSDialup": {
      "average": 0.00012634991868923947,
      "fastest": 0.00001625,
      "slowest": 0.008622043
    },
    "DNSLookup": {
      "average": 1.6654723317662452e-6,
      "fastest": 8.56e-7,
      "slowest": 0.001464713
    }
  },
  "statusCodeDistribution": {
    "200": 4775603
  },
  "errorDistribution": {
    "aborted due to deadline": 13
  }
}