{
  "summary": {
    "successRate": 1.0,
    "total": 15.000966448,
    "slowest": 0.032153399,
    "fastest": 5.888e-6,
    "average": 0.00002860305613345556,
    "requestsPerSec": 1333740.9339161266,
    "totalData": 280102242,
    "sizePerRequest": 14,
    "sizePerSec": 18672279.747505505
  },
  "responseTimeHistogram": {
    "0.000005888": 1,
    "0.0032206390999999996": 20007238,
    "0.006435390199999999": 16,
    "0.0096501413": 0,
    "0.0128648924": 16,
    "0.016079643499999997": 0,
    "0.019294394599999997": 0,
    "0.022509145699999997": 0,
    "0.025723896799999996": 2,
    "0.028938647899999996": 4,
    "0.032153399": 26
  },
  "latencyPercentiles": {
    "p10": 0.000016702,
    "p25": 0.00002073,
    "p50": 0.000026323,
    "p75": 0.000033901,
    "p90": 0.000043104,
    "p95": 0.000049053,
    "p99": 0.000059927,
    "p99.9": 0.000143369,
    "p99.99": 0.000265027
  },
  "rps": {
    "mean": 1335754.6929163255,
    "stddev": 119605.44401261571,
    "max": 1416039.9323261557,
    "percentiles": {
      "p10": 1302307.9440784643,
      "p25": 1331218.104566093,
      "p50": 1354363.9259773314,
      "p75": 1372169.4317732328,
      "p90": 1386786.9515419416,
      "p95": 1393667.7322517892,
      "p99": 1405703.6548294916,
      "p99.9": 1415427.6007582066,
      "p99.99": 1416039.9323261557
    }
  },
  "details": {
    "DNSDialup": {
      "average": 0.022360014414634147,
      "fastest": 0.000479768,
      "slowest": 0.031708435
    },
    "DNSLookup": {
      "average": 0.00004417907317073171,
      "fastest": 6.699e-6,
      "slowest": 0.001049261
    }
  },
  "statusCodeDistribution": {
    "200": 20007303
  },
  "errorDistribution": {
    "aborted due to deadline": 100
  }
}