{
  "summary": {
    "successRate": 1.0,
    "total": 15.000268386,
    "slowest": 0.04122563,
    "fastest": 0.000030605,
    "average": 0.00027916961687043,
    "requestsPerSec": 357177.1425770275,
    "totalData": 75007142,
    "sizePerRequest": 14,
    "sizePerSec": 5000386.664414979
  },
  "responseTimeHistogram": {
    "0.000030605": 1,
    "0.0041501075": 5357508,
    "0.008269609999999998": 5,
    "0.012389112499999997": 0,
    "0.016508614999999997": 0,
    "0.020628117499999998": 0,
    "0.024747619999999994": 0,
    "0.028867122499999995": 0,
    "0.032986625": 0,
    "0.037106127499999995": 53,
    "0.04122563": 86
  },
  "latencyPercentiles": {
    "p10": 0.000139209,
    "p25": 0.000177886,
    "p50": 0.00023573,
    "p75": 0.000328659,
    "p90": 0.000469681,
    "p95": 0.000586486,
    "p99": 0.000862787,
    "p99.9": 0.001261847,
    "p99.99": 0.001730585
  },
  "rps": {
    "mean": 357911.5518310358,
    "stddev": 12675.464419889016,
    "max": 384204.72571812884,
    "percentiles": {
      "p10": 347764.35271234444,
      "p25": 353523.09674228926,
      "p50": 359052.3498326076,
      "p75": 363949.2423324967,
      "p90": 368027.6020701588,
      "p95": 370492.1413955625,
      "p99": 375901.5411963209,
      "p99.9": 381556.31771248556,
      "p99.99": 384204.72571812884
    }
  },
  "details": {
    "DNSDialup": {
      "average": 0.00008265947705963486,
      "fastest": 0.000013624,
      "slowest": 0.040514824
    },
    "DNSLookup": {
      "average": 1.9148644311232415e-6,
      "fastest": 1.141e-6,
      "slowest": 0.000833504
    }
  },
  "statusCodeDistribution": {
    "200": 5357653
  },
  "errorDistribution": {
    "aborted due to deadline": 100
  }
}