{
  "summary": {
    "successRate": 1.0,
    "total": 15.000827109,
    "slowest": 0.051086568,
    "fastest": 7.208e-6,
    "average": 0.00003471471266205659,
    "requestsPerSec": 1188775.8501863552,
    "totalData": 249655294,
    "sizePerRequest": 14,
    "sizePerSec": 16642768.574421812
  },
  "responseTimeHistogram": {
    "0.000007208": 1,
    "0.005115143999999999": 17832457,
    "0.010223079999999999": 19,
    "0.015331015999999998": 0,
    "0.020438952": 0,
    "0.025546888": 0,
    "0.030654823999999997": 0,
    "0.03576276": 0,
    "0.040870696": 0,
    "0.045978632": 0,
    "0.051086568": 44
  },
  "latencyPercentiles": {
    "p10": 0.000018351,
    "p25": 0.000024499,
    "p50": 0.000033148,
    "p75": 0.000042255,
    "p90": 0.000051304,
    "p95": 0.000057072,
    "p99": 0.00007324,
    "p99.9": 0.000188136,
    "p99.99": 0.000353476
  },
  "rps": {
    "mean": 1191358.1152670546,
    "stddev": 74803.36283157903,
    "max": 1318365.5227664276,
    "percentiles": {
      "p10": 1132320.3817667721,
      "p25": 1169829.0933114204,
      "p50": 1202970.1331586083,
      "p75": 1230505.90642821,
      "p90": 1249408.7458612223,
      "p95": 1260222.0538860038,
      "p99": 1281899.0907997473,
      "p99.9": 1292235.8139840525,
      "p99.99": 1318365.5227664276
    }
  },
  "details": {
    "DNSDialup": {
      "average": 0.014165823088235295,
      "fastest": 0.000058038,
      "slowest": 0.050234051
    },
    "DNSLookup": {
      "average": 0.000056403367647058835,
      "fastest": 1.441e-6,
      "slowest": 0.000496667
    }
  },
  "statusCodeDistribution": {
    "200": 17832521
  },
  "errorDistribution": {
    "aborted due to deadline": 100
  }
}