{
  "summary": {
    "successRate": 1.0,
    "total": 15.001179037,
    "slowest": 0.03718758,
    "fastest": 0.000028989,
    "average": 0.00027871219243603485,
    "requestsPerSec": 357831.47356352693,
    "totalData": 75149116,
    "sizePerRequest": 14,
    "sizePerSec": 5009547.303891697
  },
  "responseTimeHistogram": {
    "0.000028989": 1,
    "0.0037448481": 5367660,
    "0.0074607072": 0,
    "0.0111765663": 7,
    "0.0148924254": 22,
    "0.0186082845": 0,
    "0.0223241436": 0,
    "0.0260400027": 1,
    "0.0297558618": 0,
    "0.033471720899999995": 25,
    "0.03718758": 78
  },
  "latencyPercentiles": {
    "p10": 0.000139333,
    "p25": 0.000177863,
    "p50": 0.000235625,
    "p75": 0.000328391,
    "p90": 0.000469361,
    "p95": 0.000585311,
    "p99": 0.000860263,
    "p99.9": 0.001255397,
    "p99.99": 0.00171285
  },
  "rps": {
    "mean": 358228.78038468317,
    "stddev": 15695.44022761052,
    "max": 379817.31966978434,
    "percentiles": {
      "p10": 347973.84773431736,
      "p25": 353306.642164865,
      "p50": 359430.1921360913,
      "p75": 364557.78240850836,
      "p90": 369017.9012194356,
      "p95": 371757.6224314813,
      "p99": 376110.93090658035,
      "p99.9": 379043.30789934157,
      "p99.99": 379817.31966978434
    }
  },
  "details": {
    "DNSDialup": {
      "average": 0.00008280367103841656,
      "fastest": 0.000013501,
      "slowest": 0.02498171
    },
    "DNSLookup": {
      "average": 1.9107272916955557e-6,
      "fastest": 1.128e-6,
      "slowest": 0.000753673
    }
  },
  "statusCodeDistribution": {
    "200": 5367794
  },
  "errorDistribution": {
    "aborted due to deadline": 100
  }
}