{
  "summary": {
    "successRate": 1.0,
    "total": 15.000395014,
    "slowest": 0.051371667,
    "fastest": 0.000029366,
    "average": 0.00029191044738247226,
    "requestsPerSec": 341660.46928875893,
    "totalData": 71749188,
    "sizePerRequest": 14,
    "sizePerSec": 4783153.239167092
  },
  "responseTimeHistogram": {
    "0.000029366": 1,
    "0.0051635961": 5124830,
    "0.010297826199999999": 4,
    "0.015432056299999998": 2,
    "0.020566286399999998": 0,
    "0.025700516499999996": 0,
    "0.030834746599999997": 8,
    "0.0359689767": 79,
    "0.0411032068": 11,
    "0.0462374369": 0,
    "0.051371666999999996": 7
  },
  "latencyPercentiles": {
    "p10": 0.000143348,
    "p25": 0.000183676,
    "p50": 0.000244798,
    "p75": 0.000344027,
    "p90": 0.000496609,
    "p95": 0.000623003,
    "p99": 0.000924621,
    "p99.9": 0.00136325,
    "p99.99": 0.001876995
  },
  "rps": {
    "mean": 341957.8572957677,
    "stddev": 16232.679455551364,
    "max": 364322.9159114116,
    "percentiles": {
      "p10": 328670.56557043525,
      "p25": 338048.94948791986,
      "p50": 344104.54217997316,
      "p75": 349428.1988556296,
      "p90": 353935.9952907205,
      "p95": 355941.73599931266,
      "p99": 360225.9337056369,
      "p99.9": 364207.466253061,
      "p99.99": 364322.9159114116
    }
  },
  "details": {
    "DNSDialup": {
      "average": 0.0000856891037352234,
      "fastest": 0.000013447,
      "slowest": 0.032555961
    },
    "DNSLookup": {
      "average": 1.8951839207155656e-6,
      "fastest": 1.116e-6,
      "slowest": 0.000779065
    }
  },
  "statusCodeDistribution": {
    "200": 5124942
  },
  "errorDistribution": {
    "aborted due to deadline": 100
  }
}