{
  "summary": {
    "successRate": 1.0,
    "total": 15.001023848,
    "slowest": 0.060885879,
    "fastest": 0.000030019,
    "average": 0.0002783065295576322,
    "requestsPerSec": 358216.81602862285,
    "totalData": 75229266,
    "sizePerRequest": 14,
    "sizePerSec": 5014942.0974375615
  },
  "responseTimeHistogram": {
    "0.000030019": 1,
    "0.006115605": 5373376,
    "0.012201190999999998": 0,
    "0.018286776999999997": 2,
    "0.024372362999999998": 0,
    "0.030457948999999998": 22,
    "0.036543534999999995": 0,
    "0.042629121": 29,
    "0.048714706999999996": 10,
    "0.05480029299999999": 0,
    "0.060885879": 79
  },
  "latencyPercentiles": {
    "p10": 0.000137984,
    "p25": 0.000176295,
    "p50": 0.000233729,
    "p75": 0.000326382,
    "p90": 0.000470067,
    "p95": 0.000589031,
    "p99": 0.000870554,
    "p99.9": 0.00127928,
    "p99.99": 0.001748273
  },
  "rps": {
    "mean": 359418.21191503265,
    "stddev": 12238.07534097284,
    "max": 377826.75013391604,
    "percentiles": {
      "p10": 349942.34063952294,
      "p25": 355261.495764901,
      "p50": 360327.3488457757,
      "p75": 364969.67440163996,
      "p90": 368955.2325983428,
      "p95": 371371.9718881446,
      "p99": 375117.6305286315,
      "p99.9": 376907.83968305256,
      "p99.99": 377826.75013391604
    }
  },
  "details": {
    "DNSDialup": {
      "average": 0.00008295521316216627,
      "fastest": 0.000012436,
      "slowest": 0.056613148
    },
    "DNSLookup": {
      "average": 1.8858044864081767e-6,
      "fastest": 1.126e-6,
      "slowest": 0.000802523
    }
  },
  "statusCodeDistribution": {
    "200": 5373519
  },
  "errorDistribution": {
    "aborted due to deadline": 100
  }
}