{
  "summary": {
    "successRate": 1.0,
    "total": 15.000548135,
    "slowest": 0.049610178,
    "fastest": 0.000027472,
    "average": 0.0002796517469612733,
    "requestsPerSec": 356572.7699989811,
    "totalData": 74881618,
    "sizePerRequest": 14,
    "sizePerSec": 4991925.450062895
  },
  "responseTimeHistogram": {
    "0.000027472": 1,
    "0.0049857426": 5348527,
    "0.0099440132": 22,
    "0.0149022838": 4,
    "0.0198605544": 5,
    "0.024818825000000003": 0,
    "0.0297770956": 49,
    "0.0347353662": 0,
    "0.0396936368": 0,
    "0.0446519074": 0,
    "0.049610178000000005": 79
  },
  "latencyPercentiles": {
    "p10": 0.000139792,
    "p25": 0.000178377,
    "p50": 0.000236147,
    "p75": 0.000328971,
    "p90": 0.000470258,
    "p95": 0.000587359,
    "p99": 0.000863155,
    "p99.9": 0.001258029,
    "p99.99": 0.001730745
  },
  "rps": {
    "mean": 357502.52792423835,
    "stddev": 12684.08036168554,
    "max": 380040.00673849706,
    "percentiles": {
      "p10": 346790.20013100916,
      "p25": 352671.6981562235,
      "p50": 358783.7261706535,
      "p75": 363675.09890792804,
      "p90": 367683.5009230531,
      "p95": 370338.70039419003,
      "p99": 374338.7016572554,
      "p99.9": 379805.77877093275,
      "p99.99": 380040.00673849706
    }
  },
  "details": {
    "DNSDialup": {
      "average": 0.00008347851940056027,
      "fastest": 0.000012608,
      "slowest": 0.041353989
    },
    "DNSLookup": {
      "average": 1.904492116102442e-6,
      "fastest": 1.137e-6,
      "slowest": 0.000758717
    }
  },
  "statusCodeDistribution": {
    "200": 5348687
  },
  "errorDistribution": {
    "aborted due to deadline": 100
  }
}