{
  "summary": {
    "successRate": 1.0,
    "total": 15.001036736,
    "slowest": 0.018503792,
    "fastest": 9.763e-6,
    "average": 0.00008248286988181415,
    "requestsPerSec": 1203471.954486653,
    "totalData": 252746326,
    "sizePerRequest": 14,
    "sizePerSec": 16848590.563974205
  },
  "responseTimeHistogram": {
    "0.000009763": 1,
    "0.0018591659000000004": 18052921,
    "0.0037085688000000005": 77,
    "0.005557971700000002": 77,
    "0.0074073746000000015": 0,
    "0.0092567775": 77,
    "0.011106180400000002": 0,
    "0.012955583300000002": 0,
    "0.014804986200000002": 0,
    "0.016654389100000003": 70,
    "0.018503792": 86
  },
  "latencyPercentiles": {
    "p10": 0.000043412,
    "p25": 0.000057084,
    "p50": 0.000077513,
    "p75": 0.000101112,
    "p90": 0.000126831,
    "p95": 0.000144687,
    "p99": 0.000186721,
    "p99.9": 0.000276528,
    "p99.99": 0.000452216
  },
  "rps": {
    "mean": 1203893.4202378874,
    "stddev": 67997.42432716602,
    "max": 1293799.1050114552,
    "min": 55.60637669461128,
    "percentiles": {
      "p10": 1172318.2881651677,
      "p25": 1192924.866337301,
      "p50": 1209705.6072994706,
      "p75": 1224931.7257317365,
      "p90": 1239713.061831151,
      "p95": 1250605.2525420638,
      "p99": 1269180.9737461235,
      "p99.9": 1284813.577520249,
      "p99.99": 1293799.1050114552
    }
  },
  "details": {
    "DNSDialup": {
      "average": 0.0059009671100000004,
      "fastest": 0.000061946,
      "slowest": 0.018172306
    },
    "DNSLookup": {
      "average": 0.000018878200000000015,
      "fastest": 1.185e-6,
      "slowest": 0.000120762
    }
  },
  "statusCodeDistribution": {
    "200": 18053309
  },
  "errorDistribution": {
    "aborted due to deadline": 18
  }
}