{
  "summary": {
    "successRate": 1.0,
    "total": 15.00035358,
    "slowest": 0.069675317,
    "fastest": 0.000022494,
    "average": 0.00028120474487084026,
    "requestsPerSec": 354644.0403306813,
    "totalData": 74475604,
    "sizePerRequest": 14,
    "sizePerSec": 4964923.233496207
  },
  "responseTimeHistogram": {
    "0.000022494": 1,
    "0.0069877763": 5319585,
    "0.0139530586": 0,
    "0.020918340900000002": 0,
    "0.027883623200000002": 0,
    "0.0348489055": 2,
    "0.0418141878": 21,
    "0.0487794701": 0,
    "0.0557447524": 0,
    "0.0627100347": 0,
    "0.069675317": 77
  },
  "latencyPercentiles": {
    "p10": 0.000139352,
    "p25": 0.000177962,
    "p50": 0.000236155,
    "p75": 0.00033002,
    "p90": 0.000475608,
    "p95": 0.000596648,
    "p99": 0.000881191,
    "p99.9": 0.001292435,
    "p99.99": 0.001730308
  },
  "rps": {
    "mean": 355170.97253954964,
    "stddev": 19498.846247326142,
    "max": 382144.22837635904,
    "percentiles": {
      "p10": 345795.43954129354,
      "p25": 351214.98778697767,
      "p50": 356761.4700012733,
      "p75": 361650.4502378144,
      "p90": 366212.8174486382,
      "p95": 368931.2461050636,
      "p99": 372854.0254475348,
      "p99.9": 381304.1943461374,
      "p99.99": 382144.22837635904
    }
  },
  "details": {
    "DNSDialup": {
      "average": 0.00008359048446956908,
      "fastest": 0.000010887,
      "slowest": 0.033144399
    },
    "DNSLookup": {
      "average": 1.9155064994437734e-6,
      "fastest": 1.068e-6,
      "slowest": 0.000784446
    }
  },
  "statusCodeDistribution": {
    "200": 5319686
  },
  "errorDistribution": {
    "aborted due to deadline": 100
  }
}