{
  "summary": {
    "successRate": 0.9103022140750578,
    "total": 15.002268873,
    "slowest": 0.316820864,
    "fastest": 0.000028822,
    "average": 0.003205707727318623,
    "requestsPerSec": 32078.414543423973,
    "totalData": 6131874,
    "sizePerRequest": 14,
    "sizePerSec": 408729.77626975504
  },
  "responseTimeHistogram": {
    "0.000028822": 1,
    "0.031708026199999996": 436825,
    "0.0633872304": 86,
    "0.09506643459999999": 15,
    "0.1267456388": 0,
    "0.158424843": 0,
    "0.1901040472": 0,
    "0.2217832514": 0,
    "0.25346245559999997": 0,
    "0.28514165979999995": 308,
    "0.316820864": 756
  },
  "latencyPercentiles": {
    "p10": 0.000186559,
    "p25": 0.000269266,
    "p50": 0.000940005,
    "p75": 0.004077711,
    "p90": 0.006501798,
    "p95": 0.008302674,
    "p99": 0.013011978,
    "p99.9": 0.290533679,
    "p99.99": 0.302563925
  },
  "rps": {
    "mean": 38858.24719587161,
    "stddev": 71900.45004740829,
    "max": 353871.8401656037,
    "percentiles": {
      "p10": 19469.448450700995,
      "p25": 20314.608234778265,
      "p50": 21030.161457563005,
      "p75": 21662.59164706803,
      "p90": 22443.311767291645,
      "p95": 309368.6368439448,
      "p99": 347187.19324627914,
      "p99.9": 353285.3537414422,
      "p99.99": 353871.8401656037
    }
  },
  "details": {
    "DNSDialup": {
      "average": 0.0010807879929884204,
      "fastest": 0.000012532,
      "slowest": 0.30400822
    },
    "DNSLookup": {
      "average": 2.15222371464254e-6,
      "fastest": 9.46e-7,
      "slowest": 0.003532496
    }
  },
  "statusCodeDistribution": {
    "200": 437991
  },
  "errorDistribution": {
    "Address not available (os error 99)": 43158,
    "aborted due to deadline": 100
  }
}