{
  "summary": {
    "successRate": 1.0,
    "total": 15.001090589,
    "slowest": 0.010624713,
    "fastest": 0.000033553,
    "average": 0.0003100616279168673,
    "requestsPerSec": 321860.99879567896,
    "totalData": 67595598,
    "sizePerRequest": 14,
    "sizePerSec": 4506045.583750191
  },
  "responseTimeHistogram": {
    "0.000033553": 1,
    "0.0010926689999999999": 4822310,
    "0.002151785": 5845,
    "0.003210901": 6,
    "0.004270017": 0,
    "0.005329133": 0,
    "0.006388249": 0,
    "0.007447365": 0,
    "0.008506481": 0,
    "0.009565597": 0,
    "0.010624713": 95
  },
  "latencyPercentiles": {
    "p10": 0.000188776,
    "p25": 0.00023207,
    "p50": 0.000287762,
    "p75": 0.000356281,
    "p90": 0.000446794,
    "p95": 0.000531595,
    "p99": 0.000776688,
    "p99.9": 0.001127939,
    "p99.99": 0.001499127
  },
  "rps": {
    "mean": 321674.4044118259,
    "stddev": 12562.920433968533,
    "max": 335889.6489473041,
    "min": 5613.560115815765,
    "percentiles": {
      "p10": 315407.91673869954,
      "p25": 319239.7453483021,
      "p50": 322431.340326288,
      "p75": 325497.5516162174,
      "p90": 328719.6574355131,
      "p95": 330073.0451648773,
      "p99": 332256.003250505,
      "p99.9": 335231.94760460727,
      "p99.99": 335889.6489473041
    }
  },
  "details": {
    "DNSDialup": {
      "average": 0.00012647578233014012,
      "fastest": 0.000015904,
      "slowest": 0.010222221
    },
    "DNSLookup": {
      "average": 1.625355843526996e-6,
      "fastest": 8.44e-7,
      "slowest": 0.000824747
    }
  },
  "statusCodeDistribution": {
    "200": 4828257
  },
  "errorDistribution": {
    "aborted due to deadline": 9
  }
}