{
  "summary": {
    "successRate": 1.0,
    "total": 15.000268341,
    "slowest": 0.047831186,
    "fastest": 5.202e-6,
    "average": 0.000012847282103521005,
    "requestsPerSec": 821930.429491108,
    "totalData": 172607078,
    "sizePerRequest": 14,
    "sizePerSec": 11506932.681211825
  },
  "responseTimeHistogram": {
    "0.000005202": 1,
    "0.004787800399999999": 12329064,
    "0.009570398799999998": 1,
    "0.014352997199999997": 0,
    "0.019135595599999996": 0,
    "0.023918193999999993": 0,
    "0.028700792399999994": 0,
    "0.0334833908": 0,
    "0.038265989199999996": 0,
    "0.04304858759999999": 0,
    "0.04783118599999999": 11
  },
  "latencyPercentiles": {
    "p10": 9.313e-6,
    "p25": 0.000010756,
    "p50": 0.000012471,
    "p75": 0.000014253,
    "p90": 0.000016151,
    "p95": 0.00001751,
    "p99": 0.000021961,
    "p99.9": 0.000053936,
    "p99.99": 0.000096302
  },
  "rps": {
    "mean": 823990.3371093455,
    "stddev": 66057.99785050828,
    "max": 867286.728672975,
    "percentiles": {
      "p10": 804756.4134245842,
      "p25": 824703.3812838676,
      "p50": 836422.5834097441,
      "p75": 845430.9427725307,
      "p90": 852462.4855002268,
      "p95": 854652.0425983757,
      "p99": 860820.6009661956,
      "p99.9": 866517.1570397621,
      "p99.99": 867286.728672975
    }
  },
  "details": {
    "DNSDialup": {
      "average": 0.027320256357142855,
      "fastest": 0.000444345,
      "slowest": 0.047596824
    },
    "DNSLookup": {
      "average": 0.00005584485714285715,
      "fastest": 6.809e-6,
      "slowest": 0.000322382
    }
  },
  "statusCodeDistribution": {
    "200": 12329077
  },
  "errorDistribution": {
    "aborted due to deadline": 100
  }
}