{
  "summary": {
    "successRate": 0.9083298051619223,
    "total": 15.002778594,
    "slowest": 0.316586197,
    "fastest": 0.000031536,
    "average": 0.0032042178576106206,
    "requestsPerSec": 32123.116193472233,
    "totalData": 6127324,
    "sizePerRequest": 14,
    "sizePerSec": 408412.6124776963
  },
  "responseTimeHistogram": {
    "0.000031536": 1,
    "0.0316870021": 436483,
    "0.0633424682": 85,
    "0.0949979343": 33,
    "0.1266534004": 0,
    "0.1583088665": 0,
    "0.1899643326": 0,
    "0.2216197987": 0,
    "0.2532752648": 0,
    "0.28493073090000004": 159,
    "0.316586197": 905
  },
  "latencyPercentiles": {
    "p10": 0.000186966,
    "p25": 0.000270574,
    "p50": 0.000925224,
    "p75": 0.004082407,
    "p90": 0.006428106,
    "p95": 0.008205355,
    "p99": 0.012880502,
    "p99.9": 0.295066911,
    "p99.99": 0.309142051
  },
  "rps": {
    "mean": 39079.960583918095,
    "stddev": 71706.92195802373,
    "max": 353553.5030783981,
    "percentiles": {
      "p10": 19535.362041880297,
      "p25": 20424.3616123123,
      "p50": 21113.371097916697,
      "p75": 21800.438982480446,
      "p90": 22546.279777898115,
      "p95": 313169.74290173594,
      "p99": 346807.9419018564,
      "p99.9": 351004.7385639649,
      "p99.99": 353553.5030783981
    }
  },
  "details": {
    "DNSDialup": {
      "average": 0.0010883232277124294,
      "fastest": 0.000012241,
      "slowest": 0.307736258
    },
    "DNSLookup": {
      "average": 2.130091955966395e-6,
      "fastest": 9.44e-7,
      "slowest": 0.001248903
    }
  },
  "statusCodeDistribution": {
    "200": 437666
  },
  "errorDistribution": {
    "Address not available (os error 99)": 44170,
    "aborted due to deadline": 100
  }
}