{
  "summary": {
    "successRate": 0.9210838705245691,
    "total": 15.097011369,
    "slowest": 0.259280145,
    "fastest": 0.00011643,
    "average": 0.0033040360805875876,
    "requestsPerSec": 30863.658283835794,
    "totalData": 6007204,
    "sizePerRequest": 14,
    "sizePerSec": 397906.8342185336
  },
  "responseTimeHistogram": {
    "0.00011643": 1,
    "0.0260328015": 427984,
    "0.051949173": 4,
    "0.0778655445": 0,
    "0.103781916": 7,
    "0.1296982875": 0,
    "0.155614659": 0,
    "0.1815310305": 0,
    "0.207447402": 0,
    "0.2333637735": 914,
    "0.259280145": 176
  },
  "latencyPercentiles": {
    "p10": 0.000712222,
    "p25": 0.000720975,
    "p50": 0.001386907,
    "p75": 0.004658482,
    "p90": 0.005680662,
    "p95": 0.006361529,
    "p99": 0.007784481,
    "p99.9": 0.228971135,
    "p99.99": 0.255855795
  },
  "rps": {
    "mean": 35666.41050415076,
    "stddev": 38528.3378102288,
    "max": 151933.1980125861,
    "percentiles": {
      "p10": 18979.86728151946,
      "p25": 20286.947143736932,
      "p50": 21408.000169662202,
      "p75": 22250.453327702202,
      "p90": 130642.77949371282,
      "p95": 137456.13708638234,
      "p99": 139540.98645036767,
      "p99.9": 140499.6423463521,
      "p99.99": 151933.1980125861
    }
  },
  "details": {
    "DNSDialup": {
      "average": 0.0014895054925446066,
      "fastest": 7.952e-6,
      "slowest": 0.25641321
    },
    "DNSLookup": {
      "average": 1.8186205259552038e-6,
      "fastest": 9.28e-7,
      "slowest": 0.00859608
    }
  },
  "statusCodeDistribution": {
    "200": 429086
  },
  "errorDistribution": {
    "Address not available (os error 99)": 36763,
    "aborted due to deadline": 100
  }
}