{
  "summary": {
    "successRate": 1.0,
    "total": 15.000178741,
    "slowest": 0.094186403,
    "fastest": 0.000022327,
    "average": 0.0002805420319225153,
    "requestsPerSec": 355419.23146740993,
    "totalData": 74637528,
    "sizePerRequest": 14,
    "sizePerSec": 4975775.908322559
  },
  "responseTimeHistogram": {
    "0.000022327": 1,
    "0.0094387346": 5331145,
    "0.018855142199999998": 0,
    "0.028271549799999997": 6,
    "0.0376879574": 0,
    "0.047104364999999995": 11,
    "0.0565207726": 20,
    "0.0659371802": 0,
    "0.0753535878": 0,
    "0.08476999539999999": 0,
    "0.09418640299999999": 69
  },
  "latencyPercentiles": {
    "p10": 0.000139676,
    "p25": 0.000178471,
    "p50": 0.000236474,
    "p75": 0.000329478,
    "p90": 0.000471509,
    "p95": 0.000589438,
    "p99": 0.000865149,
    "p99.9": 0.001261983,
    "p99.99": 0.001709327
  },
  "rps": {
    "mean": 356269.5182534991,
    "stddev": 18413.634699123424,
    "max": 385408.90294565406,
    "percentiles": {
      "p10": 345892.145667557,
      "p25": 351945.5294764837,
      "p50": 357970.37697609403,
      "p75": 362883.94587217725,
      "p90": 367617.46182943654,
      "p95": 370119.8754373033,
      "p99": 374748.15513793344,
      "p99.9": 382451.83337785356,
      "p99.99": 385408.90294565406
    }
  },
  "details": {
    "DNSDialup": {
      "average": 0.00008369671452821267,
      "fastest": 0.000010574,
      "slowest": 0.045933318
    },
    "DNSLookup": {
      "average": 1.913086368267662e-6,
      "fastest": 1.115e-6,
      "slowest": 0.000739002
    }
  },
  "statusCodeDistribution": {
    "200": 5331252
  },
  "errorDistribution": {
    "aborted due to deadline": 100
  }
}