{
  "summary": {
    "successRate": 1.0,
    "total": 15.000994006,
    "slowest": 0.031835014,
    "fastest": 6.837e-6,
    "average": 0.00003097546209457991,
    "requestsPerSec": 1297191.6389151844,
    "totalData": 272426896,
    "sizePerRequest": 14,
    "sizePerSec": 18160589.617663767
  },
  "responseTimeHistogram": {
    "0.000006837": 1,
    "0.0031896547": 19458987,
    "0.0063724724": 41,
    "0.0095552901": 0,
    "0.0127381078": 0,
    "0.0159209255": 0,
    "0.0191037432": 0,
    "0.0222865609": 0,
    "0.0254693786": 0,
    "0.0286521963": 0,
    "0.031835014": 35
  },
  "latencyPercentiles": {
    "p10": 0.000017941,
    "p25": 0.000023028,
    "p50": 0.000029522,
    "p75": 0.000036912,
    "p90": 0.000044712,
    "p95": 0.000049964,
    "p99": 0.000061995,
    "p99.9": 0.000153057,
    "p99.99": 0.000266681
  },
  "rps": {
    "mean": 1299068.9261832174,
    "stddev": 66981.92190091182,
    "max": 1401525.50776439,
    "percentiles": {
      "p10": 1251541.5511794067,
      "p25": 1282557.4585741411,
      "p50": 1308825.783868011,
      "p75": 1330315.8169748783,
      "p90": 1348340.813669156,
      "p95": 1357818.737898715,
      "p99": 1373446.8345370586,
      "p99.9": 1385355.0212266885,
      "p99.99": 1401525.50776439
    }
  },
  "details": {
    "DNSDialup": {
      "average": 0.023431201361702125,
      "fastest": 0.00007876,
      "slowest": 0.031783172
    },
    "DNSLookup": {
      "average": 0.000013500744680851063,
      "fastest": 1.308e-6,
      "slowest": 0.000202947
    }
  },
  "statusCodeDistribution": {
    "200": 19459064
  },
  "errorDistribution": {
    "aborted due to deadline": 100
  }
}