{
  "summary": {
    "successRate": 1.0,
    "total": 15.000180072,
    "slowest": 0.048724861,
    "fastest": 7.192e-6,
    "average": 0.000026485458130210625,
    "requestsPerSec": 1291855.0248721307,
    "totalData": 271291412,
    "sizePerRequest": 14,
    "sizePerSec": 18085877.015996933
  },
  "responseTimeHistogram": {
    "0.000007192": 1,
    "0.004878958899999999": 19377908,
    "0.009750725799999999": 12,
    "0.014622492699999998": 0,
    "0.019494259599999997": 0,
    "0.024366026499999995": 0,
    "0.029237793399999996": 0,
    "0.0341095603": 0,
    "0.0389813272": 0,
    "0.0438530941": 0,
    "0.048724860999999994": 37
  },
  "latencyPercentiles": {
    "p10": 0.000016601,
    "p25": 0.00002027,
    "p50": 0.000025128,
    "p75": 0.000030864,
    "p90": 0.000037157,
    "p95": 0.000041796,
    "p99": 0.000052195,
    "p99.9": 0.000104193,
    "p99.99": 0.000198395
  },
  "rps": {
    "mean": 1294545.6468076562,
    "stddev": 65526.53419501879,
    "max": 1371163.2106239107,
    "percentiles": {
      "p10": 1249698.5529843126,
      "p25": 1279578.1822268954,
      "p50": 1305353.3790220583,
      "p75": 1324254.6917187343,
      "p90": 1338039.7397802605,
      "p95": 1344915.601020858,
      "p99": 1360366.9300529675,
      "p99.9": 1370443.443057117,
      "p99.99": 1371163.2106239107
    }
  },
  "details": {
    "DNSDialup": {
      "average": 0.016837020891304347,
      "fastest": 0.000044099,
      "slowest": 0.048622049
    },
    "DNSLookup": {
      "average": 0.000037597369565217404,
      "fastest": 1.339e-6,
      "slowest": 0.000530787
    }
  },
  "statusCodeDistribution": {
    "200": 19377958
  },
  "errorDistribution": {
    "aborted due to deadline": 100
  }
}