{
  "summary": {
    "successRate": 1.0,
    "total": 15.001152416,
    "slowest": 0.010831153,
    "fastest": 0.000031829,
    "average": 0.00030915852095584587,
    "requestsPerSec": 322786.46771400154,
    "totalData": 67790198,
    "sizePerRequest": 14,
    "sizePerSec": 4518999.348856426
  },
  "responseTimeHistogram": {
    "0.000031829": 1,
    "0.0011117613999999999": 4836573,
    "0.0021916938": 5483,
    "0.0032716262": 9,
    "0.0043515585999999995": 0,
    "0.005431490999999999": 0,
    "0.0065114234": 12,
    "0.0075913557999999996": 0,
    "0.0086712882": 0,
    "0.0097512206": 0,
    "0.010831153": 79
  },
  "latencyPercentiles": {
    "p10": 0.000188537,
    "p25": 0.000231846,
    "p50": 0.000287316,
    "p75": 0.000355198,
    "p90": 0.000444367,
    "p95": 0.000528021,
    "p99": 0.000771923,
    "p99.9": 0.001135713,
    "p99.99": 0.001523533
  },
  "rps": {
    "mean": 322598.18919167516,
    "stddev": 12420.555748089595,
    "max": 335176.00043729146,
    "min": 2301.2472760236046,
    "percentiles": {
      "p10": 317059.5437822995,
      "p25": 320133.55972108414,
      "p50": 323276.1855211075,
      "p75": 326437.9647352866,
      "p90": 329109.0504988846,
      "p95": 330264.13729546726,
      "p99": 332726.203048819,
      "p99.9": 335029.7171359061,
      "p99.99": 335176.00043729146
    }
  },
  "details": {
    "DNSDialup": {
      "average": 0.00012589464071054415,
      "fastest": 0.000016337,
      "slowest": 0.01036491
    },
    "DNSLookup": {
      "average": 1.6372295384060483e-6,
      "fastest": 8.67e-7,
      "slowest": 0.001002409
    }
  },
  "statusCodeDistribution": {
    "200": 4842157
  },
  "errorDistribution": {
    "aborted due to deadline": 12
  }
}