{
  "summary": {
    "successRate": 1.0,
    "total": 15.003124352,
    "slowest": 0.03637181,
    "fastest": 0.000016827,
    "average": 0.00018740568630333724,
    "requestsPerSec": 530818.4357572403,
    "totalData": 111493844,
    "sizePerRequest": 14,
    "sizePerSec": 7431375.051233062
  },
  "responseTimeHistogram": {
    "0.000016827": 1,
    "0.0036523253": 7963455,
    "0.0072878236": 310,
    "0.010923321900000001": 12,
    "0.014558820200000001": 0,
    "0.0181943185": 45,
    "0.021829816800000002": 10,
    "0.0254653151": 0,
    "0.0291008134": 0,
    "0.0327363117": 0,
    "0.03637181": 13
  },
  "latencyPercentiles": {
    "p10": 0.000069121,
    "p25": 0.000094768,
    "p50": 0.000137899,
    "p75": 0.000221306,
    "p90": 0.000357094,
    "p95": 0.000483353,
    "p99": 0.000825906,
    "p99.9": 0.001406286,
    "p99.99": 0.002417353
  },
  "firstByteHistogram": {
    "0.000016778": 1,
    "0.0036522736": 7963455,
    "0.0072877692": 310,
    "0.0109232648": 12,
    "0.0145587604": 0,
    "0.018194256": 45,
    "0.0218297516": 10,
    "0.0254652472": 0,
    "0.0291007428": 0,
    "0.0327362384": 0,
    "0.036371734": 13
  },
  "firstBytePercentiles": {
    "p10": 0.00006907,
    "p25": 0.000094715,
    "p50": 0.000137843,
    "p75": 0.000221247,
    "p90": 0.000357034,
    "p95": 0.000483294,
    "p99": 0.000825849,
    "p99.9": 0.001406229,
    "p99.99": 0.002417293
  },
  "rps": {
    "mean": 530745.9411307294,
    "stddev": 28228.908420164335,
    "max": 551143.8485444704,
    "min": 49.983587888916674,
    "percentiles": {
      "p10": 525884.0888658656,
      "p25": 530256.5783768959,
      "p50": 533733.1448282981,
      "p75": 536835.8069483414,
      "p90": 539203.5048226997,
      "p95": 540871.6726689134,
      "p99": 543487.6662911661,
      "p99.9": 546422.4033185389,
      "p99.99": 551143.8485444704
    }
  },
  "details": {
    "DNSDialup": {
      "average": 0.00003620232876439976,
      "fastest": 7.218e-6,
      "slowest": 0.02020292
    },
    "DNSLookup": {
      "average": 1.61836169521615e-6,
      "fastest": 7.22e-7,
      "slowest": 0.001253703
    },
    "firstByte": {
      "average": 0.000187350488780779,
      "fastest": 0.000016778,
      "slowest": 0.036371734
    }
  },
  "statusCodeDistribution": {
    "200": 7963846
  },
  "errorDistribution": {
    "aborted due to deadline": 89
  }
}