{
  "summary": {
    "successRate": 1.0,
    "total": 15.001047512,
    "slowest": 0.01733115,
    "fastest": 9.766e-6,
    "average": 0.00008487078529595057,
    "requestsPerSec": 1170055.023554811,
    "totalData": 245728476,
    "sizePerRequest": 14,
    "sizePerSec": 16380754.464208646
  },
  "responseTimeHistogram": {
    "0.000009766": 1,
    "0.0017419044": 17551646,
    "0.0034740428": 77,
    "0.0052061812": 77,
    "0.006938319599999999": 0,
    "0.008670457999999999": 68,
    "0.0104025964": 9,
    "0.0121347348": 0,
    "0.0138668732": 0,
    "0.015599011599999999": 0,
    "0.01733115": 156
  },
  "latencyPercentiles": {
    "p10": 0.000041799,
    "p25": 0.000056152,
    "p50": 0.000077859,
    "p75": 0.00010574,
    "p90": 0.000137068,
    "p95": 0.000157169,
    "p99": 0.0001962,
    "p99.9": 0.000300669,
    "p99.99": 0.000632219
  },
  "rps": {
    "mean": 1170321.8818056702,
    "stddev": 69843.26519838341,
    "max": 1266239.380044687,
    "min": 59.477802735324666,
    "percentiles": {
      "p10": 1133220.2846431872,
      "p25": 1158848.6716441438,
      "p50": 1179112.498592497,
      "p75": 1196381.5932246337,
      "p90": 1210036.1800817407,
      "p95": 1216847.9936211102,
      "p99": 1227013.8652566776,
      "p99.9": 1246590.2296690915,
      "p99.99": 1266239.380044687
    }
  },
  "details": {
    "DNSDialup": {
      "average": 0.0045118782,
      "fastest": 0.000028585,
      "slowest": 0.017100141
    },
    "DNSLookup": {
      "average": 0.000020715820000000007,
      "fastest": 1.142e-6,
      "slowest": 0.000107942
    }
  },
  "statusCodeDistribution": {
    "200": 17552034
  },
  "errorDistribution": {
    "aborted due to deadline": 17
  }
}