{
  "summary": {
    "successRate": 1.0,
    "total": 15.000322664,
    "slowest": 0.023203552,
    "fastest": 8.127e-6,
    "average": 0.00007176484306986774,
    "requestsPerSec": 1372045.9526776483,
    "totalData": 288134448,
    "sizePerRequest": 14,
    "sizePerSec": 19208550.006161388
  },
  "responseTimeHistogram": {
    "0.000008127": 1,
    "0.0023276695": 20580788,
    "0.0046472119999999995": 87,
    "0.006966754499999999": 77,
    "0.009286296999999999": 0,
    "0.0116058395": 0,
    "0.013925381999999998": 0,
    "0.016244924499999997": 0,
    "0.018564466999999998": 0,
    "0.020884009499999998": 0,
    "0.023203552": 79
  },
  "latencyPercentiles": {
    "p10": 0.000038483,
    "p25": 0.000050221,
    "p50": 0.000067027,
    "p75": 0.000087281,
    "p90": 0.000109857,
    "p95": 0.00012597,
    "p99": 0.000165741,
    "p99.9": 0.000257168,
    "p99.99": 0.000534049
  },
  "rps": {
    "mean": 1373230.3628237504,
    "stddev": 56991.459564750825,
    "max": 1454933.7084077997,
    "percentiles": {
      "p10": 1331432.4869527963,
      "p25": 1359927.9692218918,
      "p50": 1381655.818895068,
      "p75": 1397870.8198141756,
      "p90": 1412393.641698445,
      "p95": 1421327.4316193948,
      "p99": 1434776.760556668,
      "p99.9": 1448204.7790756826,
      "p99.99": 1454933.7084077997
    }
  },
  "details": {
    "DNSDialup": {
      "average": 0.017856177479999995,
      "fastest": 0.000091037,
      "slowest": 0.022940213
    },
    "DNSLookup": {
      "average": 0.000026562309999999992,
      "fastest": 1.412e-6,
      "slowest": 0.000377756
    }
  },
  "statusCodeDistribution": {
    "200": 20581032
  },
  "errorDistribution": {
    "aborted due to deadline": 100
  }
}