{
  "summary": {
    "successRate": 0.9099819469460424,
    "total": 15.001897254,
    "slowest": 0.314454576,
    "fastest": 0.000025364,
    "average": 0.003205955771096776,
    "requestsPerSec": 32093.207402258882,
    "totalData": 6132392,
    "sizePerRequest": 14,
    "sizePerSec": 408774.43007182993
  },
  "responseTimeHistogram": {
    "0.000025364": 1,
    "0.031468285199999994": 436834,
    "0.06291120639999999": 129,
    "0.09435412759999998": 0,
    "0.12579704879999998": 0,
    "0.15723996999999998": 0,
    "0.18868289119999995": 0,
    "0.22012581239999995": 0,
    "0.2515687336": 0,
    "0.28301165479999996": 342,
    "0.314454576": 722
  },
  "latencyPercentiles": {
    "p10": 0.000186732,
    "p25": 0.000271492,
    "p50": 0.000976408,
    "p75": 0.004099191,
    "p90": 0.006490805,
    "p95": 0.008279382,
    "p99": 0.013097762,
    "p99.9": 0.289417884,
    "p99.99": 0.307201155
  },
  "rps": {
    "mean": 40493.233672877934,
    "stddev": 94509.76072873178,
    "max": 2145922.745098727,
    "percentiles": {
      "p10": 19415.81258158806,
      "p25": 20270.733894826353,
      "p50": 21034.819638104713,
      "p75": 21698.081737484892,
      "p90": 22441.851778639586,
      "p95": 303308.8566185982,
      "p99": 344727.8540106044,
      "p99.9": 357056.6986802632,
      "p99.99": 2145922.745098727
    }
  },
  "details": {
    "DNSDialup": {
      "average": 0.0010857067259764114,
      "fastest": 0.000011882,
      "slowest": 0.306151439
    },
    "DNSLookup": {
      "average": 2.196528395445083e-6,
      "fastest": 9.75e-7,
      "slowest": 0.00302752
    }
  },
  "statusCodeDistribution": {
    "200": 438028
  },
  "errorDistribution": {
    "Address not available (os error 99)": 43331,
    "aborted due to deadline": 100
  }
}