{
  "summary": {
    "successRate": 1.0,
    "total": 15.000605226,
    "slowest": 0.048750954,
    "fastest": 0.000028968,
    "average": 0.0002678242297734423,
    "requestsPerSec": 372215.38170489285,
    "totalData": 78166984,
    "sizePerRequest": 14,
    "sizePerSec": 5210922.014300865
  },
  "responseTimeHistogram": {
    "0.000028968": 1,
    "0.0049011666": 5583257,
    "0.009773365200000002": 0,
    "0.014645563800000002": 0,
    "0.019517762400000003": 0,
    "0.024389961000000005": 0,
    "0.029262159600000004": 0,
    "0.0341343582": 0,
    "0.0390065568": 19,
    "0.043878755400000004": 0,
    "0.048750954000000006": 79
  },
  "latencyPercentiles": {
    "p10": 0.000157963,
    "p25": 0.000194596,
    "p50": 0.000241809,
    "p75": 0.000301913,
    "p90": 0.00039162,
    "p95": 0.000487862,
    "p99": 0.000768473,
    "p99.9": 0.001106856,
    "p99.99": 0.001549921
  },
  "rps": {
    "mean": 373164.9973624745,
    "stddev": 14601.158609218675,
    "max": 399045.77054987644,
    "percentiles": {
      "p10": 359733.10705336736,
      "p25": 367115.8226919708,
      "p50": 374799.8432764335,
      "p75": 381144.4660605228,
      "p90": 385816.0920620861,
      "p95": 388540.0196220191,
      "p99": 393309.16410352173,
      "p99.9": 398135.11551720294,
      "p99.99": 399045.77054987644
    }
  },
  "details": {
    "DNSDialup": {
      "average": 0.00010566957828929484,
      "fastest": 0.000013138,
      "slowest": 0.048227394
    },
    "DNSLookup": {
      "average": 1.917748659408364e-6,
      "fastest": 1.128e-6,
      "slowest": 0.001010608
    }
  },
  "statusCodeDistribution": {
    "200": 5583356
  },
  "errorDistribution": {
    "aborted due to deadline": 100
  }
}