{
  "summary": {
    "successRate": 1.0,
    "total": 15.00253888,
    "slowest": 0.059274337,
    "fastest": 5.423e-6,
    "average": 0.00003963386036432497,
    "requestsPerSec": 2488369.4219094734,
    "totalData": 522644738,
    "sizePerRequest": 14,
    "sizePerSec": 34837086.054597184
  },
  "responseTimeHistogram": {
    "0.000005423": 1,
    "0.0059323144": 37331206,
    "0.0118592058": 270,
    "0.0177860972": 221,
    "0.023712988600000002": 15,
    "0.029639880000000004": 20,
    "0.035566771399999995": 27,
    "0.0414936628": 3,
    "0.0474205542": 3,
    "0.0533474456": 0,
    "0.059274337": 1
  },
  "latencyPercentiles": {
    "p10": 0.000014825,
    "p25": 0.000018615,
    "p50": 0.000024963,
    "p75": 0.000041509,
    "p90": 0.000074514,
    "p95": 0.000109334,
    "p99": 0.000238355,
    "p99.9": 0.000542871,
    "p99.99": 0.00114023
  },
  "firstByteHistogram": {
    "0.000005379": 1,
    "0.0059322606": 37331206,
    "0.0118591422": 270,
    "0.017786023800000002": 221,
    "0.0237129054": 15,
    "0.029639787": 20,
    "0.035566668600000004": 27,
    "0.0414935502": 3,
    "0.0474204318": 3,
    "0.053347313400000006": 0,
    "0.059274195": 1
  },
  "firstBytePercentiles": {
    "p10": 0.000014776,
    "p25": 0.000018566,
    "p50": 0.000024911,
    "p75": 0.000041458,
    "p90": 0.000074462,
    "p95": 0.000109281,
    "p99": 0.000238303,
    "p99.9": 0.000542816,
    "p99.99": 0.001140182
  },
  "rps": {
    "mean": 2488498.2756796665,
    "stddev": 87446.75719610596,
    "max": 2585026.367268948,
    "min": 395242.326761867,
    "percentiles": {
      "p10": 2408316.5076540355,
      "p25": 2492522.18344755,
      "p50": 2509022.8321077093,
      "p75": 2520528.4819717943,
      "p90": 2529299.654406371,
      "p95": 2534310.137240541,
      "p99": 2544231.5484712105,
      "p99.9": 2558673.4780618115,
      "p99.99": 2585026.367268948
    }
  },
  "details": {
    "DNSDialup": {
      "average": 0.003275039500000002,
      "fastest": 0.000024831,
      "slowest": 0.016750271
    },
    "DNSLookup": {
      "average": 4.880730000000001e-6,
      "fastest": 7.85e-7,
      "slowest": 0.000022431
    },
    "firstByte": {
      "average": 0.00003958350499555266,
      "fastest": 5.379e-6,
      "slowest": 0.059274195
    }
  },
  "statusCodeDistribution": {
    "200": 37331767
  },
  "errorDistribution": {
    "aborted due to deadline": 92
  }
}