{
  "summary": {
    "successRate": 1.0,
    "total": 15.000763689,
    "slowest": 0.034674023,
    "fastest": 6.707e-6,
    "average": 0.00002839413763604027,
    "requestsPerSec": 1208329.6807942938,
    "totalData": 253760752,
    "sizePerRequest": 14,
    "sizePerSec": 16916522.20253838
  },
  "responseTimeHistogram": {
    "0.000006707": 1,
    "0.0034734385999999995": 18125716,
    "0.006940170199999999": 12,
    "0.010406901799999998": 0,
    "0.013873633399999998": 0,
    "0.017340365": 0,
    "0.020807096599999998": 0,
    "0.0242738282": 0,
    "0.027740559799999998": 0,
    "0.031207291399999997": 0,
    "0.034674023": 39
  },
  "latencyPercentiles": {
    "p10": 0.000015772,
    "p25": 0.000019313,
    "p50": 0.000025349,
    "p75": 0.00003732,
    "p90": 0.000043532,
    "p95": 0.000047042,
    "p99": 0.000055744,
    "p99.9": 0.000078274,
    "p99.99": 0.000165838
  },
  "rps": {
    "mean": 1210318.3599725235,
    "stddev": 52115.44132403553,
    "max": 1266208.4179055397,
    "percentiles": {
      "p10": 1160602.2051441907,
      "p25": 1197039.382595782,
      "p50": 1221702.8099162872,
      "p75": 1236714.5932322256,
      "p90": 1246347.236560271,
      "p95": 1251028.730856305,
      "p99": 1258249.9525231402,
      "p99.9": 1263007.9569501411,
      "p99.99": 1266208.4179055397
    }
  },
  "details": {
    "DNSDialup": {
      "average": 0.019240620979999998,
      "fastest": 0.00008716,
      "slowest": 0.034466512
    },
    "DNSLookup": {
      "average": 7.946999999999997e-6,
      "fastest": 1.503e-6,
      "slowest": 0.000064069
    }
  },
  "statusCodeDistribution": {
    "200": 18125768
  },
  "errorDistribution": {
    "aborted due to deadline": 100
  }
}