{
  "summary": {
    "successRate": 1.0,
    "total": 15.00108344,
    "slowest": 0.029397947,
    "fastest": 6.898e-6,
    "average": 0.000021080971406451342,
    "requestsPerSec": 831185.4973589827,
    "totalData": 174560162,
    "sizePerRequest": 14,
    "sizePerSec": 11636503.636433342
  },
  "responseTimeHistogram": {
    "0.000006898": 1,
    "0.0029460029": 12468567,
    "0.0058851078": 0,
    "0.0088242127": 0,
    "0.0117633176": 0,
    "0.0147024225": 0,
    "0.017641527400000002": 0,
    "0.020580632300000002": 0,
    "0.0235197372": 0,
    "0.0264588421": 0,
    "0.029397947": 15
  },
  "latencyPercentiles": {
    "p10": 0.000014414,
    "p25": 0.000017036,
    "p50": 0.000021,
    "p75": 0.000025055,
    "p90": 0.000027372,
    "p95": 0.000028731,
    "p99": 0.000031859,
    "p99.9": 0.000042976,
    "p99.99": 0.000086104
  },
  "rps": {
    "mean": 832247.4172132048,
    "stddev": 31137.923181680962,
    "max": 852541.2660878364,
    "percentiles": {
      "p10": 829104.6330046708,
      "p25": 835308.158793171,
      "p50": 837862.2101239241,
      "p75": 840006.8488712313,
      "p90": 841708.659576797,
      "p95": 842958.9228286576,
      "p99": 847098.4328379326,
      "p99.9": 851192.0989850373,
      "p99.99": 852541.2660878364
    }
  },
  "details": {
    "DNSDialup": {
      "average": 0.02052789514285714,
      "fastest": 0.000126365,
      "slowest": 0.02930515
    },
    "DNSLookup": {
      "average": 0.000016113666666666668,
      "fastest": 1.594e-6,
      "slowest": 0.000274673
    }
  },
  "statusCodeDistribution": {
    "200": 12468583
  },
  "errorDistribution": {
    "aborted due to deadline": 100
  }
}