{
  "summary": {
    "successRate": 1.0,
    "total": 15.000159005,
    "slowest": 0.048238559,
    "fastest": 7.765e-6,
    "average": 0.00003077693479627104,
    "requestsPerSec": 1052584.6422519307,
    "totalData": 221043718,
    "sizePerRequest": 14,
    "sizePerSec": 14736091.659183048
  },
  "responseTimeHistogram": {
    "0.000007765": 1,
    "0.0048308444": 15788802,
    "0.0096539238": 0,
    "0.014477003200000001": 0,
    "0.0193000826": 0,
    "0.024123162": 0,
    "0.028946241400000003": 0,
    "0.0337693208": 0,
    "0.0385924002": 0,
    "0.0434154796": 0,
    "0.048238559": 34
  },
  "latencyPercentiles": {
    "p10": 0.000020165,
    "p25": 0.000025016,
    "p50": 0.000030984,
    "p75": 0.000035106,
    "p90": 0.000039243,
    "p95": 0.000042914,
    "p99": 0.000056933,
    "p99.9": 0.000069719,
    "p99.99": 0.000160117
  },
  "rps": {
    "mean": 1055291.9155963687,
    "stddev": 64189.30622468804,
    "max": 1105239.0632093465,
    "percentiles": {
      "p10": 964898.5761269634,
      "p25": 1020822.3757062871,
      "p50": 1090406.3243566467,
      "p75": 1095921.7569072156,
      "p90": 1098847.7950283862,
      "p95": 1100261.8485179439,
      "p99": 1102640.7064661826,
      "p99.9": 1104469.159134107,
      "p99.99": 1105239.0632093465
    }
  },
  "details": {
    "DNSDialup": {
      "average": 0.03430509155319149,
      "fastest": 0.000110282,
      "slowest": 0.048111868
    },
    "DNSLookup": {
      "average": 0.000027718425531914906,
      "fastest": 1.437e-6,
      "slowest": 0.000733694
    }
  },
  "statusCodeDistribution": {
    "200": 15788837
  },
  "errorDistribution": {
    "aborted due to deadline": 100
  }
}