{
  "summary": {
    "successRate": 1.0,
    "total": 15.001036617,
    "slowest": 0.026736195,
    "fastest": 8.357e-6,
    "average": 0.0000739518510409185,
    "requestsPerSec": 1334349.3860494988,
    "totalData": 280231336,
    "sizePerRequest": 14,
    "sizePerSec": 18680798.077809263
  },
  "responseTimeHistogram": {
    "0.000008357": 1,
    "0.0026811408": 20016290,
    "0.0053539246": 154,
    "0.0080267084": 0,
    "0.0106994922": 0,
    "0.013372276": 0,
    "0.0160450598": 0,
    "0.0187178436": 0,
    "0.0213906274": 0,
    "0.024063411200000002": 0,
    "0.026736195": 79
  },
  "latencyPercentiles": {
    "p10": 0.000039829,
    "p25": 0.000051967,
    "p50": 0.000069355,
    "p75": 0.000090156,
    "p90": 0.000113061,
    "p95": 0.000129188,
    "p99": 0.00016721,
    "p99.9": 0.00024488,
    "p99.99": 0.000417136
  },
  "rps": {
    "mean": 1335106.3034324937,
    "stddev": 59070.41431228687,
    "max": 1398660.9816186565,
    "percentiles": {
      "p10": 1303208.470854979,
      "p25": 1324203.3105083432,
      "p50": 1341885.314361781,
      "p75": 1356438.522854133,
      "p90": 1368825.3232684166,
      "p95": 1375728.752730933,
      "p99": 1389538.212300836,
      "p99.9": 1398237.1670660896,
      "p99.99": 1398660.9816186565
    }
  },
  "details": {
    "DNSDialup": {
      "average": 0.010766758970000002,
      "fastest": 0.00006664,
      "slowest": 0.026648504
    },
    "DNSLookup": {
      "average": 0.000036817849999999995,
      "fastest": 1.408e-6,
      "slowest": 0.000424209
    }
  },
  "statusCodeDistribution": {
    "200": 20016524
  },
  "errorDistribution": {
    "aborted due to deadline": 100
  }
}