{
  "summary": {
    "successRate": 1.0,
    "total": 15.001101223,
    "slowest": 0.045550271,
    "fastest": 7.022e-6,
    "average": 0.00002003708764326408,
    "requestsPerSec": 1212874.8902849797,
    "totalData": 254721026,
    "sizePerRequest": 14,
    "sizePerSec": 16980155.137507934
  },
  "responseTimeHistogram": {
    "0.000007022": 1,
    "0.0045613469": 18194324,
    "0.0091156718": 2,
    "0.013669996700000001": 0,
    "0.0182243216": 0,
    "0.0227786465": 0,
    "0.0273329714": 0,
    "0.0318872963": 0,
    "0.0364416212": 0,
    "0.04099594610000001": 0,
    "0.045550271": 32
  },
  "latencyPercentiles": {
    "p10": 0.000013707,
    "p25": 0.000016005,
    "p50": 0.000019115,
    "p75": 0.000022883,
    "p90": 0.000026825,
    "p95": 0.00002946,
    "p99": 0.000036092,
    "p99.9": 0.000083104,
    "p99.99": 0.000140502
  },
  "rps": {
    "mean": 1215751.9441908277,
    "stddev": 60839.20121957186,
    "max": 1284305.9078071218,
    "percentiles": {
      "p10": 1179404.0099737814,
      "p25": 1205618.819815804,
      "p50": 1225244.9664900992,
      "p75": 1240457.1850763627,
      "p90": 1252383.4087350185,
      "p95": 1259240.799401892,
      "p99": 1271926.3022817879,
      "p99.9": 1283105.8101719134,
      "p99.99": 1284305.9078071218
    }
  },
  "details": {
    "DNSDialup": {
      "average": 0.03609101564999999,
      "fastest": 0.00012107,
      "slowest": 0.045419433
    },
    "DNSLookup": {
      "average": 0.00002550735000000001,
      "fastest": 1.545e-6,
      "slowest": 0.000297027
    }
  },
  "statusCodeDistribution": {
    "200": 18194359
  },
  "errorDistribution": {
    "aborted due to deadline": 100
  }
}