{
  "summary": {
    "successRate": 1.0,
    "total": 15.000855459,
    "slowest": 0.051233672,
    "fastest": 6.541e-6,
    "average": 0.000016104910822858976,
    "requestsPerSec": 959561.0756561187,
    "totalData": 201517918,
    "sizePerRequest": 14,
    "sizePerSec": 13433761.73117488
  },
  "responseTimeHistogram": {
    "0.000006541": 1,
    "0.0051292541": 14394123,
    "0.010251967200000002": 0,
    "0.015374680300000002": 0,
    "0.0204973934": 0,
    "0.025620106500000003": 0,
    "0.030742819600000002": 0,
    "0.0358655327": 0,
    "0.0409882458": 0,
    "0.046110958900000006": 0,
    "0.05123367200000001": 13
  },
  "latencyPercentiles": {
    "p10": 0.000011796,
    "p25": 0.000013411,
    "p50": 0.000015628,
    "p75": 0.000018172,
    "p90": 0.000020682,
    "p95": 0.000022357,
    "p99": 0.000027003,
    "p99.9": 0.000036615,
    "p99.99": 0.000074895
  },
  "rps": {
    "mean": 962170.2590200227,
    "stddev": 36977.22887424307,
    "max": 1000318.9379218081,
    "percentiles": {
      "p10": 934421.2878830974,
      "p25": 952595.8988555138,
      "p50": 970558.8158643012,
      "p75": 979082.4387414011,
      "p90": 984658.1932991624,
      "p95": 987770.192804286,
      "p99": 993343.1110910805,
      "p99.9": 999801.8996236102,
      "p99.99": 1000318.9379218081
    }
  },
  "details": {
    "DNSDialup": {
      "average": 0.038520235529411764,
      "fastest": 0.000125063,
      "slowest": 0.051189541
    },
    "DNSLookup": {
      "average": 3.604235294117647e-6,
      "fastest": 1.333e-6,
      "slowest": 0.000015596
    }
  },
  "statusCodeDistribution": {
    "200": 14394137
  },
  "errorDistribution": {
    "aborted due to deadline": 100
  }
}