{
  "summary": {
    "successRate": 1.0,
    "total": 15.000511768,
    "slowest": 0.041384538,
    "fastest": 0.000023165,
    "average": 0.00029140466980278983,
    "requestsPerSec": 342282.122064197,
    "totalData": 71880298,
    "sizePerRequest": 14,
    "sizePerSec": 4791856.37874965
  },
  "responseTimeHistogram": {
    "0.000023165": 1,
    "0.004159302300000001": 5134156,
    "0.008295439600000001": 7,
    "0.012431576900000001": 2,
    "0.0165677142": 23,
    "0.020703851500000002": 0,
    "0.0248399888": 0,
    "0.0289761261": 3,
    "0.0331122634": 0,
    "0.0372484007": 7,
    "0.041384538000000005": 108
  },
  "latencyPercentiles": {
    "p10": 0.0001354,
    "p25": 0.000174826,
    "p50": 0.000236033,
    "p75": 0.000338261,
    "p90": 0.00051238,
    "p95": 0.00066309,
    "p99": 0.001022387,
    "p99.9": 0.001564121,
    "p99.99": 0.002344419
  },
  "rps": {
    "mean": 342279.05420129927,
    "stddev": 27382.421574255706,
    "max": 367218.5748778622,
    "percentiles": {
      "p10": 333882.3687803799,
      "p25": 339440.93657696893,
      "p50": 345204.0444990432,
      "p75": 349989.5543426562,
      "p90": 354884.81747140357,
      "p95": 357264.62427553575,
      "p99": 361304.2633902834,
      "p99.9": 367050.0656289292,
      "p99.99": 367218.5748778622
    }
  },
  "details": {
    "DNSDialup": {
      "average": 0.0000855906038331934,
      "fastest": 0.00001051,
      "slowest": 0.027952684
    },
    "DNSLookup": {
      "average": 1.811840366187718e-6,
      "fastest": 9.51e-7,
      "slowest": 0.00208092
    }
  },
  "statusCodeDistribution": {
    "200": 5134307
  },
  "errorDistribution": {
    "aborted due to deadline": 100
  }
}