{
  "summary": {
    "successRate": 1.0,
    "total": 15.000165932,
    "slowest": 0.058464353,
    "fastest": 0.000031886,
    "average": 0.0002790026104055511,
    "requestsPerSec": 357308.78073595965,
    "totalData": 75034274,
    "sizePerRequest": 14,
    "sizePerSec": 5002229.598002557
  },
  "responseTimeHistogram": {
    "0.000031886": 1,
    "0.0058751327": 5359478,
    "0.0117183794": 0,
    "0.017561626099999998": 14,
    "0.023404872799999997": 7,
    "0.029248119499999996": 3,
    "0.0350913662": 0,
    "0.0409346129": 9,
    "0.0467778596": 0,
    "0.0526211063": 0,
    "0.058464353": 79
  },
  "latencyPercentiles": {
    "p10": 0.000139721,
    "p25": 0.00017825,
    "p50": 0.00023603,
    "p75": 0.000328452,
    "p90": 0.00046858,
    "p95": 0.000584362,
    "p99": 0.000857547,
    "p99.9": 0.001254591,
    "p99.99": 0.001666187
  },
  "rps": {
    "mean": 358448.0765582188,
    "stddev": 12785.951017595324,
    "max": 382606.4793832122,
    "percentiles": {
      "p10": 347836.6711139684,
      "p25": 353336.81201357854,
      "p50": 359232.4849404398,
      "p75": 365133.9676527329,
      "p90": 369246.78356748685,
      "p95": 371628.7269005977,
      "p99": 376263.6102853647,
      "p99.9": 380737.27417915704,
      "p99.99": 382606.4793832122
    }
  },
  "details": {
    "DNSDialup": {
      "average": 0.00008299907850393208,
      "fastest": 0.000013763,
      "slowest": 0.057428359
    },
    "DNSLookup": {
      "average": 1.9040678432365446e-6,
      "fastest": 1.142e-6,
      "slowest": 0.000765567
    }
  },
  "statusCodeDistribution": {
    "200": 5359591
  },
  "errorDistribution": {
    "aborted due to deadline": 100
  }
}