{
  "summary": {
    "successRate": 1.0,
    "total": 15.000516437,
    "slowest": 0.088616484,
    "fastest": 0.000021911,
    "average": 0.0002814997934676121,
    "requestsPerSec": 354157.8066536537,
    "totalData": 74374300,
    "sizePerRequest": 14,
    "sizePerSec": 4958115.963031094
  },
  "responseTimeHistogram": {
    "0.000021911": 1,
    "0.0088813683": 5312347,
    "0.0177408256": 1,
    "0.0266002829": 0,
    "0.0354597402": 22,
    "0.0443191975": 0,
    "0.0531786548": 0,
    "0.0620381121": 4,
    "0.0708975694": 0,
    "0.0797570267": 0,
    "0.088616484": 75
  },
  "latencyPercentiles": {
    "p10": 0.000138642,
    "p25": 0.000177052,
    "p50": 0.000235119,
    "p75": 0.000330264,
    "p90": 0.000478647,
    "p95": 0.000600926,
    "p99": 0.000886644,
    "p99.9": 0.001294175,
    "p99.99": 0.001730082
  },
  "rps": {
    "mean": 355247.57164438884,
    "stddev": 17220.574359674232,
    "max": 379216.2683779119,
    "percentiles": {
      "p10": 346113.39458837954,
      "p25": 351221.8108744581,
      "p50": 356328.89827364334,
      "p75": 361534.16497853503,
      "p90": 365818.3274982373,
      "p95": 368318.7828074529,
      "p99": 373556.6311852949,
      "p99.9": 376855.4151732148,
      "p99.99": 379216.2683779119
    }
  },
  "details": {
    "DNSDialup": {
      "average": 0.00008376855406130411,
      "fastest": 0.000011495,
      "slowest": 0.056192634
    },
    "DNSLookup": {
      "average": 1.8976505988761895e-6,
      "fastest": 1.104e-6,
      "slowest": 0.001074612
    }
  },
  "statusCodeDistribution": {
    "200": 5312450
  },
  "errorDistribution": {
    "aborted due to deadline": 100
  }
}