{
  "summary": {
    "successRate": 1.0,
    "total": 15.00020107,
    "slowest": 0.059067461,
    "fastest": 7.986e-6,
    "average": 0.00007182253820918065,
    "requestsPerSec": 1371128.4871463394,
    "totalData": 287939442,
    "sizePerRequest": 14,
    "sizePerSec": 19195705.487966504
  },
  "responseTimeHistogram": {
    "0.000007986": 1,
    "0.005913933499999999": 20567023,
    "0.011819880999999999": 0,
    "0.0177258285": 0,
    "0.023631776": 0,
    "0.0295377235": 0,
    "0.035443670999999996": 0,
    "0.0413496185": 0,
    "0.047255566": 0,
    "0.0531615135": 0,
    "0.059067461": 79
  },
  "latencyPercentiles": {
    "p10": 0.000038875,
    "p25": 0.000050592,
    "p50": 0.000067259,
    "p75": 0.00008734,
    "p90": 0.000109331,
    "p95": 0.000124796,
    "p99": 0.000161319,
    "p99.9": 0.000235407,
    "p99.99": 0.000385121
  },
  "rps": {
    "mean": 1374667.7646171178,
    "stddev": 62235.902326625604,
    "max": 1447742.129295943,
    "percentiles": {
      "p10": 1339603.6169298557,
      "p25": 1362854.5141807492,
      "p50": 1380541.692359155,
      "p75": 1397013.690734091,
      "p90": 1409461.1706148025,
      "p95": 1417319.275542136,
      "p99": 1430749.6470127518,
      "p99.9": 1440803.1697669786,
      "p99.99": 1447742.129295943
    }
  },
  "details": {
    "DNSDialup": {
      "average": 0.02532719243999999,
      "fastest": 0.00007068,
      "slowest": 0.058936764
    },
    "DNSLookup": {
      "average": 0.00003123779000000001,
      "fastest": 1.394e-6,
      "slowest": 0.000493691
    }
  },
  "statusCodeDistribution": {
    "200": 20567103
  },
  "errorDistribution": {
    "aborted due to deadline": 100
  }
}