{
  "summary": {
    "successRate": 1.0,
    "total": 15.000865608,
    "slowest": 0.031190629,
    "fastest": 6.806e-6,
    "average": 0.000016946321839113065,
    "requestsPerSec": 913423.6222136816,
    "totalData": 191828630,
    "sizePerRequest": 14,
    "sizePerSec": 12787837.383043902
  },
  "responseTimeHistogram": {
    "0.000006806": 1,
    "0.0031251882999999998": 13702030,
    "0.0062435706": 0,
    "0.0093619529": 0,
    "0.0124803352": 0,
    "0.0155987175": 0,
    "0.0187170998": 0,
    "0.0218354821": 0,
    "0.0249538644": 0,
    "0.0280722467": 0,
    "0.031190629": 14
  },
  "latencyPercentiles": {
    "p10": 0.000011448,
    "p25": 0.000013088,
    "p50": 0.000015985,
    "p75": 0.00002044,
    "p90": 0.000023209,
    "p95": 0.000024817,
    "p99": 0.000028576,
    "p99.9": 0.000044023,
    "p99.99": 0.000078079
  },
  "rps": {
    "mean": 914668.7636067892,
    "stddev": 33861.26869435919,
    "max": 945145.8395733386,
    "percentiles": {
      "p10": 898102.1142103985,
      "p25": 910210.8048223963,
      "p50": 919415.3918740589,
      "p75": 926851.2621260014,
      "p90": 932760.3334090746,
      "p95": 935214.6828705099,
      "p99": 939799.7074378472,
      "p99.9": 943780.7340105535,
      "p99.99": 945145.8395733386
    }
  },
  "details": {
    "DNSDialup": {
      "average": 0.0269927276875,
      "fastest": 0.000163033,
      "slowest": 0.031134635
    },
    "DNSLookup": {
      "average": 0.000025316124999999998,
      "fastest": 1.357e-6,
      "slowest": 0.000271944
    }
  },
  "statusCodeDistribution": {
    "200": 13702045
  },
  "errorDistribution": {
    "aborted due to deadline": 100
  }
}