{
  "summary": {
    "successRate": 1.0,
    "total": 15.001100443,
    "slowest": 0.035508135,
    "fastest": 8.567e-6,
    "average": 0.00007459112409680051,
    "requestsPerSec": 1321759.4319390291,
    "totalData": 277588444,
    "sizePerRequest": 14,
    "sizePerSec": 18504538.720659774
  },
  "responseTimeHistogram": {
    "0.000008567": 1,
    "0.0035585238000000003": 19827520,
    "0.0071084806000000006": 146,
    "0.0106584374": 0,
    "0.0142083942": 0,
    "0.017758351000000002": 0,
    "0.021308307800000002": 0,
    "0.024858264600000003": 0,
    "0.028408221400000003": 0,
    "0.031958178200000006": 0,
    "0.035508135": 79
  },
  "latencyPercentiles": {
    "p10": 0.00004027,
    "p25": 0.000052488,
    "p50": 0.000069964,
    "p75": 0.00009083,
    "p90": 0.000113819,
    "p95": 0.000130018,
    "p99": 0.000168379,
    "p99.9": 0.000244854,
    "p99.99": 0.000373887
  },
  "rps": {
    "mean": 1323131.8721545741,
    "stddev": 60504.8555950194,
    "max": 1391800.1408602805,
    "percentiles": {
      "p10": 1293649.287127705,
      "p25": 1312029.5206642384,
      "p50": 1329208.3740127692,
      "p75": 1343510.6137338006,
      "p90": 1355858.1663152392,
      "p95": 1362128.604700675,
      "p99": 1377207.4074355604,
      "p99.9": 1391687.3295065388,
      "p99.99": 1391800.1408602805
    }
  },
  "details": {
    "DNSDialup": {
      "average": 0.00989061736,
      "fastest": 0.000046609,
      "slowest": 0.035410943
    },
    "DNSLookup": {
      "average": 0.00004132046000000001,
      "fastest": 1.256e-6,
      "slowest": 0.000571438
    }
  },
  "statusCodeDistribution": {
    "200": 19827746
  },
  "errorDistribution": {
    "aborted due to deadline": 100
  }
}