{
  "summary": {
    "successRate": 1.0,
    "total": 15.000486424,
    "slowest": 0.057570617,
    "fastest": 6.614e-6,
    "average": 0.000020517757938040974,
    "requestsPerSec": 948558.1065714379,
    "totalData": 199202262,
    "sizePerRequest": 14,
    "sizePerSec": 13279720.161693338
  },
  "responseTimeHistogram": {
    "0.000006614": 1,
    "0.0057630143": 14228713,
    "0.0115194146": 0,
    "0.0172758149": 0,
    "0.023032215199999997": 0,
    "0.028788615499999996": 0,
    "0.0345450158": 0,
    "0.0403014161": 0,
    "0.0460578164": 0,
    "0.0518142167": 0,
    "0.057570617": 19
  },
  "latencyPercentiles": {
    "p10": 0.000012189,
    "p25": 0.000014097,
    "p50": 0.000017963,
    "p75": 0.000026885,
    "p90": 0.000030139,
    "p95": 0.00003204,
    "p99": 0.000037368,
    "p99.9": 0.000085391,
    "p99.99": 0.00012152
  },
  "rps": {
    "mean": 951529.8288500807,
    "stddev": 40315.62706959242,
    "max": 999385.9857319098,
    "percentiles": {
      "p10": 919228.1283807894,
      "p25": 941956.4231897525,
      "p50": 960220.3156055452,
      "p75": 971013.0259162318,
      "p90": 977931.8805793598,
      "p95": 981919.4420049461,
      "p99": 988632.6252566737,
      "p99.9": 994701.0616277631,
      "p99.99": 999385.9857319098
    }
  },
  "details": {
    "DNSDialup": {
      "average": 0.04319839968,
      "fastest": 0.000109847,
      "slowest": 0.057488976
    },
    "DNSLookup": {
      "average": 0.00003442292,
      "fastest": 1.448e-6,
      "slowest": 0.000365651
    }
  },
  "statusCodeDistribution": {
    "200": 14228733
  },
  "errorDistribution": {
    "aborted due to deadline": 100
  }
}