{
  "summary": {
    "successRate": 1.0,
    "total": 15.001164197,
    "slowest": 0.017665408,
    "fastest": 9.682e-6,
    "average": 0.00008337292577500021,
    "requestsPerSec": 1190666.6552967937,
    "totalData": 250059362,
    "sizePerRequest": 14,
    "sizePerSec": 16669330.37437241
  },
  "responseTimeHistogram": {
    "0.000009682": 1,
    "0.0017752546": 17860995,
    "0.0035408272": 77,
    "0.005306399799999999": 77,
    "0.007071972399999999": 0,
    "0.008837545": 79,
    "0.0106031176": 77,
    "0.0123686902": 0,
    "0.0141342628": 0,
    "0.0158998354": 0,
    "0.017665408": 77
  },
  "latencyPercentiles": {
    "p10": 0.000043676,
    "p25": 0.000057533,
    "p50": 0.000078308,
    "p75": 0.000102428,
    "p90": 0.000128759,
    "p95": 0.000147053,
    "p99": 0.000188904,
    "p99.9": 0.000270052,
    "p99.99": 0.000455039
  },
  "rps": {
    "mean": 1191237.5616640362,
    "stddev": 58733.62065012303,
    "max": 1263934.7582058487,
    "min": 57.42110340392789,
    "percentiles": {
      "p10": 1161162.6654644064,
      "p25": 1180648.6427239357,
      "p50": 1197171.1171146971,
      "p75": 1211309.2059499996,
      "p90": 1223479.1591016497,
      "p95": 1230272.3400135946,
      "p99": 1240635.1051629179,
      "p99.9": 1261130.4544042174,
      "p99.99": 1263934.7582058487
    }
  },
  "details": {
    "DNSDialup": {
      "average": 0.0021297110299999993,
      "fastest": 0.000035172,
      "slowest": 0.008504628
    },
    "DNSLookup": {
      "average": 0.000018944350000000008,
      "fastest": 1.188e-6,
      "slowest": 0.000110703
    }
  },
  "statusCodeDistribution": {
    "200": 17861383
  },
  "errorDistribution": {
    "aborted due to deadline": 3
  }
}