{
  "summary": {
    "successRate": 1.0,
    "total": 15.000776651,
    "slowest": 0.030603328,
    "fastest": 9.694e-6,
    "average": 0.00007728292242803604,
    "requestsPerSec": 1279243.0316413487,
    "totalData": 268653546,
    "sizePerRequest": 14,
    "sizePerSec": 17909309.114477795
  },
  "responseTimeHistogram": {
    "0.000009694": 1,
    "0.0030690574": 19189382,
    "0.0061284208": 77,
    "0.009187784199999998": 0,
    "0.0122471476": 0,
    "0.015306511": 0,
    "0.0183658744": 0,
    "0.0214252378": 0,
    "0.0244846012": 0,
    "0.0275439646": 0,
    "0.030603328000000003": 79
  },
  "latencyPercentiles": {
    "p10": 0.000041367,
    "p25": 0.000053751,
    "p50": 0.000071624,
    "p75": 0.000093694,
    "p90": 0.00011887,
    "p95": 0.00013732,
    "p99": 0.000183923,
    "p99.9": 0.00028347,
    "p99.99": 0.000550105
  },
  "rps": {
    "mean": 1280977.6266841323,
    "stddev": 55771.25868971158,
    "max": 1360395.9079114976,
    "percentiles": {
      "p10": 1243203.2323282564,
      "p25": 1267504.3156052765,
      "p50": 1288256.1366436635,
      "p75": 1305338.1047715198,
      "p90": 1320620.9978738723,
      "p95": 1328925.583467552,
      "p99": 1342103.0601930295,
      "p99.9": 1359344.722441355,
      "p99.99": 1360395.9079114976
    }
  },
  "details": {
    "DNSDialup": {
      "average": 0.023575232830000004,
      "fastest": 0.000094814,
      "slowest": 0.03040232
    },
    "DNSLookup": {
      "average": 0.00003649387,
      "fastest": 1.223e-6,
      "slowest": 0.000621322
    }
  },
  "statusCodeDistribution": {
    "200": 19189539
  },
  "errorDistribution": {
    "aborted due to deadline": 100
  }
}