{
  "summary": {
    "successRate": 1.0,
    "total": 15.000785158,
    "slowest": 0.04130815,
    "fastest": 0.000022842,
    "average": 0.00028942076504606836,
    "requestsPerSec": 344684.55787746044,
    "totalData": 72386146,
    "sizePerRequest": 14,
    "sizePerSec": 4825490.4818362845
  },
  "responseTimeHistogram": {
    "0.000022842": 1,
    "0.004151372800000001": 5170348,
    "0.008279903600000001": 5,
    "0.012408434400000001": 5,
    "0.0165369652": 39,
    "0.020665496000000002": 33,
    "0.0247940268": 0,
    "0.0289225576": 0,
    "0.033051088400000005": 0,
    "0.03717961920000001": 0,
    "0.04130815000000001": 8
  },
  "latencyPercentiles": {
    "p10": 0.000135588,
    "p25": 0.000174859,
    "p50": 0.000235537,
    "p75": 0.000336504,
    "p90": 0.000508382,
    "p95": 0.000657389,
    "p99": 0.00101215,
    "p99.9": 0.001566736,
    "p99.99": 0.002249374
  },
  "rps": {
    "mean": 344839.56633690186,
    "stddev": 21387.01487180326,
    "max": 376327.42446598003,
    "percentiles": {
      "p10": 336323.6771868687,
      "p25": 342007.3531580707,
      "p50": 346648.39211553277,
      "p75": 351688.08278668823,
      "p90": 356069.9722529166,
      "p95": 358308.9617552867,
      "p99": 362452.0481141096,
      "p99.9": 367637.94023544464,
      "p99.99": 376327.42446598003
    }
  },
  "details": {
    "DNSDialup": {
      "average": 0.00008522106280356644,
      "fastest": 0.000010373,
      "slowest": 0.017205603
    },
    "DNSLookup": {
      "average": 1.8136320424630448e-6,
      "fastest": 9.31e-7,
      "slowest": 0.002206977
    }
  },
  "statusCodeDistribution": {
    "200": 5170439
  },
  "errorDistribution": {
    "aborted due to deadline": 100
  }
}