{
  "summary": {
    "successRate": 1.0,
    "total": 15.000814356,
    "slowest": 0.076896187,
    "fastest": 0.000024965,
    "average": 0.0002917134012477002,
    "requestsPerSec": 341567.7894814153,
    "totalData": 71731730,
    "sizePerRequest": 14,
    "sizePerSec": 4781855.72447331
  },
  "responseTimeHistogram": {
    "0.000024965": 1,
    "0.0077120872": 5123594,
    "0.0153992094": 0,
    "0.0230863316": 0,
    "0.0307734538": 21,
    "0.038460576": 0,
    "0.046147698200000004": 0,
    "0.053834820400000004": 14,
    "0.061521942600000004": 0,
    "0.06920906480000001": 0,
    "0.076896187": 65
  },
  "latencyPercentiles": {
    "p10": 0.000180892,
    "p25": 0.000219955,
    "p50": 0.000269706,
    "p75": 0.000330453,
    "p90": 0.000410988,
    "p95": 0.000491045,
    "p99": 0.000759914,
    "p99.9": 0.001076334,
    "p99.99": 0.001346383
  },
  "rps": {
    "mean": 342544.69396439986,
    "stddev": 14232.58236851672,
    "max": 366655.73167122505,
    "percentiles": {
      "p10": 328020.8100643857,
      "p25": 336238.3984251188,
      "p50": 344155.1336524257,
      "p75": 350621.24764762906,
      "p90": 355948.0173875427,
      "p95": 358538.937328591,
      "p99": 362188.0122378891,
      "p99.9": 365779.33753831364,
      "p99.99": 366655.73167122505
    }
  },
  "details": {
    "DNSDialup": {
      "average": 0.0001273457543013466,
      "fastest": 0.000012908,
      "slowest": 0.052577535
    },
    "DNSLookup": {
      "average": 1.7139986144764076e-6,
      "fastest": 8.22e-7,
      "slowest": 0.00108037
    }
  },
  "statusCodeDistribution": {
    "200": 5123695
  },
  "errorDistribution": {
    "aborted due to deadline": 100
  }
}