{
  "summary": {
    "successRate": 1.0,
    "total": 2706.334549539,
    "slowest": 0.004830939,
    "fastest": 0.000039278,
    "average": 0.00010263869954214707,
    "requestsPerSec": 3694.9995711740057,
    "totalData": 139998670,
    "sizePerRequest": 14,
    "sizePerSec": 51729.993996436075
  },
  "responseTimeHistogram": {
    "0.000039278": 1,
    "0.0005184441": 9999605,
    "0.0009976102": 157,
    "0.0014767762999999998": 46,
    "0.0019559423999999997": 39,
    "0.0024351085": 22,
    "0.0029142745999999995": 23,
    "0.0033934406999999995": 5,
    "0.0038726067999999996": 1,
    "0.0043517729": 1,
    "0.004830939": 5
  },
  "latencyPercentiles": {
    "p10": 0.000084764,
    "p25": 0.000091973,
    "p50": 0.000097974,
    "p75": 0.000109999,
    "p90": 0.000130039,
    "p95": 0.000141918,
    "p99": 0.000159336,
    "p99.9": 0.000195011,
    "p99.99": 0.000261371
  },
  "rps": {
    "mean": 47218.59804656719,
    "stddev": 3189.3204723416216,
    "max": 61819.875089850946,
    "percentiles": {
      "p10": 44094.78173336978,
      "p25": 45550.156089537726,
      "p50": 46855.94599960068,
      "p75": 48152.081291132316,
      "p90": 49904.38160465184,
      "p95": 53496.37371727291,
      "p99": 59504.706822309265,
      "p99.9": 60875.04066255223,
      "p99.99": 61630.80307531048
    }
  },
  "details": {
    "DNSDialup": {
      "average": 0.0006749062835820896,
      "fastest": 0.000195696,
      "slowest": 0.002235121
    },
    "DNSLookup": {
      "average": 0.00006602532835820896,
      "fastest": 3.196e-6,
      "slowest": 0.001346367
    }
  },
  "statusCodeDistribution": {
    "200": 9999905
  },
  "errorDistribution": {}
}