{
  "summary": {
    "successRate": 1.0,
    "total": 15.000903543,
    "slowest": 0.052568353,
    "fastest": 7.83e-6,
    "average": 0.00007407313868933047,
    "requestsPerSec": 1330416.6607559393,
    "totalData": 279402928,
    "sizePerRequest": 14,
    "sizePerSec": 18625739.922871526
  },
  "responseTimeHistogram": {
    "0.00000783": 1,
    "0.0052638823": 19957272,
    "0.0105199346": 0,
    "0.015775986899999997": 0,
    "0.021032039199999998": 0,
    "0.0262880915": 0,
    "0.031544143799999994": 0,
    "0.036800196099999995": 0,
    "0.042056248399999996": 0,
    "0.0473123007": 0,
    "0.052568353": 79
  },
  "latencyPercentiles": {
    "p10": 0.000039085,
    "p25": 0.000051281,
    "p50": 0.000068944,
    "p75": 0.000090781,
    "p90": 0.000115157,
    "p95": 0.000131362,
    "p99": 0.000166001,
    "p99.9": 0.000236197,
    "p99.99": 0.000461443
  },
  "rps": {
    "mean": 1334166.6244507823,
    "stddev": 53359.89050792007,
    "max": 1430649.2143329775,
    "percentiles": {
      "p10": 1302983.0691211105,
      "p25": 1323149.618110582,
      "p50": 1339900.8039403395,
      "p75": 1354352.142557501,
      "p90": 1367116.131970264,
      "p95": 1375998.6591038618,
      "p99": 1388819.3045884804,
      "p99.9": 1418506.0995762276,
      "p99.99": 1430649.2143329775
    }
  },
  "details": {
    "DNSDialup": {
      "average": 0.041168031430000016,
      "fastest": 0.000097814,
      "slowest": 0.052388045
    },
    "DNSLookup": {
      "average": 0.00002548065000000001,
      "fastest": 1.163e-6,
      "slowest": 0.000320447
    }
  },
  "statusCodeDistribution": {
    "200": 19957352
  },
  "errorDistribution": {
    "aborted due to deadline": 100
  }
}