{
  "summary": {
    "successRate": 1.0,
    "total": 15.000588769,
    "slowest": 0.056312096,
    "fastest": 5.55e-6,
    "average": 0.000022666026030390597,
    "requestsPerSec": 1249855.4749227923,
    "totalData": 262478552,
    "sizePerRequest": 14,
    "sizePerSec": 17497883.319249067
  },
  "responseTimeHistogram": {
    "0.00000555": 1,
    "0.0056362046": 18748415,
    "0.0112668592": 6,
    "0.0168975138": 3,
    "0.0225281684": 0,
    "0.028158823": 0,
    "0.0337894776": 0,
    "0.0394201322": 0,
    "0.0450507868": 0,
    "0.0506814414": 41,
    "0.056312096": 2
  },
  "latencyPercentiles": {
    "p10": 0.000013736,
    "p25": 0.000016863,
    "p50": 0.000021315,
    "p75": 0.000026878,
    "p90": 0.000032429,
    "p95": 0.000035758,
    "p99": 0.000043224,
    "p99.9": 0.000106984,
    "p99.99": 0.000209132
  },
  "rps": {
    "mean": 1252115.0029605036,
    "stddev": 117260.27974610857,
    "max": 1352920.6996867645,
    "percentiles": {
      "p10": 1210964.3022044154,
      "p25": 1246319.431670448,
      "p50": 1271905.2572617787,
      "p75": 1290988.5618153573,
      "p90": 1305668.4170250585,
      "p95": 1313494.5285397007,
      "p99": 1326803.3579815642,
      "p99.9": 1342110.0658255208,
      "p99.99": 1352920.6996867645
    }
  },
  "details": {
    "DNSDialup": {
      "average": 0.004686887518518519,
      "fastest": 0.000241488,
      "slowest": 0.056116466
    },
    "DNSLookup": {
      "average": 0.00006068357407407406,
      "fastest": 6.371e-6,
      "slowest": 0.000417582
    }
  },
  "statusCodeDistribution": {
    "200": 18748468
  },
  "errorDistribution": {
    "aborted due to deadline": 100
  }
}