{
  "summary": {
    "successRate": 1.0,
    "total": 15.000813811,
    "slowest": 0.062174513,
    "fastest": 0.000024614,
    "average": 0.0003633718973079142,
    "requestsPerSec": 274594.568794625,
    "totalData": 57666588,
    "sizePerRequest": 14,
    "sizePerSec": 3844230.6348548546
  },
  "responseTimeHistogram": {
    "0.000024614": 1,
    "0.0062396039000000006": 4118944,
    "0.0124545938": 0,
    "0.0186695837": 0,
    "0.0248845736": 18,
    "0.031099563500000003": 0,
    "0.0373145534": 0,
    "0.0435295433": 11,
    "0.0497445332": 0,
    "0.055959523100000005": 0,
    "0.06217451300000001": 68
  },
  "latencyPercentiles": {
    "p10": 0.000187928,
    "p25": 0.000239295,
    "p50": 0.000312874,
    "p75": 0.00041785,
    "p90": 0.000574291,
    "p95": 0.000729927,
    "p99": 0.001208774,
    "p99.9": 0.002014355,
    "p99.99": 0.003055323
  },
  "rps": {
    "mean": 275069.85781061224,
    "stddev": 17954.476946357187,
    "max": 321611.8566037337,
    "percentiles": {
      "p10": 254154.4398810176,
      "p25": 265409.5016601498,
      "p50": 275715.60550329514,
      "p75": 286264.43812502036,
      "p90": 295573.53122021,
      "p95": 300468.41665848275,
      "p99": 311107.2176874463,
      "p99.9": 319199.46255254606,
      "p99.99": 321611.8566037337
    }
  },
  "details": {
    "DNSDialup": {
      "average": 0.00015367613815252943,
      "fastest": 0.00001358,
      "slowest": 0.03779356
    },
    "DNSLookup": {
      "average": 1.8257347208403252e-6,
      "fastest": 1.119e-6,
      "slowest": 0.001460254
    }
  },
  "statusCodeDistribution": {
    "200": 4119042
  },
  "errorDistribution": {
    "aborted due to deadline": 100
  }
}