{
  "summary": {
    "successRate": 1.0,
    "total": 15.000698104,
    "slowest": 0.08032855,
    "fastest": 0.000031685,
    "average": 0.00029877935262596607,
    "requestsPerSec": 333792.99851817085,
    "totalData": 70098392,
    "sizePerRequest": 14,
    "sizePerSec": 4673008.650264614
  },
  "responseTimeHistogram": {
    "0.000031685": 1,
    "0.0080613715": 5006944,
    "0.016091058": 0,
    "0.024120744499999996": 0,
    "0.03215043099999999": 0,
    "0.040180117499999994": 47,
    "0.04820980399999999": 20,
    "0.05623949049999999": 0,
    "0.064269177": 0,
    "0.07229886349999999": 0,
    "0.08032855": 16
  },
  "latencyPercentiles": {
    "p10": 0.000173991,
    "p25": 0.00021513,
    "p50": 0.000268691,
    "p75": 0.000337964,
    "p90": 0.000444367,
    "p95": 0.00055812,
    "p99": 0.000842441,
    "p99.9": 0.001229995,
    "p99.99": 0.001674302
  },
  "rps": {
    "mean": 334457.6889527414,
    "stddev": 12205.604832201176,
    "max": 355301.8650447027,
    "percentiles": {
      "p10": 323231.8297964286,
      "p25": 329774.84662362596,
      "p50": 335909.00236126943,
      "p75": 340677.6404342715,
      "p90": 344523.5309571603,
      "p95": 346406.43867450464,
      "p99": 349354.60412461986,
      "p99.9": 353565.94004781824,
      "p99.99": 355301.8650447027
    }
  },
  "details": {
    "DNSDialup": {
      "average": 0.00011637615924336938,
      "fastest": 0.000015023,
      "slowest": 0.040242064
    },
    "DNSLookup": {
      "average": 1.8627567033777366e-6,
      "fastest": 1.108e-6,
      "slowest": 0.001067659
    }
  },
  "statusCodeDistribution": {
    "200": 5007028
  },
  "errorDistribution": {
    "aborted due to deadline": 100
  }
}