{
  "summary": {
    "successRate": 1.0,
    "total": 15.000262725,
    "slowest": 0.049250563,
    "fastest": 8.091e-6,
    "average": 0.00007163132818394307,
    "requestsPerSec": 1376010.0325176136,
    "totalData": 288965768,
    "sizePerRequest": 14,
    "sizePerSec": 19264047.123547964
  },
  "responseTimeHistogram": {
    "0.000008091": 1,
    "0.0049323382": 20640255,
    "0.0098565854": 77,
    "0.0147808326": 0,
    "0.019705079799999997": 0,
    "0.024629326999999996": 0,
    "0.0295535742": 0,
    "0.0344778214": 0,
    "0.0394020686": 0,
    "0.0443263158": 0,
    "0.049250563": 79
  },
  "latencyPercentiles": {
    "p10": 0.000038268,
    "p25": 0.000050083,
    "p50": 0.000067002,
    "p75": 0.000087196,
    "p90": 0.000109227,
    "p95": 0.000124665,
    "p99": 0.000162801,
    "p99.9": 0.000260151,
    "p99.99": 0.000597113
  },
  "rps": {
    "mean": 1379575.112838155,
    "stddev": 60615.368587354795,
    "max": 1448061.1081787075,
    "percentiles": {
      "p10": 1343618.6762995038,
      "p25": 1367238.2826719542,
      "p50": 1388039.559127471,
      "p75": 1404951.7347872136,
      "p90": 1417726.4109078236,
      "p95": 1424541.6220121514,
      "p99": 1438208.584748094,
      "p99.9": 1447309.443841699,
      "p99.99": 1448061.1081787075
    }
  },
  "details": {
    "DNSDialup": {
      "average": 0.03855147413000001,
      "fastest": 0.000091922,
      "slowest": 0.049044778
    },
    "DNSLookup": {
      "average": 0.000031243529999999995,
      "fastest": 1.398e-6,
      "slowest": 0.000302391
    }
  },
  "statusCodeDistribution": {
    "200": 20640412
  },
  "errorDistribution": {
    "aborted due to deadline": 100
  }
}