{
  "summary": {
    "successRate": 1.0,
    "total": 15.001001754,
    "slowest": 0.122739105,
    "fastest": 0.000027681,
    "average": 0.00026652432167171446,
    "requestsPerSec": 373791.1702133383,
    "totalData": 78499988,
    "sizePerRequest": 14,
    "sizePerSec": 5232983.055886122
  },
  "responseTimeHistogram": {
    "0.000027681": 1,
    "0.0122988234": 5607046,
    "0.024569965800000003": 15,
    "0.0368411082": 1,
    "0.049112250600000004": 0,
    "0.06138339300000001": 0,
    "0.0736545354": 0,
    "0.0859256778": 0,
    "0.0981968202": 22,
    "0.11046796260000001": 0,
    "0.12273910500000001": 57
  },
  "latencyPercentiles": {
    "p10": 0.000156905,
    "p25": 0.000193324,
    "p50": 0.00024013,
    "p75": 0.00029939,
    "p90": 0.00038792,
    "p95": 0.00048398,
    "p99": 0.000761305,
    "p99.9": 0.001078475,
    "p99.99": 0.001441958
  },
  "rps": {
    "mean": 375990.71003409004,
    "stddev": 14930.031188941224,
    "max": 403509.8859922091,
    "percentiles": {
      "p10": 362389.09462958854,
      "p25": 370685.3317633946,
      "p50": 377442.7642651841,
      "p75": 383963.0467322463,
      "p90": 389060.4599954835,
      "p95": 391528.8165208891,
      "p99": 395787.42944316484,
      "p99.9": 400350.2439556174,
      "p99.99": 403509.8859922091
    }
  },
  "details": {
    "DNSDialup": {
      "average": 0.00010683057517037836,
      "fastest": 0.000012554,
      "slowest": 0.097950515
    },
    "DNSLookup": {
      "average": 1.9028936702512267e-6,
      "fastest": 1.107e-6,
      "slowest": 0.001237802
    }
  },
  "statusCodeDistribution": {
    "200": 5607142
  },
  "errorDistribution": {
    "aborted due to deadline": 100
  }
}