{
  "summary": {
    "successRate": 1.0,
    "total": 15.00104599,
    "slowest": 0.018105435,
    "fastest": 9.88e-6,
    "average": 0.00008131299547089869,
    "requestsPerSec": 1221041.5201853535,
    "totalData": 256436460,
    "sizePerRequest": 14,
    "sizePerSec": 17094571.949912407
  },
  "responseTimeHistogram": {
    "0.00000988": 1,
    "0.0018194355": 18316502,
    "0.003628991": 77,
    "0.0054385465000000004": 77,
    "0.007248102": 0,
    "0.0090576575": 52,
    "0.010867213": 104,
    "0.0126767685": 0,
    "0.014486324": 0,
    "0.0162958795": 0,
    "0.018105435": 77
  },
  "latencyPercentiles": {
    "p10": 0.000043023,
    "p25": 0.000056517,
    "p50": 0.000076676,
    "p75": 0.000099813,
    "p90": 0.000124629,
    "p95": 0.000141548,
    "p99": 0.000180465,
    "p99.9": 0.000268631,
    "p99.99": 0.000472069
  },
  "rps": {
    "mean": 1221600.8995637628,
    "stddev": 61544.67829383395,
    "max": 1300621.0700613733,
    "min": 55.92889334728743,
    "percentiles": {
      "p10": 1188819.972175521,
      "p25": 1208571.1848429064,
      "p50": 1225076.812316094,
      "p75": 1243534.5306124664,
      "p90": 1257969.565716957,
      "p95": 1269815.3606851988,
      "p99": 1284660.4006632224,
      "p99.9": 1300405.461702928,
      "p99.99": 1300621.0700613733
    }
  },
  "details": {
    "DNSDialup": {
      "average": 0.0022712985499999997,
      "fastest": 0.000055155,
      "slowest": 0.009090546
    },
    "DNSLookup": {
      "average": 0.000019592240000000008,
      "fastest": 1.114e-6,
      "slowest": 0.000125226
    }
  },
  "statusCodeDistribution": {
    "200": 18316890
  },
  "errorDistribution": {
    "aborted due to deadline": 10
  }
}