{
  "summary": {
    "successRate": 1.0,
    "total": 15.000946305,
    "slowest": 0.036132053,
    "fastest": 0.000030554,
    "average": 0.0002798231450592864,
    "requestsPerSec": 356494.5764933195,
    "totalData": 74867184,
    "sizePerRequest": 14,
    "sizePerSec": 4990830.743460887
  },
  "responseTimeHistogram": {
    "0.000030554": 1,
    "0.0036407038999999993": 5347529,
    "0.007250853799999999": 0,
    "0.010861003699999998": 0,
    "0.014471153599999998": 0,
    "0.018081303499999996": 32,
    "0.021691453399999994": 0,
    "0.025301603299999996": 0,
    "0.028911753199999994": 11,
    "0.0325219031": 79,
    "0.036132053": 4
  },
  "latencyPercentiles": {
    "p10": 0.000140351,
    "p25": 0.000179004,
    "p50": 0.000236993,
    "p75": 0.000329886,
    "p90": 0.00047107,
    "p95": 0.000587368,
    "p99": 0.000858458,
    "p99.9": 0.001250085,
    "p99.99": 0.001700594
  },
  "rps": {
    "mean": 356955.3407061743,
    "stddev": 12313.404467878632,
    "max": 380508.82780480006,
    "percentiles": {
      "p10": 346917.63977158914,
      "p25": 352287.22631726426,
      "p50": 357456.4066209725,
      "p75": 362838.89632968995,
      "p90": 367235.0323213855,
      "p95": 369721.5662134585,
      "p99": 374699.38480846,
      "p99.9": 380015.84666080866,
      "p99.99": 380508.82780480006
    }
  },
  "details": {
    "DNSDialup": {
      "average": 0.00008314738332850515,
      "fastest": 0.00001371,
      "slowest": 0.013658379
    },
    "DNSLookup": {
      "average": 1.926885342662266e-6,
      "fastest": 1.141e-6,
      "slowest": 0.000855819
    }
  },
  "statusCodeDistribution": {
    "200": 5347656
  },
  "errorDistribution": {
    "aborted due to deadline": 100
  }
}