{
  "summary": {
    "successRate": 1.0,
    "total": 15.000684812,
    "slowest": 0.068700341,
    "fastest": 7.12e-6,
    "average": 0.00003046459120215782,
    "requestsPerSec": 1225169.5326134688,
    "totalData": 257295948,
    "sizePerRequest": 14,
    "sizePerSec": 17152280.127516087
  },
  "responseTimeHistogram": {
    "0.00000712": 1,
    "0.0068764421000000004": 18378232,
    "0.0137457642": 0,
    "0.020615086300000002": 0,
    "0.0274844084": 0,
    "0.0343537305": 0,
    "0.041223052600000004": 0,
    "0.0480923747": 0,
    "0.0549616968": 0,
    "0.0618310189": 0,
    "0.068700341": 49
  },
  "latencyPercentiles": {
    "p10": 0.000015381,
    "p25": 0.000020032,
    "p50": 0.000029601,
    "p75": 0.000038713,
    "p90": 0.000045407,
    "p95": 0.000049802,
    "p99": 0.000062578,
    "p99.9": 0.000089265,
    "p99.99": 0.000214578
  },
  "rps": {
    "mean": 1229241.927900078,
    "stddev": 62076.42007016449,
    "max": 1289458.3454848984,
    "percentiles": {
      "p10": 1183098.1971503173,
      "p25": 1213109.704877606,
      "p50": 1242914.666393089,
      "p75": 1257366.4753212857,
      "p90": 1267181.2263166017,
      "p95": 1272090.3184126504,
      "p99": 1281119.088674435,
      "p99.9": 1285895.0276425523,
      "p99.99": 1289458.3454848984
    }
  },
  "details": {
    "DNSDialup": {
      "average": 0.024043144382352936,
      "fastest": 0.000070211,
      "slowest": 0.067844823
    },
    "DNSLookup": {
      "average": 0.00001969279411764705,
      "fastest": 1.364e-6,
      "slowest": 0.000239366
    }
  },
  "statusCodeDistribution": {
    "200": 18378282
  },
  "errorDistribution": {
    "aborted due to deadline": 100
  }
}