{
  "summary": {
    "successRate": 1.0,
    "total": 15.000338261,
    "slowest": 0.040556742,
    "fastest": 5.448e-6,
    "average": 0.000026855712686963436,
    "requestsPerSec": 1166952.5510308756,
    "totalData": 245064162,
    "sizePerRequest": 14,
    "sizePerSec": 16337242.383203615
  },
  "responseTimeHistogram": {
    "0.000005448": 1,
    "0.0040605774": 17504532,
    "0.0081157068": 13,
    "0.012170836200000002": 7,
    "0.016225965600000003": 0,
    "0.020281095000000002": 0,
    "0.024336224400000005": 0,
    "0.028391353800000005": 0,
    "0.0324464832": 0,
    "0.036501612600000004": 1,
    "0.040556742": 29
  },
  "latencyPercentiles": {
    "p10": 0.000013599,
    "p25": 0.000017303,
    "p50": 0.000025794,
    "p75": 0.000033424,
    "p90": 0.000038872,
    "p95": 0.000043344,
    "p99": 0.000074275,
    "p99.9": 0.000122189,
    "p99.99": 0.000225653
  },
  "rps": {
    "mean": 1169326.7526534977,
    "stddev": 110585.77384799828,
    "max": 1262226.4434238789,
    "percentiles": {
      "p10": 1123627.531724848,
      "p25": 1163155.3975611345,
      "p50": 1185508.2938072132,
      "p75": 1214890.7523391948,
      "p90": 1231432.1403789246,
      "p95": 1240109.5488435165,
      "p99": 1249877.097752574,
      "p99.9": 1257925.5409690123,
      "p99.99": 1262226.4434238789
    }
  },
  "details": {
    "DNSDialup": {
      "average": 0.024137790789473684,
      "fastest": 0.000174845,
      "slowest": 0.040167552
    },
    "DNSLookup": {
      "average": 0.00003950378947368422,
      "fastest": 5.45e-6,
      "slowest": 0.00034238
    }
  },
  "statusCodeDistribution": {
    "200": 17504583
  },
  "errorDistribution": {
    "aborted due to deadline": 100
  }
}