{
  "summary": {
    "successRate": 1.0,
    "total": 15.000568694,
    "slowest": 0.031289811,
    "fastest": 5.483e-6,
    "average": 0.00002660369909827412,
    "requestsPerSec": 1033194.7618892054,
    "totalData": 216977726,
    "sizePerRequest": 14,
    "sizePerSec": 14464633.33665395
  },
  "responseTimeHistogram": {
    "0.000005483": 1,
    "0.0031339158": 15498353,
    "0.006262348599999999": 7,
    "0.0093907814": 0,
    "0.0125192142": 1,
    "0.015647647": 0,
    "0.018776079799999998": 0,
    "0.0219045126": 0,
    "0.0250329454": 3,
    "0.0281613782": 2,
    "0.031289811": 42
  },
  "latencyPercentiles": {
    "p10": 0.000012331,
    "p25": 0.000015696,
    "p50": 0.000027839,
    "p75": 0.000035482,
    "p90": 0.000039116,
    "p95": 0.000041495,
    "p99": 0.00004817,
    "p99.9": 0.000104,
    "p99.99": 0.000215541
  },
  "rps": {
    "mean": 1033931.6224055456,
    "stddev": 96232.05457809234,
    "max": 1121231.211699879,
    "percentiles": {
      "p10": 962028.1874258945,
      "p25": 994482.6415075008,
      "p50": 1068612.395903702,
      "p75": 1084821.6964340126,
      "p90": 1092035.1939570187,
      "p95": 1096003.462726899,
      "p99": 1103649.3331251792,
      "p99.9": 1114764.5448671654,
      "p99.99": 1121231.211699879
    }
  },
  "details": {
    "DNSDialup": {
      "average": 0.006529975718749999,
      "fastest": 0.000086891,
      "slowest": 0.029630483
    },
    "DNSLookup": {
      "average": 0.00007049081249999999,
      "fastest": 5.412e-6,
      "slowest": 0.000904571
    }
  },
  "statusCodeDistribution": {
    "200": 15498409
  },
  "errorDistribution": {
    "aborted due to deadline": 100
  }
}