{
  "summary": {
    "successRate": 1.0,
    "total": 15.000441061,
    "slowest": 0.033281737,
    "fastest": 0.000032097,
    "average": 0.0002807848175810172,
    "requestsPerSec": 355185.8227590552,
    "totalData": 74589816,
    "sizePerRequest": 14,
    "sizePerSec": 4972508.188037738
  },
  "responseTimeHistogram": {
    "0.000032097": 1,
    "0.0033570609999999997": 5327712,
    "0.006682024999999999": 24,
    "0.010006988999999999": 0,
    "0.013331952999999999": 0,
    "0.016656916999999997": 0,
    "0.019981880999999996": 0,
    "0.023306844999999996": 0,
    "0.026631808999999996": 6,
    "0.029956772999999996": 19,
    "0.033281737": 82
  },
  "latencyPercentiles": {
    "p10": 0.000139897,
    "p25": 0.000178373,
    "p50": 0.000235971,
    "p75": 0.000329453,
    "p90": 0.000475859,
    "p95": 0.000596555,
    "p99": 0.000882225,
    "p99.9": 0.001293497,
    "p99.99": 0.001752822
  },
  "rps": {
    "mean": 355724.0419285057,
    "stddev": 12526.081119948049,
    "max": 378114.4021253662,
    "percentiles": {
      "p10": 345603.4736799938,
      "p25": 351326.8062353569,
      "p50": 356614.26457056706,
      "p75": 361558.9702680565,
      "p90": 366009.1805385588,
      "p95": 368384.1552392019,
      "p99": 373849.0863850442,
      "p99.9": 376726.1655928562,
      "p99.99": 378114.4021253662
    }
  },
  "details": {
    "DNSDialup": {
      "average": 0.00008396334688515823,
      "fastest": 0.000012938,
      "slowest": 0.029098802
    },
    "DNSLookup": {
      "average": 1.9139848738065336e-6,
      "fastest": 1.081e-6,
      "slowest": 0.000707056
    }
  },
  "statusCodeDistribution": {
    "200": 5327844
  },
  "errorDistribution": {
    "aborted due to deadline": 100
  }
}