{
  "summary": {
    "successRate": 1.0,
    "total": 15.000845941,
    "slowest": 0.028521361,
    "fastest": 5.69e-6,
    "average": 0.000024782140575226933,
    "requestsPerSec": 1223754.5183919305,
    "totalData": 257001542,
    "sizePerRequest": 14,
    "sizePerSec": 17132469.92941703
  },
  "responseTimeHistogram": {
    "0.00000569": 1,
    "0.0028572571": 18357181,
    "0.0057088241999999996": 23,
    "0.008560391299999998": 8,
    "0.011411958399999998": 0,
    "0.014263525499999999": 0,
    "0.017115092599999996": 0,
    "0.019966659699999997": 0,
    "0.022818226799999997": 0,
    "0.025669793899999998": 1,
    "0.028521361": 39
  },
  "latencyPercentiles": {
    "p10": 0.000014896,
    "p25": 0.00001848,
    "p50": 0.00002332,
    "p75": 0.000029115,
    "p90": 0.000035368,
    "p95": 0.000040011,
    "p99": 0.000049503,
    "p99.9": 0.000113188,
    "p99.99": 0.000200886
  },
  "rps": {
    "mean": 1224461.999106787,
    "stddev": 122751.19679776103,
    "max": 1329005.405442149,
    "percentiles": {
      "p10": 1154823.5661215666,
      "p25": 1208511.5456156307,
      "p50": 1250614.2570025143,
      "p75": 1280539.9630179647,
      "p90": 1298896.1183127754,
      "p95": 1305985.5420530343,
      "p99": 1316964.22543896,
      "p99.9": 1327618.321132843,
      "p99.99": 1329005.405442149
    }
  },
  "details": {
    "DNSDialup": {
      "average": 0.0077860474339622645,
      "fastest": 0.000135999,
      "slowest": 0.027974979
    },
    "DNSLookup": {
      "average": 0.00004425084905660377,
      "fastest": 5.681e-6,
      "slowest": 0.001333646
    }
  },
  "statusCodeDistribution": {
    "200": 18357253
  },
  "errorDistribution": {
    "aborted due to deadline": 100
  }
}