{
  "summary": {
    "successRate": 1.0,
    "total": 15.001066996,
    "slowest": 0.017256239,
    "fastest": 0.000035653,
    "average": 0.0003115981650715007,
    "requestsPerSec": 320248.4197478082,
    "totalData": 67256896,
    "sizePerRequest": 14,
    "sizePerSec": 4483474.143401526
  },
  "responseTimeHistogram": {
    "0.000035653": 1,
    "0.0017577116000000001": 4803856,
    "0.0034797702": 123,
    "0.005201828800000001": 0,
    "0.0069238874": 2,
    "0.008645946": 1,
    "0.010368004600000001": 2,
    "0.0120900632": 0,
    "0.0138121218": 0,
    "0.0155341804": 27,
    "0.017256239": 52
  },
  "latencyPercentiles": {
    "p10": 0.000189165,
    "p25": 0.000232795,
    "p50": 0.000288769,
    "p75": 0.000357852,
    "p90": 0.000449356,
    "p95": 0.000535875,
    "p99": 0.000784909,
    "p99.9": 0.001144174,
    "p99.99": 0.001542811
  },
  "rps": {
    "mean": 320188.8273253118,
    "stddev": 13323.047807513347,
    "max": 357789.45301217964,
    "min": 68.78520039639535,
    "percentiles": {
      "p10": 313978.62024649594,
      "p25": 317918.34388844215,
      "p50": 321419.44587647484,
      "p75": 324922.5506159969,
      "p90": 327546.0180077949,
      "p95": 328831.6220834315,
      "p99": 331830.8934561799,
      "p99.9": 334631.05376178917,
      "p99.99": 357789.45301217964
    }
  },
  "details": {
    "DNSDialup": {
      "average": 0.00012715653455699758,
      "fastest": 0.0000164,
      "slowest": 0.015023872
    },
    "DNSLookup": {
      "average": 1.6494025579177019e-6,
      "fastest": 8.63e-7,
      "slowest": 0.001023919
    }
  },
  "statusCodeDistribution": {
    "200": 4804064
  },
  "errorDistribution": {
    "aborted due to deadline": 4
  }
}