{
  "summary": {
    "successRate": 1.0,
    "total": 15.00113037,
    "slowest": 0.033305141,
    "fastest": 0.00003221,
    "average": 0.00036350809525000576,
    "requestsPerSec": 274503.5139641947,
    "totalData": 57648682,
    "sizePerRequest": 14,
    "sizePerSec": 3842955.8691982757
  },
  "responseTimeHistogram": {
    "0.00003221": 1,
    "0.0033595031000000007": 4117544,
    "0.006686796200000002": 139,
    "0.010014089300000003": 0,
    "0.013341382400000002": 0,
    "0.016668675500000004": 0,
    "0.019995968600000007": 0,
    "0.023323261700000007": 0,
    "0.026650554800000007": 0,
    "0.029977847900000007": 0,
    "0.033305141": 79
  },
  "latencyPercentiles": {
    "p10": 0.00018918,
    "p25": 0.000240607,
    "p50": 0.000314103,
    "p75": 0.00041901,
    "p90": 0.000575325,
    "p95": 0.000727603,
    "p99": 0.001190068,
    "p99.9": 0.001988917,
    "p99.99": 0.002973915
  },
  "rps": {
    "mean": 274910.2589022347,
    "stddev": 17182.545592485054,
    "max": 317807.95936381555,
    "percentiles": {
      "p10": 255224.1952537226,
      "p25": 265504.2988652569,
      "p50": 275939.1561164303,
      "p75": 285605.6264308557,
      "p90": 294356.0815424602,
      "p95": 299148.43213116366,
      "p99": 308331.857578336,
      "p99.9": 315106.17608106515,
      "p99.99": 317807.95936381555
    }
  },
  "details": {
    "DNSDialup": {
      "average": 0.00015336740256833098,
      "fastest": 0.000013946,
      "slowest": 0.032632045
    },
    "DNSLookup": {
      "average": 1.8526504954267663e-6,
      "fastest": 1.137e-6,
      "slowest": 0.001310302
    }
  },
  "statusCodeDistribution": {
    "200": 4117763
  },
  "errorDistribution": {
    "aborted due to deadline": 100
  }
}