{
  "summary": {
    "successRate": 1.0,
    "total": 15.0011132,
    "slowest": 0.043896948,
    "fastest": 0.000026558,
    "average": 0.00026764322625783823,
    "requestsPerSec": 372586.9490805522,
    "totalData": 78247666,
    "sizePerRequest": 14,
    "sizePerSec": 5216123.960720462
  },
  "responseTimeHistogram": {
    "0.000026558": 1,
    "0.004413597": 5589036,
    "0.008800635999999999": 0,
    "0.013187675": 0,
    "0.017574713999999998": 0,
    "0.021961752999999997": 0,
    "0.026348792": 78,
    "0.030735830999999998": 1,
    "0.03512287": 0,
    "0.039509909": 0,
    "0.043896948": 3
  },
  "latencyPercentiles": {
    "p10": 0.00015795,
    "p25": 0.00019454,
    "p50": 0.000241663,
    "p75": 0.000301723,
    "p90": 0.000392675,
    "p95": 0.000491555,
    "p99": 0.000770901,
    "p99.9": 0.001115476,
    "p99.99": 0.001470866
  },
  "rps": {
    "mean": 372718.09534572315,
    "stddev": 17199.49389179285,
    "max": 400368.59521544614,
    "percentiles": {
      "p10": 358404.48005599703,
      "p25": 366706.6007188132,
      "p50": 374308.683961463,
      "p75": 380804.036522791,
      "p90": 385738.3863227458,
      "p95": 389002.4619471321,
      "p99": 394870.9001255717,
      "p99.9": 398774.53095984,
      "p99.99": 400368.59521544614
    }
  },
  "details": {
    "DNSDialup": {
      "average": 0.00010612174817086722,
      "fastest": 0.0000127,
      "slowest": 0.02568999
    },
    "DNSLookup": {
      "average": 1.915772414758229e-6,
      "fastest": 1.122e-6,
      "slowest": 0.001113094
    }
  },
  "statusCodeDistribution": {
    "200": 5589119
  },
  "errorDistribution": {
    "aborted due to deadline": 100
  }
}