{
  "summary": {
    "successRate": 1.0,
    "total": 15.000455693,
    "slowest": 0.042620982,
    "fastest": 0.000030888,
    "average": 0.00026730246986014897,
    "requestsPerSec": 373004.20163975615,
    "totalData": 78331862,
    "sizePerRequest": 14,
    "sizePerSec": 5221965.49245859
  },
  "responseTimeHistogram": {
    "0.000030888": 1,
    "0.0042898974": 5595002,
    "0.0085489068": 7,
    "0.012807916200000002": 0,
    "0.0170669256": 0,
    "0.021325935": 0,
    "0.025584944400000004": 0,
    "0.029843953800000003": 45,
    "0.0341029632": 0,
    "0.0383619726": 0,
    "0.042620982": 78
  },
  "latencyPercentiles": {
    "p10": 0.000157672,
    "p25": 0.000194253,
    "p50": 0.000241437,
    "p75": 0.000301631,
    "p90": 0.000391545,
    "p95": 0.000487451,
    "p99": 0.000760524,
    "p99.9": 0.001093239,
    "p99.99": 0.001452165
  },
  "rps": {
    "mean": 373543.733677125,
    "stddev": 17318.9409881093,
    "max": 405396.97095545067,
    "percentiles": {
      "p10": 360398.6517368285,
      "p25": 367753.25067070144,
      "p50": 375036.51329084893,
      "p75": 381833.33405004785,
      "p90": 386712.41346847726,
      "p95": 389002.7230190529,
      "p99": 393854.23249671096,
      "p99.9": 398305.0983052553,
      "p99.99": 405396.97095545067
    }
  },
  "details": {
    "DNSDialup": {
      "average": 0.00010641226579010723,
      "fastest": 0.00001278,
      "slowest": 0.038307285
    },
    "DNSLookup": {
      "average": 1.9147810073506023e-6,
      "fastest": 1.124e-6,
      "slowest": 0.001271825
    }
  },
  "statusCodeDistribution": {
    "200": 5595133
  },
  "errorDistribution": {
    "aborted due to deadline": 100
  }
}