{
  "summary": {
    "successRate": 1.0,
    "total": 15.000613478,
    "slowest": 0.046242358,
    "fastest": 8.442e-6,
    "average": 0.00007267083431395608,
    "requestsPerSec": 1355237.7727627761,
    "totalData": 284610172,
    "sizePerRequest": 14,
    "sizePerSec": 18973235.48916257
  },
  "responseTimeHistogram": {
    "0.000008442": 1,
    "0.0046318336": 20329141,
    "0.009255225200000002": 77,
    "0.013878616800000002": 0,
    "0.018502008400000002": 0,
    "0.0231254": 0,
    "0.027748791600000003": 0,
    "0.0323721832": 0,
    "0.0369955748": 0,
    "0.0416189664": 0,
    "0.046242358": 79
  },
  "latencyPercentiles": {
    "p10": 0.000039186,
    "p25": 0.000051132,
    "p50": 0.000068046,
    "p75": 0.000088249,
    "p90": 0.000110238,
    "p95": 0.000125614,
    "p99": 0.000163519,
    "p99.9": 0.000281478,
    "p99.99": 0.000604744
  },
  "rps": {
    "mean": 1358495.3513848064,
    "stddev": 61635.16153064663,
    "max": 1436660.6270784056,
    "percentiles": {
      "p10": 1321111.4936700354,
      "p25": 1347522.7593233872,
      "p50": 1368317.651297733,
      "p75": 1383638.3267816573,
      "p90": 1397590.424100441,
      "p95": 1404713.9066678586,
      "p99": 1417715.6855999772,
      "p99.9": 1434488.507940936,
      "p99.99": 1436660.6270784056
    }
  },
  "details": {
    "DNSDialup": {
      "average": 0.016714968889999997,
      "fastest": 0.000071429,
      "slowest": 0.046089496
    },
    "DNSLookup": {
      "average": 0.000010652329999999998,
      "fastest": 1.48e-6,
      "slowest": 0.000150341
    }
  },
  "statusCodeDistribution": {
    "200": 20329298
  },
  "errorDistribution": {
    "aborted due to deadline": 100
  }
}