{
  "summary": {
    "successRate": 1.0,
    "total": 15.000832151,
    "slowest": 0.020264793,
    "fastest": 0.000013384,
    "average": 0.00018262139519334883,
    "requestsPerSec": 545549.3347050385,
    "totalData": 114570316,
    "sizePerRequest": 14,
    "sizePerSec": 7637597.357714746
  },
  "responseTimeHistogram": {
    "0.000013384": 1,
    "0.0020385248999999998": 8183514,
    "0.0040636657999999996": 0,
    "0.006088806699999999": 0,
    "0.0081139476": 0,
    "0.010139088499999999": 0,
    "0.012164229399999999": 0,
    "0.014189370299999999": 1,
    "0.0162145112": 4,
    "0.0182396521": 18,
    "0.020264793": 56
  },
  "latencyPercentiles": {
    "p10": 0.000177791,
    "p25": 0.000179886,
    "p50": 0.000182002,
    "p75": 0.000184251,
    "p90": 0.000186714,
    "p95": 0.000188707,
    "p99": 0.000207541,
    "p99.9": 0.000322606,
    "p99.99": 0.000903
  },
  "rps": {
    "mean": 545562.0344929897,
    "stddev": 27139.00444403631,
    "max": 564807.7943475166,
    "percentiles": {
      "p10": 541056.5276534859,
      "p25": 544234.3956137842,
      "p50": 547970.8573133446,
      "p75": 551158.8086448801,
      "p90": 554144.1328889419,
      "p95": 556269.0329869862,
      "p99": 559479.5020372329,
      "p99.9": 564200.507780511,
      "p99.99": 564807.7943475166
    }
  },
  "details": {
    "DNSDialup": {
      "average": 0.006500131200000001,
      "fastest": 0.000084949,
      "slowest": 0.019713565
    },
    "DNSLookup": {
      "average": 0.00010280565000000001,
      "fastest": 5.335e-6,
      "slowest": 0.00156209
    }
  },
  "statusCodeDistribution": {
    "200": 8183594
  },
  "errorDistribution": {
    "aborted due to deadline": 100
  }
}