{
  "summary": {
    "successRate": 1.0,
    "total": 15.000208187,
    "slowest": 0.090573333,
    "fastest": 0.000024358,
    "average": 0.0002909034330238226,
    "requestsPerSec": 342727.30990863545,
    "totalData": 71972334,
    "sizePerRequest": 14,
    "sizePerSec": 4798089.006682931
  },
  "responseTimeHistogram": {
    "0.000024358": 1,
    "0.009079255500000001": 5140770,
    "0.018134153": 1,
    "0.027189050500000003": 0,
    "0.036243948000000005": 30,
    "0.045298845500000004": 0,
    "0.05435374300000001": 0,
    "0.0634086405": 57,
    "0.07246353800000001": 0,
    "0.08151843550000001": 0,
    "0.090573333": 22
  },
  "latencyPercentiles": {
    "p10": 0.00013594,
    "p25": 0.000175393,
    "p50": 0.000236143,
    "p75": 0.000337215,
    "p90": 0.000509395,
    "p95": 0.000657766,
    "p99": 0.001014037,
    "p99.9": 0.001550326,
    "p99.99": 0.002249641
  },
  "rps": {
    "mean": 343838.4574543975,
    "stddev": 23381.901503996236,
    "max": 373149.9647802502,
    "percentiles": {
      "p10": 334773.44929473446,
      "p25": 340704.8380087139,
      "p50": 346280.16385793,
      "p75": 351133.1469690795,
      "p90": 355539.74934398895,
      "p95": 357800.5009206868,
      "p99": 361238.7970468122,
      "p99.9": 368744.7323074268,
      "p99.99": 373149.9647802502
    }
  },
  "details": {
    "DNSDialup": {
      "average": 0.00008563713466892835,
      "fastest": 0.000010455,
      "slowest": 0.058435827
    },
    "DNSLookup": {
      "average": 1.8350246358551476e-6,
      "fastest": 9.51e-7,
      "slowest": 0.001122146
    }
  },
  "statusCodeDistribution": {
    "200": 5140881
  },
  "errorDistribution": {
    "aborted due to deadline": 100
  }
}