{
  "summary": {
    "successRate": 1.0,
    "total": 15.001060039,
    "slowest": 0.055889033,
    "fastest": 0.000032769,
    "average": 0.0003880123058761665,
    "requestsPerSec": 256974.63979065407,
    "totalData": 53967088,
    "sizePerRequest": 14,
    "sizePerSec": 3597551.6303311554
  },
  "responseTimeHistogram": {
    "0.000032769": 1,
    "0.0056183954": 3854612,
    "0.0112040218": 0,
    "0.016789648199999996": 0,
    "0.022375274599999998": 0,
    "0.027960901": 32,
    "0.0335465274": 47,
    "0.0391321538": 0,
    "0.0447177802": 0,
    "0.0503034066": 0,
    "0.055889033000000005": 100
  },
  "latencyPercentiles": {
    "p10": 0.00027541,
    "p25": 0.000314421,
    "p50": 0.000378141,
    "p75": 0.000434894,
    "p90": 0.00046769,
    "p95": 0.000549887,
    "p99": 0.000780188,
    "p99.9": 0.001783,
    "p99.99": 0.002603885
  },
  "rps": {
    "mean": 257908.6389831403,
    "stddev": 30260.44343782775,
    "max": 315154.047298322,
    "percentiles": {
      "p10": 231914.8193569933,
      "p25": 242630.01333263796,
      "p50": 258877.12796547532,
      "p75": 275320.3461735598,
      "p90": 289854.31869931956,
      "p95": 296246.59959010966,
      "p99": 306428.6204331484,
      "p99.9": 313811.0147666166,
      "p99.99": 315154.047298322
    }
  },
  "details": {
    "DNSDialup": {
      "average": 0.00005991791430744004,
      "fastest": 9.478e-6,
      "slowest": 0.028387534
    },
    "DNSLookup": {
      "average": 2.5170028917253196e-6,
      "fastest": 1.154e-6,
      "slowest": 0.000841524
    }
  },
  "statusCodeDistribution": {
    "200": 3854792
  },
  "errorDistribution": {
    "aborted due to deadline": 100
  }
}