{
  "summary": {
    "successRate": 1.0,
    "total": 15.000673429,
    "slowest": 0.024767122,
    "fastest": 8.393e-6,
    "average": 0.00010018536943311437,
    "requestsPerSec": 988737.9436796884,
    "totalData": 207642890,
    "sizePerRequest": 14,
    "sizePerSec": 13842237.88237234
  },
  "responseTimeHistogram": {
    "0.000008393": 1,
    "0.0024842659": 14831555,
    "0.0049601388": 0,
    "0.007436011699999999": 0,
    "0.0099118846": 0,
    "0.0123877575": 0,
    "0.0148636304": 0,
    "0.0173395033": 0,
    "0.0198153762": 5,
    "0.022291249099999997": 25,
    "0.024767122": 49
  },
  "latencyPercentiles": {
    "p10": 0.00005273,
    "p25": 0.000067286,
    "p50": 0.000089251,
    "p75": 0.000118336,
    "p90": 0.000151827,
    "p95": 0.000177741,
    "p99": 0.000312185,
    "p99.9": 0.000725561,
    "p99.99": 0.001064423
  },
  "rps": {
    "mean": 989612.1276511017,
    "stddev": 103765.88035919258,
    "max": 1116037.9452901313,
    "percentiles": {
      "p10": 908695.2312602255,
      "p25": 969319.5802555261,
      "p50": 1011623.1451279453,
      "p75": 1043647.6946997232,
      "p90": 1066893.0330725287,
      "p95": 1075557.7843269515,
      "p99": 1090290.876675373,
      "p99.9": 1104314.687385306,
      "p99.99": 1116037.9452901313
    }
  },
  "details": {
    "DNSDialup": {
      "average": 0.016384058739999995,
      "fastest": 0.000376069,
      "slowest": 0.023278246
    },
    "DNSLookup": {
      "average": 0.00011703968,
      "fastest": 6.453e-6,
      "slowest": 0.001894381
    }
  },
  "statusCodeDistribution": {
    "200": 14831635
  },
  "errorDistribution": {
    "aborted due to deadline": 100
  }
}