{
  "summary": {
    "successRate": 1.0,
    "total": 15.000712382,
    "slowest": 0.076286767,
    "fastest": 0.000033622,
    "average": 0.00039100339704153134,
    "requestsPerSec": 254969.8909359437,
    "totalData": 53544820,
    "sizePerRequest": 14,
    "sizePerSec": 3569485.144202267
  },
  "responseTimeHistogram": {
    "0.000033622": 1,
    "0.0076589365000000005": 3824457,
    "0.015284251000000002": 0,
    "0.022909565500000003": 0,
    "0.030534880000000004": 0,
    "0.0381601945": 93,
    "0.045785509": 54,
    "0.0534108235": 18,
    "0.061036138000000004": 0,
    "0.06866145250000001": 0,
    "0.076286767": 7
  },
  "latencyPercentiles": {
    "p10": 0.000275674,
    "p25": 0.000315426,
    "p50": 0.000389274,
    "p75": 0.000437912,
    "p90": 0.000470653,
    "p95": 0.000556494,
    "p99": 0.000785404,
    "p99.9": 0.001514358,
    "p99.99": 0.002495564
  },
  "rps": {
    "mean": 255763.42648795855,
    "stddev": 28407.098668188017,
    "max": 315973.62185388623,
    "percentiles": {
      "p10": 229538.47064768814,
      "p25": 240932.23673325105,
      "p50": 256352.91451350556,
      "p75": 271903.697890265,
      "p90": 287631.83125599456,
      "p95": 294761.7525871645,
      "p99": 306164.9988292518,
      "p99.9": 314306.2040663825,
      "p99.99": 315973.62185388623
    }
  },
  "details": {
    "DNSDialup": {
      "average": 0.000060657994254872164,
      "fastest": 9.577e-6,
      "slowest": 0.04550177
    },
    "DNSLookup": {
      "average": 2.5166696161458657e-6,
      "fastest": 1.155e-6,
      "slowest": 0.000824867
    }
  },
  "statusCodeDistribution": {
    "200": 3824630
  },
  "errorDistribution": {
    "aborted due to deadline": 100
  }
}