{
  "summary": {
    "successRate": 1.0,
    "total": 15.000767644,
    "slowest": 0.025365366,
    "fastest": 7.355e-6,
    "average": 0.00009031946456136265,
    "requestsPerSec": 1094574.1837796844,
    "totalData": 229870942,
    "sizePerRequest": 14,
    "sizePerSec": 15323945.244358456
  },
  "responseTimeHistogram": {
    "0.000007355": 1,
    "0.0025431561": 16419272,
    "0.0050789571999999995": 1,
    "0.007614758299999999": 0,
    "0.0101505594": 0,
    "0.0126863605": 0,
    "0.015222161599999999": 0,
    "0.0177579627": 0,
    "0.0202937638": 0,
    "0.022829564899999998": 0,
    "0.025365366": 79
  },
  "latencyPercentiles": {
    "p10": 0.000047746,
    "p25": 0.000061632,
    "p50": 0.000080979,
    "p75": 0.000105829,
    "p90": 0.000134713,
    "p95": 0.000157631,
    "p99": 0.000284054,
    "p99.9": 0.000636926,
    "p99.99": 0.000793742
  },
  "rps": {
    "mean": 1094960.765436862,
    "stddev": 127399.29628985992,
    "max": 1231643.9696896628,
    "percentiles": {
      "p10": 968584.5153501488,
      "p25": 1074555.876905664,
      "p50": 1132001.8801692235,
      "p75": 1163533.626121915,
      "p90": 1183505.2074229482,
      "p95": 1193678.0665456755,
      "p99": 1211743.8651279137,
      "p99.9": 1221610.3836882785,
      "p99.99": 1231643.9696896628
    }
  },
  "details": {
    "DNSDialup": {
      "average": 0.00623458356,
      "fastest": 0.000102391,
      "slowest": 0.024191028
    },
    "DNSLookup": {
      "average": 0.00002735996999999999,
      "fastest": 5.352e-6,
      "slowest": 0.000778245
    }
  },
  "statusCodeDistribution": {
    "200": 16419353
  },
  "errorDistribution": {
    "aborted due to deadline": 100
  }
}