{
  "summary": {
    "successRate": 1.0,
    "total": 15.003661351,
    "slowest": 0.032888233,
    "fastest": 0.000031054,
    "average": 0.0002991675998815731,
    "requestsPerSec": 332954.66240758926,
    "totalData": 69936314,
    "sizePerRequest": 14,
    "sizePerSec": 4661283.160415955
  },
  "responseTimeHistogram": {
    "0.000031054": 1,
    "0.0033167719": 4995249,
    "0.0066024898": 29,
    "0.0098882077": 0,
    "0.0131739256": 43,
    "0.0164596435": 4,
    "0.019745361399999998": 25,
    "0.0230310793": 99,
    "0.0263167972": 0,
    "0.029602515099999997": 0,
    "0.032888233": 1
  },
  "latencyPercentiles": {
    "p10": 0.000227938,
    "p25": 0.000257705,
    "p50": 0.000281741,
    "p75": 0.000309069,
    "p90": 0.00037008,
    "p95": 0.00044879,
    "p99": 0.000749817,
    "p99.9": 0.00097518,
    "p99.99": 0.002100247
  },
  "firstByteHistogram": {
    "0.000031008": 1,
    "0.0033167259": 4995249,
    "0.0066024438": 29,
    "0.0098881617": 0,
    "0.0131738796": 43,
    "0.0164595975": 4,
    "0.019745315399999998": 25,
    "0.0230310333": 99,
    "0.0263167512": 0,
    "0.029602469099999997": 0,
    "0.032888187": 1
  },
  "firstBytePercentiles": {
    "p10": 0.000227882,
    "p25": 0.000257649,
    "p50": 0.000281683,
    "p75": 0.00030901,
    "p90": 0.000370019,
    "p95": 0.000448727,
    "p99": 0.000749762,
    "p99.9": 0.000975127,
    "p99.99": 0.0021002
  },
  "rps": {
    "mean": 333045.96449887136,
    "stddev": 27168.97223455287,
    "max": 375100.0767004898,
    "min": 50.85035523549664,
    "percentiles": {
      "p10": 304307.3338067499,
      "p25": 324232.61780134955,
      "p50": 339836.9542925698,
      "p75": 349044.50442482915,
      "p90": 354763.9639426422,
      "p95": 357502.4310165174,
      "p99": 363516.61270920286,
      "p99.9": 371660.32046999363,
      "p99.99": 375100.0767004898
    }
  },
  "details": {
    "DNSDialup": {
      "average": 0.000018756641168134076,
      "fastest": 6.203e-6,
      "slowest": 0.017585655
    },
    "DNSLookup": {
      "average": 1.4381176075994546e-6,
      "fastest": 7.24e-7,
      "slowest": 0.001077763
    },
    "firstByte": {
      "average": 0.00029911038733920645,
      "fastest": 0.000031008,
      "slowest": 0.032888187
    }
  },
  "statusCodeDistribution": {
    "200": 4995451
  },
  "errorDistribution": {
    "aborted due to deadline": 88
  }
}