{
  "summary": {
    "successRate": 1.0,
    "total": 15.000876496,
    "slowest": 0.051759034,
    "fastest": 8.167e-6,
    "average": 0.0000999800983110468,
    "requestsPerSec": 990013.2171583476,
    "totalData": 207913524,
    "sizePerRequest": 14,
    "sizePerSec": 13860091.712336967
  },
  "responseTimeHistogram": {
    "0.000008167": 1,
    "0.0051832536999999995": 14850886,
    "0.010358340399999999": 0,
    "0.015533427099999999": 0,
    "0.020708513799999998": 0,
    "0.025883600499999996": 0,
    "0.031058687199999997": 0,
    "0.0362337739": 0,
    "0.0414088606": 0,
    "0.0465839473": 2,
    "0.051759033999999995": 77
  },
  "latencyPercentiles": {
    "p10": 0.00005277,
    "p25": 0.000067232,
    "p50": 0.000089041,
    "p75": 0.000117924,
    "p90": 0.000151228,
    "p95": 0.000177008,
    "p99": 0.000309329,
    "p99.9": 0.00070796,
    "p99.99": 0.001039895
  },
  "rps": {
    "mean": 992752.2941707602,
    "stddev": 103438.19641420008,
    "max": 1110508.0524335888,
    "percentiles": {
      "p10": 908318.8930329442,
      "p25": 971415.404149919,
      "p50": 1014163.3432767831,
      "p75": 1046478.6951977203,
      "p90": 1068801.2154749592,
      "p95": 1080411.9925731733,
      "p99": 1096439.2525252006,
      "p99.9": 1109612.4276592068,
      "p99.99": 1110508.0524335888
    }
  },
  "details": {
    "DNSDialup": {
      "average": 0.028768508539999998,
      "fastest": 0.00011192,
      "slowest": 0.051045534
    },
    "DNSLookup": {
      "average": 0.00006126183,
      "fastest": 6.239e-6,
      "slowest": 0.001377596
    }
  },
  "statusCodeDistribution": {
    "200": 14850966
  },
  "errorDistribution": {
    "aborted due to deadline": 100
  }
}