{
  "summary": {
    "successRate": 1.0,
    "total": 15.001044572,
    "slowest": 0.060308882,
    "fastest": 0.000030563,
    "average": 0.0003766809536499527,
    "requestsPerSec": 264954.41573573643,
    "totalData": 55642902,
    "sizePerRequest": 14,
    "sizePerSec": 3709268.493466083
  },
  "responseTimeHistogram": {
    "0.000030563": 1,
    "0.006058394900000001": 3974327,
    "0.012086226800000002": 0,
    "0.0181140587": 0,
    "0.024141890600000004": 43,
    "0.030169722500000006": 22,
    "0.0361975544": 0,
    "0.0422253863": 87,
    "0.0482532182": 0,
    "0.054281050100000006": 0,
    "0.06030888200000001": 13
  },
  "latencyPercentiles": {
    "p10": 0.000274354,
    "p25": 0.000305096,
    "p50": 0.000356064,
    "p75": 0.000431486,
    "p90": 0.000458913,
    "p95": 0.000522656,
    "p99": 0.00076664,
    "p99.9": 0.001537064,
    "p99.99": 0.002590326
  },
  "rps": {
    "mean": 265350.7655791936,
    "stddev": 33992.679315991874,
    "max": 329932.3003721901,
    "percentiles": {
      "p10": 232304.52993834217,
      "p25": 245528.1375245821,
      "p50": 266144.28640924086,
      "p75": 287687.2555446268,
      "p90": 303089.9570992867,
      "p95": 310500.68310150394,
      "p99": 320620.1085282011,
      "p99.9": 328502.89082545205,
      "p99.99": 329932.3003721901
    }
  },
  "details": {
    "DNSDialup": {
      "average": 0.0000429477698893937,
      "fastest": 8.332e-6,
      "slowest": 0.024985668
    },
    "DNSLookup": {
      "average": 1.7713796989955358e-6,
      "fastest": 9.27e-7,
      "slowest": 0.00256248
    }
  },
  "statusCodeDistribution": {
    "200": 3974493
  },
  "errorDistribution": {
    "aborted due to deadline": 100
  }
}