{
  "summary": {
    "successRate": 1.0,
    "total": 15.002086228,
    "slowest": 0.033201608,
    "fastest": 0.000063978,
    "average": 0.0007361942423269313,
    "requestsPerSec": 135571.47779913427,
    "totalData": 28472654,
    "sizePerRequest": 14,
    "sizePerSec": 1897912.9680549654
  },
  "responseTimeHistogram": {
    "0.000063978": 1,
    "0.003377741": 2025775,
    "0.006691504": 7898,
    "0.010005266999999998": 3,
    "0.013319029999999999": 0,
    "0.016632793": 40,
    "0.019946555999999997": 36,
    "0.023260318999999998": 0,
    "0.026574082": 0,
    "0.029887845": 0,
    "0.033201608": 8
  },
  "latencyPercentiles": {
    "p10": 0.000307037,
    "p25": 0.000349312,
    "p50": 0.00047011,
    "p75": 0.000955536,
    "p90": 0.001541904,
    "p95": 0.00192823,
    "p99": 0.002820837,
    "p99.9": 0.004133962,
    "p99.99": 0.005354579
  },
  "rps": {
    "mean": 135570.38103319134,
    "stddev": 84597.10978699643,
    "max": 302010.5703699722,
    "min": 63.69802042477025,
    "percentiles": {
      "p10": 56401.41567553156,
      "p25": 72644.94846567362,
      "p50": 93455.88220547768,
      "p75": 208104.6823553382,
      "p90": 279805.3163010082,
      "p95": 288023.24514656904,
      "p99": 296763.59643871355,
      "p99.9": 301451.9016132406,
      "p99.99": 302010.5703699722
    }
  },
  "details": {
    "DNSDialup": {
      "average": 0.00022914603220044045,
      "fastest": 0.000012877,
      "slowest": 0.032892263
    },
    "DNSLookup": {
      "average": 1.5897975617587467e-6,
      "fastest": 7.92e-7,
      "slowest": 0.000349901
    }
  },
  "statusCodeDistribution": {
    "200": 2033761
  },
  "errorDistribution": {
    "aborted due to deadline": 94
  }
}