{
  "summary": {
    "successRate": 1.0,
    "total": 15.007324442,
    "slowest": 0.013838599,
    "fastest": 7.716e-6,
    "average": 0.00010224032689287292,
    "requestsPerSec": 971414.462074305,
    "totalData": 204095374,
    "sizePerRequest": 14,
    "sizePerSec": 13599717.577159315
  },
  "responseTimeHistogram": {
    "0.000007716": 1,
    "0.0013908043000000001": 14576194,
    "0.0027738926000000002": 1100,
    "0.0041569809": 548,
    "0.0055400692": 50,
    "0.0069231575": 77,
    "0.0083062458": 109,
    "0.0096893341": 127,
    "0.0110724224": 7,
    "0.0124555107": 15,
    "0.013838599": 13
  },
  "latencyPercentiles": {
    "p10": 0.000041725,
    "p25": 0.000054495,
    "p50": 0.000073683,
    "p75": 0.000107705,
    "p90": 0.000216916,
    "p95": 0.00031042,
    "p99": 0.000395683,
    "p99.9": 0.000510245,
    "p99.99": 0.00182921
  },
  "firstByteHistogram": {
    "0.000007672": 1,
    "0.0013907557": 14576194,
    "0.0027738394": 1100,
    "0.0041569231": 548,
    "0.0055400068": 50,
    "0.0069230905": 77,
    "0.0083061742": 109,
    "0.009689257900000001": 127,
    "0.0110723416": 7,
    "0.0124554253": 15,
    "0.013838509": 13
  },
  "firstBytePercentiles": {
    "p10": 0.000041676,
    "p25": 0.000054445,
    "p50": 0.000073633,
    "p75": 0.000107654,
    "p90": 0.000216867,
    "p95": 0.000310372,
    "p99": 0.000395634,
    "p99.9": 0.000510169,
    "p99.99": 0.001829164
  },
  "rps": {
    "mean": 971853.946815689,
    "stddev": 140814.61116552688,
    "max": 1328153.9230492832,
    "min": 383159.5093037231,
    "percentiles": {
      "p10": 788498.5439333667,
      "p25": 880534.2527824707,
      "p50": 977830.5403771386,
      "p75": 1068724.3904554658,
      "p90": 1147601.792278962,
      "p95": 1186440.7118682931,
      "p99": 1254402.3833645296,
      "p99.9": 1291922.9962293124,
      "p99.99": 1328153.9230492832
    }
  },
  "details": {
    "DNSDialup": {
      "average": 0.0031220979400000005,
      "fastest": 0.000022462,
      "slowest": 0.013781805
    },
    "DNSLookup": {
      "average": 4.879969999999998e-6,
      "fastest": 7.6e-7,
      "slowest": 0.00002388
    },
    "firstByte": {
      "average": 0.0001021905469312117,
      "fastest": 7.672e-6,
      "slowest": 0.013838509
    }
  },
  "statusCodeDistribution": {
    "200": 14578241
  },
  "errorDistribution": {
    "aborted due to deadline": 91
  }
}