{
  "summary": {
    "successRate": 1.0,
    "total": 15.001575631,
    "slowest": 0.023415448,
    "fastest": 0.000013138,
    "average": 0.0000933292412994078,
    "requestsPerSec": 1066503.7722396562,
    "totalData": 223987960,
    "sizePerRequest": 14,
    "sizePerSec": 14930962.287530662
  },
  "responseTimeHistogram": {
    "0.000013138": 1,
    "0.002353369": 15998141,
    "0.0046936": 301,
    "0.007033831": 217,
    "0.009374061999999999": 226,
    "0.011714292999999999": 132,
    "0.014054523999999999": 65,
    "0.016394755": 26,
    "0.018734986": 19,
    "0.021075216999999997": 0,
    "0.023415448": 12
  },
  "latencyPercentiles": {
    "p10": 0.000052315,
    "p25": 0.000067262,
    "p50": 0.000087625,
    "p75": 0.000112177,
    "p90": 0.000138792,
    "p95": 0.000157931,
    "p99": 0.000206861,
    "p99.9": 0.000299553,
    "p99.99": 0.000934685
  },
  "rps": {
    "mean": 1067050.0126507757,
    "stddev": 64432.77904818039,
    "max": 1140356.4661692416,
    "min": 58.899704052547015,
    "percentiles": {
      "p10": 1039065.0454718056,
      "p25": 1061545.2193860288,
      "p50": 1076114.7925126029,
      "p75": 1088809.2548786576,
      "p90": 1099503.408130561,
      "p95": 1105339.2727483655,
      "p99": 1119086.7292215147,
      "p99.9": 1138357.0410198618,
      "p99.99": 1140356.4661692416
    }
  },
  "details": {
    "DNSDialup": {
      "average": 0.007132703370000001,
      "fastest": 0.000049112,
      "slowest": 0.023237931
    },
    "DNSLookup": {
      "average": 6.569039999999998e-6,
      "fastest": 9.79e-7,
      "slowest": 0.000040885
    }
  },
  "statusCodeDistribution": {
    "200": 15999140
  },
  "errorDistribution": {
    "aborted due to deadline": 97
  }
}