{
  "summary": {
    "successRate": 1.0,
    "total": 15.000231107,
    "slowest": 0.030717265,
    "fastest": 0.000028945,
    "average": 0.000380266750635096,
    "requestsPerSec": 262192.9603581007,
    "totalData": 55059970,
    "sizePerRequest": 14,
    "sizePerSec": 3670608.1131180534
  },
  "responseTimeHistogram": {
    "0.000028945": 1,
    "0.003097777": 3932728,
    "0.006166609": 47,
    "0.009235441": 0,
    "0.012304273000000001": 0,
    "0.015373105000000001": 0,
    "0.018441937": 1,
    "0.021510769": 2,
    "0.024579601": 6,
    "0.027648433": 5,
    "0.030717265": 65
  },
  "latencyPercentiles": {
    "p10": 0.000272921,
    "p25": 0.000310376,
    "p50": 0.000365318,
    "p75": 0.000430478,
    "p90": 0.000465768,
    "p95": 0.000543526,
    "p99": 0.00077047,
    "p99.9": 0.001576376,
    "p99.99": 0.002555879
  },
  "rps": {
    "mean": 262525.4638843387,
    "stddev": 28144.81497683349,
    "max": 316474.39511830115,
    "percentiles": {
      "p10": 233680.94708006724,
      "p25": 247601.4856089099,
      "p50": 264485.0848517951,
      "p75": 279801.95861370437,
      "p90": 292227.08945118164,
      "p95": 299308.8595422442,
      "p99": 306714.2705894348,
      "p99.9": 314752.08494484174,
      "p99.99": 316474.39511830115
    }
  },
  "details": {
    "DNSDialup": {
      "average": 0.00006159577526809269,
      "fastest": 9.263e-6,
      "slowest": 0.028852229
    },
    "DNSLookup": {
      "average": 2.5188287724820237e-6,
      "fastest": 1.169e-6,
      "slowest": 0.002151682
    }
  },
  "statusCodeDistribution": {
    "200": 3932855
  },
  "errorDistribution": {
    "aborted due to deadline": 100
  }
}