{
  "summary": {
    "successRate": 1.0,
    "total": 15.001103436,
    "slowest": 0.069138114,
    "fastest": 0.000033842,
    "average": 0.00039099904052994946,
    "requestsPerSec": 254958.31132138593,
    "totalData": 53543784,
    "sizePerRequest": 14,
    "sizePerSec": 3569323.0320313885
  },
  "responseTimeHistogram": {
    "0.000033842": 1,
    "0.0069442691999999995": 3824399,
    "0.013854696399999998": 0,
    "0.020765123599999998": 0,
    "0.027675550799999997": 77,
    "0.034585977999999996": 0,
    "0.041496405199999996": 0,
    "0.048406832399999995": 56,
    "0.055317259599999995": 0,
    "0.062227686799999994": 0,
    "0.069138114": 23
  },
  "latencyPercentiles": {
    "p10": 0.000276689,
    "p25": 0.000316127,
    "p50": 0.000389776,
    "p75": 0.000438948,
    "p90": 0.000469711,
    "p95": 0.000549941,
    "p99": 0.00077771,
    "p99.9": 0.001567967,
    "p99.99": 0.002520658
  },
  "rps": {
    "mean": 255675.10754643325,
    "stddev": 28579.135467619857,
    "max": 317634.9313188235,
    "percentiles": {
      "p10": 229533.37415263627,
      "p25": 240537.5719687362,
      "p50": 256614.6040821895,
      "p75": 272981.1776075909,
      "p90": 286521.37449453055,
      "p95": 294433.0248406001,
      "p99": 303920.6362111851,
      "p99.9": 315676.1726604638,
      "p99.99": 317634.9313188235
    }
  },
  "details": {
    "DNSDialup": {
      "average": 0.00005981187805381931,
      "fastest": 9.513e-6,
      "slowest": 0.04698193
    },
    "DNSLookup": {
      "average": 2.5109874782852484e-6,
      "fastest": 1.174e-6,
      "slowest": 0.002095083
    }
  },
  "statusCodeDistribution": {
    "200": 3824556
  },
  "errorDistribution": {
    "aborted due to deadline": 100
  }
}