{
  "summary": {
    "successRate": 1.0,
    "total": 15.000472788,
    "slowest": 0.050000889,
    "fastest": 0.000026094,
    "average": 0.00038980041789970284,
    "requestsPerSec": 255742.73919345482,
    "totalData": 53706268,
    "sizePerRequest": 14,
    "sizePerSec": 3580305.018316733
  },
  "responseTimeHistogram": {
    "0.000026094": 1,
    "0.0050235735000000005": 3835982,
    "0.010021053000000002": 0,
    "0.015018532500000003": 0,
    "0.020016012000000003": 0,
    "0.025013491500000002": 0,
    "0.030010971000000004": 0,
    "0.0350084505": 89,
    "0.04000593": 11,
    "0.0450034095": 0,
    "0.050000889": 79
  },
  "latencyPercentiles": {
    "p10": 0.000275498,
    "p25": 0.000314501,
    "p50": 0.000384335,
    "p75": 0.000438359,
    "p90": 0.00047001,
    "p95": 0.000549578,
    "p99": 0.000777694,
    "p99.9": 0.001589217,
    "p99.99": 0.002520693
  },
  "rps": {
    "mean": 256513.84585419588,
    "stddev": 29535.59978592015,
    "max": 313927.4372580208,
    "percentiles": {
      "p10": 230497.08537236127,
      "p25": 242652.28857628666,
      "p50": 257798.27270153907,
      "p75": 273574.16595641,
      "p90": 286114.67768295953,
      "p95": 293944.06198479974,
      "p99": 303748.75167463726,
      "p99.9": 312630.60686674435,
      "p99.99": 313927.4372580208
    }
  },
  "details": {
    "DNSDialup": {
      "average": 0.00005974189635761354,
      "fastest": 9.568e-6,
      "slowest": 0.048504225
    },
    "DNSLookup": {
      "average": 2.5173245843110943e-6,
      "fastest": 1.163e-6,
      "slowest": 0.000828708
    }
  },
  "statusCodeDistribution": {
    "200": 3836162
  },
  "errorDistribution": {
    "aborted due to deadline": 100
  }
}