{
  "summary": {
    "successRate": 1.0,
    "total": 15.000865769,
    "slowest": 0.022724466,
    "fastest": 8.078e-6,
    "average": 0.00009977346349412181,
    "requestsPerSec": 992666.1720267273,
    "totalData": 208470528,
    "sizePerRequest": 14,
    "sizePerSec": 13897233.080427546
  },
  "responseTimeHistogram": {
    "0.000008078": 1,
    "0.0022797167999999996": 14890672,
    "0.004551355599999999": 0,
    "0.006822994399999999": 0,
    "0.009094633199999999": 0,
    "0.011366271999999998": 0,
    "0.013637910799999998": 0,
    "0.0159095496": 0,
    "0.0181811884": 0,
    "0.0204528272": 39,
    "0.022724466": 40
  },
  "latencyPercentiles": {
    "p10": 0.000052911,
    "p25": 0.000067515,
    "p50": 0.000089495,
    "p75": 0.000118462,
    "p90": 0.000151547,
    "p95": 0.000176817,
    "p99": 0.000298933,
    "p99.9": 0.000659525,
    "p99.99": 0.000953508
  },
  "rps": {
    "mean": 992764.5956332897,
    "stddev": 101175.82522136305,
    "max": 1106388.7323762337,
    "percentiles": {
      "p10": 915707.7835161728,
      "p25": 973427.9084272234,
      "p50": 1014233.8788719397,
      "p75": 1043576.1810612401,
      "p90": 1062960.2698472117,
      "p95": 1073709.9102874957,
      "p99": 1090017.5492825664,
      "p99.9": 1101251.7461490913,
      "p99.99": 1106388.7323762337
    }
  },
  "details": {
    "DNSDialup": {
      "average": 0.0054652022599999996,
      "fastest": 0.000126765,
      "slowest": 0.021441086
    },
    "DNSLookup": {
      "average": 0.00007552031000000002,
      "fastest": 6.277e-6,
      "slowest": 0.000839728
    }
  },
  "statusCodeDistribution": {
    "200": 14890752
  },
  "errorDistribution": {
    "aborted due to deadline": 100
  }
}