{
  "summary": {
    "successRate": 1.0,
    "total": 15.00116956,
    "slowest": 0.020260341,
    "fastest": 8.298e-6,
    "average": 0.00009968554016068364,
    "requestsPerSec": 993825.1774550304,
    "totalData": 208718160,
    "sizePerRequest": 14,
    "sizePerSec": 13913459.158313788
  },
  "responseTimeHistogram": {
    "0.000008298": 1,
    "0.0020335023": 14908358,
    "0.004058706600000001": 2,
    "0.006083910900000001": 0,
    "0.008109115200000001": 0,
    "0.0101343195": 0,
    "0.012159523800000002": 0,
    "0.014184728100000002": 0,
    "0.0162099324": 5,
    "0.0182351367": 42,
    "0.020260341": 32
  },
  "latencyPercentiles": {
    "p10": 0.000052586,
    "p25": 0.000067094,
    "p50": 0.000089021,
    "p75": 0.000118063,
    "p90": 0.000151396,
    "p95": 0.000176898,
    "p99": 0.000307455,
    "p99.9": 0.000690676,
    "p99.99": 0.000953336
  },
  "rps": {
    "mean": 994385.2619935342,
    "stddev": 101895.2508591401,
    "max": 1118314.6272492658,
    "percentiles": {
      "p10": 912548.0912843567,
      "p25": 972971.4590370842,
      "p50": 1014397.4835981525,
      "p75": 1047398.0364562528,
      "p90": 1069434.1149482687,
      "p95": 1081032.1066535707,
      "p99": 1097235.4667311758,
      "p99.9": 1107737.9708547567,
      "p99.99": 1118314.6272492658
    }
  },
  "details": {
    "DNSDialup": {
      "average": 0.010641194719999997,
      "fastest": 0.000413563,
      "slowest": 0.019004912
    },
    "DNSLookup": {
      "average": 0.00016744251999999997,
      "fastest": 6.154e-6,
      "slowest": 0.003083086
    }
  },
  "statusCodeDistribution": {
    "200": 14908440
  },
  "errorDistribution": {
    "aborted due to deadline": 100
  }
}