{
  "summary": {
    "successRate": 1.0,
    "total": 15.000885532,
    "slowest": 0.025318109,
    "fastest": 8.633e-6,
    "average": 0.0000995999754635068,
    "requestsPerSec": 993966.9206989853,
    "totalData": 208743976,
    "sizePerRequest": 14,
    "sizePerSec": 13915443.561962113
  },
  "responseTimeHistogram": {
    "0.000008633": 1,
    "0.0025395806": 14910202,
    "0.0050705281999999996": 2,
    "0.007601475799999999": 0,
    "0.010132423399999998": 0,
    "0.012663370999999998": 0,
    "0.015194318599999998": 1,
    "0.0177252662": 4,
    "0.0202562138": 3,
    "0.0227871614": 3,
    "0.025318109": 68
  },
  "latencyPercentiles": {
    "p10": 0.000052817,
    "p25": 0.000067232,
    "p50": 0.000088907,
    "p75": 0.000117634,
    "p90": 0.000150854,
    "p95": 0.000176277,
    "p99": 0.000307633,
    "p99.9": 0.000700662,
    "p99.99": 0.001014256
  },
  "rps": {
    "mean": 994919.8228365986,
    "stddev": 104091.0924039244,
    "max": 1124429.3791099684,
    "percentiles": {
      "p10": 912733.5885961027,
      "p25": 974526.7020316153,
      "p50": 1020180.1861625836,
      "p75": 1046362.0492695665,
      "p90": 1068684.1054390557,
      "p95": 1078358.3391862111,
      "p99": 1099001.346169088,
      "p99.9": 1120859.629732282,
      "p99.99": 1124429.3791099684
    }
  },
  "details": {
    "DNSDialup": {
      "average": 0.017515749919999993,
      "fastest": 0.000196045,
      "slowest": 0.024254691
    },
    "DNSLookup": {
      "average": 0.000046824960000000004,
      "fastest": 6.727e-6,
      "slowest": 0.000545565
    }
  },
  "statusCodeDistribution": {
    "200": 14910284
  },
  "errorDistribution": {
    "aborted due to deadline": 100
  }
}