{
  "summary": {
    "successRate": 1.0,
    "total": 15.000443494,
    "slowest": 0.043872011,
    "fastest": 0.00004016,
    "average": 0.00038718093731816367,
    "requestsPerSec": 257480.320601513,
    "totalData": 54071066,
    "sizePerRequest": 14,
    "sizePerSec": 3604631.1578472853
  },
  "responseTimeHistogram": {
    "0.00004016": 1,
    "0.004423345100000001": 3862038,
    "0.0088065302": 0,
    "0.013189715300000002": 1,
    "0.017572900400000004": 0,
    "0.021956085500000003": 0,
    "0.026339270600000006": 0,
    "0.03072245570000001": 96,
    "0.035105640800000004": 6,
    "0.0394888259": 6,
    "0.043872011": 71
  },
  "latencyPercentiles": {
    "p10": 0.000271973,
    "p25": 0.000311615,
    "p50": 0.000375214,
    "p75": 0.000439723,
    "p90": 0.000471818,
    "p95": 0.000549434,
    "p99": 0.000779244,
    "p99.9": 0.001665636,
    "p99.99": 0.002759161
  },
  "rps": {
    "mean": 258255.4922223898,
    "stddev": 30377.105081456408,
    "max": 320015.00870390626,
    "percentiles": {
      "p10": 229236.4027407384,
      "p25": 241301.63387637713,
      "p50": 259890.52574442155,
      "p75": 277402.7814332085,
      "p90": 291015.5402298479,
      "p95": 297003.3581993614,
      "p99": 307940.0938002,
      "p99.9": 313113.15075233486,
      "p99.99": 320015.00870390626
    }
  },
  "details": {
    "DNSDialup": {
      "average": 0.00006111749033082106,
      "fastest": 9.403e-6,
      "slowest": 0.042939022
    },
    "DNSLookup": {
      "average": 2.5200449966714614e-6,
      "fastest": 1.163e-6,
      "slowest": 0.000716042
    }
  },
  "statusCodeDistribution": {
    "200": 3862219
  },
  "errorDistribution": {
    "aborted due to deadline": 100
  }
}