{
  "summary": {
    "successRate": 1.0,
    "total": 15.000696621,
    "slowest": 0.046737788,
    "fastest": 0.000044636,
    "average": 0.0003831487035493933,
    "requestsPerSec": 260244.11389900878,
    "totalData": 54652402,
    "sizePerRequest": 14,
    "sizePerSec": 3643324.265587119
  },
  "responseTimeHistogram": {
    "0.000044636": 1,
    "0.0047139512": 3903563,
    "0.009383266400000001": 0,
    "0.014052581600000003": 0,
    "0.018721896800000002": 0,
    "0.023391212": 0,
    "0.028060527200000004": 0,
    "0.0327298424": 79,
    "0.0373991576": 0,
    "0.042068472800000006": 0,
    "0.046737788": 100
  },
  "latencyPercentiles": {
    "p10": 0.000270426,
    "p25": 0.000309298,
    "p50": 0.000367607,
    "p75": 0.000435993,
    "p90": 0.000467895,
    "p95": 0.000545919,
    "p99": 0.000776128,
    "p99.9": 0.001633032,
    "p99.99": 0.002474873
  },
  "rps": {
    "mean": 261153.616343642,
    "stddev": 30300.244853505017,
    "max": 321066.20385124354,
    "percentiles": {
      "p10": 231329.96906787917,
      "p25": 245518.92950946657,
      "p50": 263115.6290684035,
      "p75": 280082.4562751397,
      "p90": 292659.2342290025,
      "p95": 298301.98945021274,
      "p99": 308058.9624854346,
      "p99.9": 321006.0925135793,
      "p99.99": 321066.20385124354
    }
  },
  "details": {
    "DNSDialup": {
      "average": 0.00006293385088721121,
      "fastest": 9.42e-6,
      "slowest": 0.030657266
    },
    "DNSLookup": {
      "average": 2.5230286765803023e-6,
      "fastest": 1.171e-6,
      "slowest": 0.000799551
    }
  },
  "statusCodeDistribution": {
    "200": 3903743
  },
  "errorDistribution": {
    "aborted due to deadline": 100
  }
}