{
  "summary": {
    "successRate": 1.0,
    "total": 15.001063751,
    "slowest": 0.077172533,
    "fastest": 0.000037915,
    "average": 0.000378711360193851,
    "requestsPerSec": 263222.7331036292,
    "totalData": 55279294,
    "sizePerRequest": 14,
    "sizePerSec": 3685024.9367359015
  },
  "responseTimeHistogram": {
    "0.000037915": 1,
    "0.0077513768": 3948349,
    "0.0154648386": 0,
    "0.023178300399999997": 0,
    "0.0308917622": 0,
    "0.038605224": 92,
    "0.046318685799999995": 71,
    "0.0540321476": 0,
    "0.0617456094": 0,
    "0.0694590712": 0,
    "0.077172533": 8
  },
  "latencyPercentiles": {
    "p10": 0.000274104,
    "p25": 0.000310448,
    "p50": 0.00036089,
    "p75": 0.000428921,
    "p90": 0.00046212,
    "p95": 0.000539211,
    "p99": 0.000764824,
    "p99.9": 0.001323226,
    "p99.99": 0.002741942
  },
  "rps": {
    "mean": 264104.6260832377,
    "stddev": 27871.77434646294,
    "max": 315230.1405261696,
    "percentiles": {
      "p10": 235997.72665860943,
      "p25": 251046.39337350422,
      "p50": 267789.56085218635,
      "p75": 280804.4873497398,
      "p90": 291609.3314986093,
      "p95": 297667.7223494837,
      "p99": 306176.54139375093,
      "p99.9": 314350.57900816604,
      "p99.99": 315230.1405261696
    }
  },
  "details": {
    "DNSDialup": {
      "average": 0.00006103576352209359,
      "fastest": 9.541e-6,
      "slowest": 0.04284898
    },
    "DNSLookup": {
      "average": 2.551470213783743e-6,
      "fastest": 1.169e-6,
      "slowest": 0.002221716
    }
  },
  "statusCodeDistribution": {
    "200": 3948521
  },
  "errorDistribution": {
    "aborted due to deadline": 100
  }
}