{
  "summary": {
    "successRate": 1.0,
    "total": 15.000784245,
    "slowest": 0.033956174,
    "fastest": 0.00003181,
    "average": 0.0003837233889951616,
    "requestsPerSec": 259827.68209596365,
    "totalData": 54565266,
    "sizePerRequest": 14,
    "sizePerSec": 3637494.2208896494
  },
  "responseTimeHistogram": {
    "0.00003181": 1,
    "0.0034242464": 3897432,
    "0.0068166827999999995": 7,
    "0.010209119199999998": 0,
    "0.013601555599999999": 0,
    "0.016993992": 0,
    "0.020386428399999997": 0,
    "0.023778864799999997": 0,
    "0.027171301199999998": 4,
    "0.030563737599999998": 6,
    "0.033956174": 69
  },
  "latencyPercentiles": {
    "p10": 0.000271048,
    "p25": 0.000310906,
    "p50": 0.000371321,
    "p75": 0.000435182,
    "p90": 0.000469052,
    "p95": 0.000552789,
    "p99": 0.000777489,
    "p99.9": 0.001573835,
    "p99.99": 0.002424882
  },
  "rps": {
    "mean": 260198.16696518552,
    "stddev": 28355.587967944542,
    "max": 320012.03621388227,
    "percentiles": {
      "p10": 231339.5451357627,
      "p25": 244478.37976857342,
      "p50": 261147.4243722988,
      "p75": 278931.9906179867,
      "p90": 291502.3903195975,
      "p95": 297900.3574804649,
      "p99": 307079.38001973653,
      "p99.9": 314846.56107417686,
      "p99.99": 320012.03621388227
    }
  },
  "details": {
    "DNSDialup": {
      "average": 0.0000631242618027041,
      "fastest": 9.471e-6,
      "slowest": 0.032183786
    },
    "DNSLookup": {
      "average": 2.525867836949307e-6,
      "fastest": 1.162e-6,
      "slowest": 0.002286106
    }
  },
  "statusCodeDistribution": {
    "200": 3897519
  },
  "errorDistribution": {
    "aborted due to deadline": 100
  }
}