{
  "summary": {
    "successRate": 1.0,
    "total": 15.000731416,
    "slowest": 0.064817182,
    "fastest": 0.000039236,
    "average": 0.00039218890543157566,
    "requestsPerSec": 254241.93622533156,
    "totalData": 53392010,
    "sizePerRequest": 14,
    "sizePerSec": 3559293.7783721196
  },
  "responseTimeHistogram": {
    "0.000039236": 1,
    "0.0065170306": 3813542,
    "0.0129948252": 0,
    "0.019472619800000004": 0,
    "0.025950414400000003": 7,
    "0.032428209": 65,
    "0.0389060036": 93,
    "0.0453837982": 0,
    "0.0518615928": 0,
    "0.058339387400000005": 0,
    "0.064817182": 7
  },
  "latencyPercentiles": {
    "p10": 0.000276668,
    "p25": 0.000317938,
    "p50": 0.000385861,
    "p75": 0.000441199,
    "p90": 0.000471788,
    "p95": 0.00055808,
    "p99": 0.000782084,
    "p99.9": 0.001566084,
    "p99.99": 0.00245865
  },
  "rps": {
    "mean": 254696.3668516482,
    "stddev": 28914.123481392307,
    "max": 313468.70537421294,
    "percentiles": {
      "p10": 229347.36497011821,
      "p25": 239727.60700521135,
      "p50": 255175.25118157256,
      "p75": 271366.62050533266,
      "p90": 285428.02845194226,
      "p95": 292636.66737442114,
      "p99": 304289.1247106893,
      "p99.9": 311604.58058733284,
      "p99.99": 313468.70537421294
    }
  },
  "details": {
    "DNSDialup": {
      "average": 0.00005937853284081337,
      "fastest": 9.441e-6,
      "slowest": 0.03018229
    },
    "DNSLookup": {
      "average": 2.5179401171823245e-6,
      "fastest": 1.148e-6,
      "slowest": 0.00141735
    }
  },
  "statusCodeDistribution": {
    "200": 3813715
  },
  "errorDistribution": {
    "aborted due to deadline": 100
  }
}