{
  "summary": {
    "successRate": 1.0,
    "total": 15.000497321,
    "slowest": 0.072720988,
    "fastest": 0.00003577,
    "average": 0.0003873941005176709,
    "requestsPerSec": 257375.1334627501,
    "totalData": 54049170,
    "sizePerRequest": 14,
    "sizePerSec": 3603158.538239507
  },
  "responseTimeHistogram": {
    "0.00003577": 1,
    "0.0073042917999999995": 3860476,
    "0.014572813599999998": 0,
    "0.0218413354": 0,
    "0.0291098572": 0,
    "0.036378378999999995": 75,
    "0.04364690079999999": 102,
    "0.050915422599999996": 0,
    "0.05818394439999999": 0,
    "0.0654524662": 0,
    "0.072720988": 1
  },
  "latencyPercentiles": {
    "p10": 0.000272708,
    "p25": 0.000311751,
    "p50": 0.000374221,
    "p75": 0.000436331,
    "p90": 0.000470988,
    "p95": 0.000559256,
    "p99": 0.000799757,
    "p99.9": 0.001633788,
    "p99.99": 0.002597366
  },
  "rps": {
    "mean": 258158.95885067427,
    "stddev": 29548.891803502444,
    "max": 315224.0200703637,
    "percentiles": {
      "p10": 230687.2689938738,
      "p25": 242343.6855711659,
      "p50": 259844.81151346007,
      "p75": 276326.36153489316,
      "p90": 290003.1831325507,
      "p95": 295895.36707680847,
      "p99": 306814.4202777537,
      "p99.9": 312760.86348428717,
      "p99.99": 315224.0200703637
    }
  },
  "details": {
    "DNSDialup": {
      "average": 0.00006265625299023013,
      "fastest": 9.275e-6,
      "slowest": 0.035388785
    },
    "DNSLookup": {
      "average": 2.5162880889383668e-6,
      "fastest": 1.177e-6,
      "slowest": 0.001410012
    }
  },
  "statusCodeDistribution": {
    "200": 3860655
  },
  "errorDistribution": {
    "aborted due to deadline": 100
  }
}