{
  "summary": {
    "successRate": 1.0,
    "total": 15.000553641,
    "slowest": 0.045065763,
    "fastest": 0.000036698,
    "average": 0.000398764825795373,
    "requestsPerSec": 250113.96844349313,
    "totalData": 52524472,
    "sizePerRequest": 14,
    "sizePerSec": 3501502.2283203206
  },
  "responseTimeHistogram": {
    "0.000036698": 1,
    "0.0045396045": 3751567,
    "0.009042511": 1,
    "0.013545417499999999": 0,
    "0.018048324": 21,
    "0.0225512305": 58,
    "0.027054137": 0,
    "0.0315570435": 0,
    "0.03605995": 0,
    "0.0405628565": 0,
    "0.045065763": 100
  },
  "latencyPercentiles": {
    "p10": 0.000282788,
    "p25": 0.000323011,
    "p50": 0.000404381,
    "p75": 0.000444391,
    "p90": 0.000471516,
    "p95": 0.000562176,
    "p99": 0.00078722,
    "p99.9": 0.00161095,
    "p99.99": 0.002776528
  },
  "rps": {
    "mean": 250691.7946265377,
    "stddev": 27897.090411770703,
    "max": 307937.7223710002,
    "percentiles": {
      "p10": 225471.81277238694,
      "p25": 235594.83693013916,
      "p50": 251112.20405310616,
      "p75": 266921.3424422679,
      "p90": 280751.5459838745,
      "p95": 289244.6015176025,
      "p99": 300161.08010749146,
      "p99.9": 307268.5367924636,
      "p99.99": 307937.7223710002
    }
  },
  "details": {
    "DNSDialup": {
      "average": 0.00005736245640059131,
      "fastest": 9.424e-6,
      "slowest": 0.018023842
    },
    "DNSLookup": {
      "average": 2.5055853431523766e-6,
      "fastest": 1.16e-6,
      "slowest": 0.0013323
    }
  },
  "statusCodeDistribution": {
    "200": 3751748
  },
  "errorDistribution": {
    "aborted due to deadline": 100
  }
}