{
  "summary": {
    "successRate": 1.0,
    "total": 15.000341521,
    "slowest": 0.072993778,
    "fastest": 0.00002747,
    "average": 0.0003840012458423664,
    "requestsPerSec": 259615.3557269398,
    "totalData": 54519066,
    "sizePerRequest": 14,
    "sizePerSec": 3634521.648968795
  },
  "responseTimeHistogram": {
    "0.00002747": 1,
    "0.0073241007999999995": 3894045,
    "0.014620731599999999": 0,
    "0.0219173624": 0,
    "0.0292139932": 0,
    "0.036510624": 38,
    "0.0438072548": 129,
    "0.051103885599999996": 0,
    "0.0584005164": 0,
    "0.0656971472": 0,
    "0.072993778": 6
  },
  "latencyPercentiles": {
    "p10": 0.00027306,
    "p25": 0.000311778,
    "p50": 0.000370966,
    "p75": 0.000431961,
    "p90": 0.000465234,
    "p95": 0.000550053,
    "p99": 0.000784038,
    "p99.9": 0.001552894,
    "p99.99": 0.002503446
  },
  "rps": {
    "mean": 260408.41107966081,
    "stddev": 28636.991814555156,
    "max": 317730.75633721374,
    "percentiles": {
      "p10": 233312.6900292881,
      "p25": 245862.20313739218,
      "p50": 261917.05080002767,
      "p75": 277547.26629947266,
      "p90": 289418.46489807783,
      "p95": 296911.19355198,
      "p99": 308100.85094471805,
      "p99.9": 317696.29374665156,
      "p99.99": 317730.75633721374
    }
  },
  "details": {
    "DNSDialup": {
      "average": 0.00006133801131959905,
      "fastest": 9.287e-6,
      "slowest": 0.037825219
    },
    "DNSLookup": {
      "average": 2.5230216071566943e-6,
      "fastest": 1.155e-6,
      "slowest": 0.001404306
    }
  },
  "statusCodeDistribution": {
    "200": 3894219
  },
  "errorDistribution": {
    "aborted due to deadline": 100
  }
}