{
  "summary": {
    "successRate": 1.0,
    "total": 15.000330376,
    "slowest": 0.032477477,
    "fastest": 0.000042038,
    "average": 0.0003888512299567624,
    "requestsPerSec": 256444.28513085702,
    "totalData": 53853086,
    "sizePerRequest": 14,
    "sizePerSec": 3590126.6605542926
  },
  "responseTimeHistogram": {
    "0.000042038": 1,
    "0.0032855818999999995": 3846486,
    "0.0065291258": 82,
    "0.009772669699999998": 0,
    "0.013016213599999998": 1,
    "0.0162597575": 0,
    "0.0195033014": 0,
    "0.0227468453": 0,
    "0.0259903892": 0,
    "0.029233933099999998": 22,
    "0.032477477": 57
  },
  "latencyPercentiles": {
    "p10": 0.000274563,
    "p25": 0.000313157,
    "p50": 0.000383122,
    "p75": 0.000441924,
    "p90": 0.000473033,
    "p95": 0.000545796,
    "p99": 0.00077428,
    "p99.9": 0.001603921,
    "p99.99": 0.002510482
  },
  "rps": {
    "mean": 256769.60558152676,
    "stddev": 28641.27753217719,
    "max": 319402.4004095969,
    "percentiles": {
      "p10": 228364.35382542165,
      "p25": 240343.70149910983,
      "p50": 257708.12508180644,
      "p75": 274280.5013271312,
      "p90": 288574.8475001178,
      "p95": 296052.91132873803,
      "p99": 306883.4242226454,
      "p99.9": 315935.58678027824,
      "p99.99": 319402.4004095969
    }
  },
  "details": {
    "DNSDialup": {
      "average": 0.00005983813426127614,
      "fastest": 9.438e-6,
      "slowest": 0.029227392
    },
    "DNSLookup": {
      "average": 2.5143286052353575e-6,
      "fastest": 1.165e-6,
      "slowest": 0.00087854
    }
  },
  "statusCodeDistribution": {
    "200": 3846649
  },
  "errorDistribution": {
    "aborted due to deadline": 100
  }
}