{
  "summary": {
    "successRate": 1.0,
    "total": 15.000498076,
    "slowest": 0.056648638,
    "fastest": 0.000032753,
    "average": 0.00038039034758305986,
    "requestsPerSec": 262169.3613155462,
    "totalData": 55055994,
    "sizePerRequest": 14,
    "sizePerSec": 3670277.7281833505
  },
  "responseTimeHistogram": {
    "0.000032753": 1,
    "0.0056943415": 3932411,
    "0.01135593": 0,
    "0.0170175185": 0,
    "0.022679107": 59,
    "0.028340695500000002": 0,
    "0.034002284": 0,
    "0.0396638725": 80,
    "0.045325461000000004": 0,
    "0.050987049500000006": 0,
    "0.05664863800000001": 20
  },
  "latencyPercentiles": {
    "p10": 0.000272725,
    "p25": 0.000310667,
    "p50": 0.000367051,
    "p75": 0.000429478,
    "p90": 0.000461958,
    "p95": 0.000539985,
    "p99": 0.000766961,
    "p99.9": 0.00145805,
    "p99.99": 0.0023232
  },
  "rps": {
    "mean": 262644.3734033336,
    "stddev": 28212.73112711773,
    "max": 312810.92840903735,
    "percentiles": {
      "p10": 234930.15130382142,
      "p25": 247906.05420998592,
      "p50": 263648.64317466255,
      "p75": 280272.25418712693,
      "p90": 293062.0412341151,
      "p95": 299342.50663595623,
      "p99": 306905.12531558727,
      "p99.9": 312311.5242952462,
      "p99.99": 312810.92840903735
    }
  },
  "details": {
    "DNSDialup": {
      "average": 0.0000606527516393186,
      "fastest": 9.594e-6,
      "slowest": 0.019834031
    },
    "DNSLookup": {
      "average": 2.525659713200384e-6,
      "fastest": 1.155e-6,
      "slowest": 0.000597263
    }
  },
  "statusCodeDistribution": {
    "200": 3932571
  },
  "errorDistribution": {
    "aborted due to deadline": 100
  }
}