{
  "summary": {
    "successRate": 1.0,
    "total": 15.001058882,
    "slowest": 0.04967496,
    "fastest": 0.000038725,
    "average": 0.0002916722241608689,
    "requestsPerSec": 341440.43032495043,
    "totalData": 71706152,
    "sizePerRequest": 14,
    "sizePerSec": 4780072.697804106
  },
  "responseTimeHistogram": {
    "0.000038725": 1,
    "0.005002348499999999": 5121788,
    "0.009965971999999998": 0,
    "0.014929595499999997": 0,
    "0.019893218999999997": 0,
    "0.024856842499999997": 0,
    "0.029820465999999993": 0,
    "0.0347840895": 0,
    "0.039747713": 2,
    "0.0447113365": 5,
    "0.04967496": 72
  },
  "latencyPercentiles": {
    "p10": 0.000174617,
    "p25": 0.000212956,
    "p50": 0.000262202,
    "p75": 0.000325051,
    "p90": 0.000424354,
    "p95": 0.0005422,
    "p99": 0.00084289,
    "p99.9": 0.001241842,
    "p99.99": 0.001709385
  },
  "rps": {
    "mean": 342324.368274151,
    "stddev": 16706.278540584222,
    "max": 363490.54549482773,
    "percentiles": {
      "p10": 331100.728421611,
      "p25": 338267.40854046494,
      "p50": 344285.4470641565,
      "p75": 349611.5371807264,
      "p90": 353532.0019029582,
      "p95": 355173.25351306086,
      "p99": 358125.1761998783,
      "p99.9": 363041.62253700476,
      "p99.99": 363490.54549482773
    }
  },
  "details": {
    "DNSDialup": {
      "average": 0.00011925644217345413,
      "fastest": 0.000010873,
      "slowest": 0.048378761
    },
    "DNSLookup": {
      "average": 2.539882710760887e-6,
      "fastest": 1.181e-6,
      "slowest": 0.001324916
    }
  },
  "statusCodeDistribution": {
    "200": 5121868
  },
  "errorDistribution": {
    "aborted due to deadline": 100
  }
}