{
  "summary": {
    "successRate": 1.0,
    "total": 15.00044074,
    "slowest": 0.028991099,
    "fastest": 0.000029602,
    "average": 0.00029179712274777966,
    "requestsPerSec": 341412.701717723,
    "totalData": 71697374,
    "sizePerRequest": 14,
    "sizePerSec": 4779684.49345709
  },
  "responseTimeHistogram": {
    "0.000029602": 1,
    "0.0029257517": 5121158,
    "0.0058219014": 3,
    "0.0087180511": 0,
    "0.0116142008": 0,
    "0.0145103505": 0,
    "0.0174065002": 0,
    "0.0203026499": 0,
    "0.0231987996": 0,
    "0.0260949493": 13,
    "0.028991099": 66
  },
  "latencyPercentiles": {
    "p10": 0.000174047,
    "p25": 0.000212441,
    "p50": 0.000261844,
    "p75": 0.000325261,
    "p90": 0.000426119,
    "p95": 0.000547592,
    "p99": 0.000852479,
    "p99.9": 0.001264525,
    "p99.99": 0.001766065
  },
  "rps": {
    "mean": 341822.83056284307,
    "stddev": 16007.73663905309,
    "max": 366074.04302861093,
    "percentiles": {
      "p10": 330022.7715712243,
      "p25": 337245.0896685124,
      "p50": 343801.66215148923,
      "p75": 349500.71826247463,
      "p90": 353067.813131582,
      "p95": 355309.3482680034,
      "p99": 359100.5027407212,
      "p99.9": 363054.45816872455,
      "p99.99": 366074.04302861093
    }
  },
  "details": {
    "DNSDialup": {
      "average": 0.0001191773226784271,
      "fastest": 0.00001046,
      "slowest": 0.027951008
    },
    "DNSLookup": {
      "average": 2.5446906511527455e-6,
      "fastest": 1.189e-6,
      "slowest": 0.001361155
    }
  },
  "statusCodeDistribution": {
    "200": 5121241
  },
  "errorDistribution": {
    "aborted due to deadline": 100
  }
}